pdb_id,group_id,seed,source_slot,atoms,valid_atoms,pairs,raw_active_edges,raw_branch_mismatches,raw,native_local,native_final,ideal_local,ideal_final
3ie9,0072dd8add7a9d9ae2c92c66ffd4af7849b91cc6bd4ee4b24e156e77cb83a832,12345,0,807,807,134109,102,0,0.7665659279741145,0.7521958374996583,0.7547545197387721,0.7525416821403348,0.7543926286307285
3ie9,0072dd8add7a9d9ae2c92c66ffd4af7849b91cc6bd4ee4b24e156e77cb83a832,54321,0,807,807,134109,98,0,0.7630775159311295,0.7507316896071121,0.7545630920761184,0.7513737448649758,0.7526167027327095
4a02,01346c25afe3e7dece8308723752e3816befcc83a75c9126d1d8faf1debe7f11,12345,1,1300,1300,253890,163,0,0.8642884532855936,0.8382601605161257,0.8520309766665121,0.8448633834221095,0.8536630235572495
4a02,01346c25afe3e7dece8308723752e3816befcc83a75c9126d1d8faf1debe7f11,54321,1,1300,1300,253890,156,0,0.8723191067732465,0.8487980933421506,0.8566978505465666,0.8572845482475322,0.8608580346397687
5gu9,01bd6cfdb3f2d3019c1e7489787d722d4b8e9e703a25f4899f8d7228c0f4c6da,12345,2,539,539,73112,65,0,0.8534952327545685,0.8244535947584682,0.8362907470257253,0.8379127766107126,0.8441041506823213
5gu9,01bd6cfdb3f2d3019c1e7489787d722d4b8e9e703a25f4899f8d7228c0f4c6da,54321,2,539,539,73112,66,0,0.8556982766495385,0.8259642472598937,0.8358559128974264,0.8379700696672768,0.8436623959073569
2fc3,022901870b670cb8a8f68c4588c6da43aa3fa2cc58a81137cc5afd8a7aa061f8,12345,3,957,957,164974,116,0,0.8866656666584768,0.8646786335399965,0.8755239963738473,0.873636004369977,0.8799792428354
2fc3,022901870b670cb8a8f68c4588c6da43aa3fa2cc58a81137cc5afd8a7aa061f8,54321,3,957,957,164974,113,0,0.8873728641998597,0.8641567314477152,0.8769990686493054,0.8742491156706181,0.8808691480429436
4b9p,02713dc891a01ad3eb8e81a43a282cbb37d7e12a617c86bff3d91bbd9204dfe8,12345,4,1336,1336,245254,162,1,0.7734536912339212,0.7566521357005206,0.7656059755925415,0.764326850719867,0.7670432312751506
4b9p,02713dc891a01ad3eb8e81a43a282cbb37d7e12a617c86bff3d91bbd9204dfe8,54321,4,1336,1336,245254,151,1,0.7814038407644858,0.7620847417920997,0.771858799768498,0.7709423203582523,0.7751486413388528
3d8l,06ae9c160e97843eff74a485534ecc35e7e28ab988afb09701cb838d2f9c891c,12345,6,743,743,110121,85,0,0.714161160900638,0.6907264450504811,0.6989769367607847,0.7006476801295116,0.7023446059968544
3d8l,06ae9c160e97843eff74a485534ecc35e7e28ab988afb09701cb838d2f9c891c,54321,6,743,743,110121,88,0,0.7240455971809914,0.7025333576421491,0.7114049489676912,0.7120778465671534,0.7146245799328949
1j7b,099569e958ae139a87cc08f1ba8a3f537f540fb6684feb2fefacb373339e330e,12345,7,750,750,118920,90,0,0.9040740815370035,0.8789939729217116,0.893515372341995,0.8932158816051908,0.8989692699800687
1j7b,099569e958ae139a87cc08f1ba8a3f537f540fb6684feb2fefacb373339e330e,54321,7,750,750,118920,94,0,0.9055784504563527,0.8809651050668965,0.8936909082725606,0.8913790440492247,0.8984802135161671
