contrast,space,partition,group,delta_contribution,support_weight,proteins_with_support
native_local-raw,atom,amino_acid,A,-0.0006010781937285199,0.04984268221345683,7
native_local-raw,atom,amino_acid,C,-0.00011159145897516192,0.007170793525497015,4
native_local-raw,atom,amino_acid,D,-0.0009920893339696976,0.0647738659362984,7
native_local-raw,atom,amino_acid,E,-0.0023213175857191423,0.09789338930692837,7
native_local-raw,atom,amino_acid,F,-0.0009082127235178426,0.043417966947595844,6
native_local-raw,atom,amino_acid,G,-0.00047933785201587754,0.037083773844271965,7
native_local-raw,atom,amino_acid,H,-0.00043747902340076516,0.01961830240278344,5
native_local-raw,atom,amino_acid,I,-0.0010495192201295744,0.06570792431697194,7
native_local-raw,atom,amino_acid,K,-0.0018961950419042115,0.08667805480445348,7
native_local-raw,atom,amino_acid,L,-0.0026448518918614394,0.0746687705451127,7
native_local-raw,atom,amino_acid,M,-0.00045771957921691324,0.021665603312277345,5
native_local-raw,atom,amino_acid,N,-0.0004996436776502584,0.03561294057537638,7
native_local-raw,atom,amino_acid,P,-0.0019583732998994345,0.043328025968407,6
native_local-raw,atom,amino_acid,Q,-0.0008293100894882722,0.04087121952693275,6
native_local-raw,atom,amino_acid,R,-0.0021951581974433156,0.05159752084872484,7
native_local-raw,atom,amino_acid,S,-0.0005434340654811772,0.03826587199985998,7
native_local-raw,atom,amino_acid,T,-0.0006488781669493825,0.05790385816080038,7
native_local-raw,atom,amino_acid,V,-0.0012039630341888158,0.08573850552193092,7
native_local-raw,atom,amino_acid,W,-0.0009774380422213629,0.020388897969214632,4
native_local-raw,atom,amino_acid,Y,-0.001459060961877475,0.05777203227310584,6
native_local-raw,atom,atom_class,C,-0.001610225091142177,0.12807077680754583,7
native_local-raw,atom,atom_class,CA,-0.0015457581540919032,0.12807077680754583,7
native_local-raw,atom,atom_class,N,-0.0016122622268551223,0.12807077680754583,7
native_local-raw,atom,atom_class,O,-0.0016939844529047867,0.12807077680754583,7
native_local-raw,atom,atom_class,OXT,-1.4565657153517167e-05,0.001190905591248428,7
native_local-raw,atom,atom_class,sidechain,-0.01573785585749112,0.48652598717856815,7
native_local-raw,atom,position,interior,-0.021947297907012036,0.9813990931619035,7
native_local-raw,atom,position,terminal,-0.00026735353262657854,0.01860090683809635,7
native_local-raw,atom,raw_branch_mismatch,near,4.4961687468091e-06,0.0035286569717707444,1
native_local-raw,atom,raw_branch_mismatch,other,-0.02221914760838544,0.9964713430282293,7
native_local-raw,atom,raw_connection_active,near,-0.02221465143963864,1.0,7
native_local-raw,pair,pair_type,backbone_backbone,-0.00034107341897464193,0.27059897220171863,7
native_local-raw,pair,pair_type,backbone_other,-0.012677308289478348,0.4966774301585738,7
native_local-raw,pair,pair_type,other_other,-0.009196269731185648,0.23272359763970749,7
native_local-raw,pair,separation,1,-0.0005422182101263931,0.05258673874476833,7
native_local-raw,pair,separation,2-4,-0.00258684416214339,0.14922356325654076,7
native_local-raw,pair,separation,5+,-0.019085589067368815,0.798189697998691,7
native_local-raw,pair,threshold,0.5,-0.011454807703181072,0.25,7
native_local-raw,pair,threshold,1.0,-0.006844499977709479,0.25,7
native_local-raw,pair,threshold,2.0,-0.003168407529238607,0.25,7
native_local-raw,pair,threshold,4.0,-0.0007469362295094964,0.25,7
native_final-raw,atom,amino_acid,A,-0.00023179652727819605,0.04984268221345683,7
native_final-raw,atom,amino_acid,C,-5.5571828192443675e-05,0.007170793525497015,4
native_final-raw,atom,amino_acid,D,-0.0004567236257886547,0.0647738659362984,7
native_final-raw,atom,amino_acid,E,-0.0010502353758064051,0.09789338930692837,7
native_final-raw,atom,amino_acid,F,-0.00041064352895357943,0.043417966947595844,6
native_final-raw,atom,amino_acid,G,-0.0001527085986475709,0.037083773844271965,7
native_final-raw,atom,amino_acid,H,-0.00024050747799239707,0.01961830240278344,5
native_final-raw,atom,amino_acid,I,-0.0005561441019618083,0.06570792431697194,7
native_final-raw,atom,amino_acid,K,-0.0008246547663078194,0.08667805480445348,7
native_final-raw,atom,amino_acid,L,-0.002017507161625979,0.0746687705451127,7
native_final-raw,atom,amino_acid,M,-0.0002542311755124173,0.021665603312277345,5
native_final-raw,atom,amino_acid,N,-0.00032090805497510575,0.03561294057537638,7
native_final-raw,atom,amino_acid,P,-0.0015837790123932852,0.043328025968407,6
native_final-raw,atom,amino_acid,Q,-0.0006703980386221128,0.04087121952693275,6
native_final-raw,atom,amino_acid,R,-0.0010145400945152149,0.05159752084872484,7
native_final-raw,atom,amino_acid,S,-0.00033176174161653627,0.03826587199985998,7
native_final-raw,atom,amino_acid,T,-0.0005255496320639934,0.05790385816080038,7
native_final-raw,atom,amino_acid,V,-0.0007877450783597214,0.08573850552193092,7
native_final-raw,atom,amino_acid,W,-0.00044897303556025485,0.020388897969214632,4
native_final-raw,atom,amino_acid,Y,-0.0005249611882247559,0.05777203227310584,6
native_final-raw,atom,atom_class,C,-0.0008705820704335575,0.12807077680754583,7
native_final-raw,atom,atom_class,CA,-0.0008269320599518197,0.12807077680754583,7
native_final-raw,atom,atom_class,N,-0.0008610664848202511,0.12807077680754583,7
native_final-raw,atom,atom_class,O,-0.0011665480422114699,0.12807077680754583,7
native_final-raw,atom,atom_class,OXT,-1.7483010850715473e-05,0.001190905591248428,7
native_final-raw,atom,atom_class,sidechain,-0.008716728376130427,0.48652598717856815,7
native_final-raw,atom,position,interior,-0.012510433050076661,0.9813990931619035,7
native_final-raw,atom,position,terminal,5.109300567838913e-05,0.01860090683809635,7
native_final-raw,atom,raw_branch_mismatch,near,-1.8673552833929482e-05,0.0035286569717707444,1
native_final-raw,atom,raw_branch_mismatch,other,-0.012440666491564325,0.9964713430282293,7
native_final-raw,atom,raw_connection_active,near,-0.012459340044398257,1.0,7
native_final-raw,pair,pair_type,backbone_backbone,-0.00041422200642653964,0.27059897220171863,7
native_final-raw,pair,pair_type,backbone_other,-0.006874332699914685,0.4966774301585738,7
native_final-raw,pair,pair_type,other_other,-0.005170785338057056,0.23272359763970749,7
native_final-raw,pair,separation,1,0.0002761095182517268,0.05258673874476833,7
native_final-raw,pair,separation,2-4,-0.001000747350100879,0.14922356325654076,7
native_final-raw,pair,separation,5+,-0.01173470221254906,0.798189697998691,7
native_final-raw,pair,threshold,0.5,-0.005947600584542572,0.25,7
native_final-raw,pair,threshold,1.0,-0.0039030073517207103,0.25,7
native_final-raw,pair,threshold,2.0,-0.0019234533943097015,0.25,7
native_final-raw,pair,threshold,4.0,-0.00068527871382529,0.25,7
ideal_local-raw,atom,amino_acid,A,-0.00035838015606327346,0.04984268221345683,7
ideal_local-raw,atom,amino_acid,C,-7.982498082122426e-05,0.007170793525497015,4
ideal_local-raw,atom,amino_acid,D,-0.0007390930837204747,0.0647738659362984,7
ideal_local-raw,atom,amino_acid,E,-0.001034218511606608,0.09789338930692837,7
ideal_local-raw,atom,amino_acid,F,-0.00047701365138932365,0.043417966947595844,6
ideal_local-raw,atom,amino_acid,G,-0.00032148499611611453,0.037083773844271965,7
ideal_local-raw,atom,amino_acid,H,-0.00039233377964550617,0.01961830240278344,5
ideal_local-raw,atom,amino_acid,I,-0.0006019876176956067,0.06570792431697194,7
ideal_local-raw,atom,amino_acid,K,-0.0012794516438748298,0.08667805480445348,7
ideal_local-raw,atom,amino_acid,L,-0.0010493466816110658,0.0746687705451127,7
ideal_local-raw,atom,amino_acid,M,-0.0004002427960322511,0.021665603312277345,5
ideal_local-raw,atom,amino_acid,N,-0.00038793068279286075,0.03561294057537638,7
ideal_local-raw,atom,amino_acid,P,-0.0011840224325985582,0.043328025968407,6
ideal_local-raw,atom,amino_acid,Q,-0.0005302049295742896,0.04087121952693275,6
ideal_local-raw,atom,amino_acid,R,-0.0014861559769422537,0.05159752084872484,7
ideal_local-raw,atom,amino_acid,S,-0.0003516580645478762,0.03826587199985998,7
ideal_local-raw,atom,amino_acid,T,-0.0004546375513771144,0.05790385816080038,7
ideal_local-raw,atom,amino_acid,V,-0.0007314045452938436,0.08573850552193092,7
ideal_local-raw,atom,amino_acid,W,-0.0006469818709868411,0.020388897969214632,4
ideal_local-raw,atom,amino_acid,Y,-0.0010492630385374399,0.05777203227310584,6
ideal_local-raw,atom,atom_class,C,-0.0009612457685416345,0.12807077680754583,7
ideal_local-raw,atom,atom_class,CA,-0.000909114366208114,0.12807077680754583,7
ideal_local-raw,atom,atom_class,N,-0.0009334349067641309,0.12807077680754583,7
ideal_local-raw,atom,atom_class,O,-0.000956856576083195,0.12807077680754583,7
ideal_local-raw,atom,atom_class,OXT,-2.1126265888045885e-05,0.001190905591248428,7
ideal_local-raw,atom,atom_class,sidechain,-0.009773859107742252,0.48652598717856815,7
ideal_local-raw,atom,position,interior,-0.013269333721987155,0.9813990931619035,7
ideal_local-raw,atom,position,terminal,-0.0002863032692401977,0.01860090683809635,7
ideal_local-raw,atom,raw_branch_mismatch,near,5.78149989900373e-06,0.0035286569717707444,1
ideal_local-raw,atom,raw_branch_mismatch,other,-0.013561418491126362,0.9964713430282293,7
ideal_local-raw,atom,raw_connection_active,near,-0.013555636991227376,1.0,7
ideal_local-raw,pair,pair_type,backbone_backbone,-0.00016535010571210835,0.27059897220171863,7
ideal_local-raw,pair,pair_type,backbone_other,-0.007539532065223739,0.4966774301585738,7
ideal_local-raw,pair,pair_type,other_other,-0.005850754820291499,0.23272359763970749,7
ideal_local-raw,pair,separation,1,-0.0004300992275607894,0.05258673874476833,7
ideal_local-raw,pair,separation,2-4,-0.0017644816988631928,0.14922356325654076,7
ideal_local-raw,pair,separation,5+,-0.011361056064803301,0.798189697998691,7
ideal_local-raw,pair,threshold,0.5,-0.006714139370161518,0.25,7
ideal_local-raw,pair,threshold,1.0,-0.003925637923625892,0.25,7
ideal_local-raw,pair,threshold,2.0,-0.0022027298276772805,0.25,7
ideal_local-raw,pair,threshold,4.0,-0.0007131298697626655,0.25,7
ideal_final-raw,atom,amino_acid,A,-0.00013489943639491644,0.04984268221345683,7
ideal_final-raw,atom,amino_acid,C,-4.769959730700533e-05,0.007170793525497015,4
ideal_final-raw,atom,amino_acid,D,-0.00039889276916054865,0.0647738659362984,7
ideal_final-raw,atom,amino_acid,E,-0.0005416427572896293,0.09789338930692837,7
ideal_final-raw,atom,amino_acid,F,-0.0004885624899971725,0.043417966947595844,6
ideal_final-raw,atom,amino_acid,G,-8.555619253026978e-05,0.037083773844271965,7
ideal_final-raw,atom,amino_acid,H,-0.0002395214103792749,0.01961830240278344,5
ideal_final-raw,atom,amino_acid,I,-0.0004222598716779067,0.06570792431697194,7
ideal_final-raw,atom,amino_acid,K,-0.0006127735137827836,0.08667805480445348,7
ideal_final-raw,atom,amino_acid,L,-0.0009925518890354487,0.0746687705451127,7
ideal_final-raw,atom,amino_acid,M,-0.00024074398909807023,0.021665603312277345,5
ideal_final-raw,atom,amino_acid,N,-0.0002807188183122014,0.03561294057537638,7
ideal_final-raw,atom,amino_acid,P,-0.0009755487334809267,0.043328025968407,6
ideal_final-raw,atom,amino_acid,Q,-0.0005774682557212683,0.04087121952693275,6
ideal_final-raw,atom,amino_acid,R,-0.0008764904782388623,0.05159752084872484,7
ideal_final-raw,atom,amino_acid,S,-0.0002234753797940681,0.03826587199985998,7
ideal_final-raw,atom,amino_acid,T,-0.0004783203565142812,0.05790385816080038,7
ideal_final-raw,atom,amino_acid,V,-0.0005680002325671166,0.08573850552193092,7
ideal_final-raw,atom,amino_acid,W,-0.00036941367128412266,0.020388897969214632,4
ideal_final-raw,atom,amino_acid,Y,-0.0004057456739665128,0.05777203227310584,6
ideal_final-raw,atom,atom_class,C,-0.000637756841861092,0.12807077680754583,7
ideal_final-raw,atom,atom_class,CA,-0.0005759557693021865,0.12807077680754583,7
ideal_final-raw,atom,atom_class,N,-0.0005676737218370977,0.12807077680754583,7
ideal_final-raw,atom,atom_class,O,-0.0007998799669912483,0.12807077680754583,7
ideal_final-raw,atom,atom_class,OXT,-2.3519413419431775e-05,0.001190905591248428,7
ideal_final-raw,atom,atom_class,sidechain,-0.006355499803121318,0.48652598717856815,7
ideal_final-raw,atom,position,interior,-0.0089894929227926,0.9813990931619035,7
ideal_final-raw,atom,position,terminal,2.92074062602257e-05,0.01860090683809635,7
ideal_final-raw,atom,raw_branch_mismatch,near,-2.0605812332040972e-05,0.0035286569717707444,1
ideal_final-raw,atom,raw_branch_mismatch,other,-0.008939679704200352,0.9964713430282293,7
ideal_final-raw,atom,raw_connection_active,near,-0.008960285516532393,1.0,7
ideal_final-raw,pair,pair_type,backbone_backbone,-0.000293044237515791,0.27059897220171863,7
ideal_final-raw,pair,pair_type,backbone_other,-0.004836197939568168,0.4966774301585738,7
ideal_final-raw,pair,pair_type,other_other,-0.0038310433394483983,0.23272359763970749,7
ideal_final-raw,pair,separation,1,0.0002793932560768257,0.05258673874476833,7
ideal_final-raw,pair,separation,2-4,-0.0005769930286562489,0.14922356325654076,7
ideal_final-raw,pair,separation,5+,-0.008662685743952967,0.798189697998691,7
ideal_final-raw,pair,threshold,0.5,-0.003891210300408836,0.25,7
ideal_final-raw,pair,threshold,1.0,-0.002586429767430692,0.25,7
ideal_final-raw,pair,threshold,2.0,-0.0016984680722896095,0.25,7
ideal_final-raw,pair,threshold,4.0,-0.0007841773764032509,0.25,7
native_final-native_local,atom,amino_acid,A,0.0003692816664503238,0.04984268221345683,7
native_final-native_local,atom,amino_acid,C,5.6019630782718254e-05,0.007170793525497015,4
native_final-native_local,atom,amino_acid,D,0.000535365708181043,0.0647738659362984,7
native_final-native_local,atom,amino_acid,E,0.0012710822099127367,0.09789338930692837,7
native_final-native_local,atom,amino_acid,F,0.0004975691945642631,0.043417966947595844,6
native_final-native_local,atom,amino_acid,G,0.00032662925336830663,0.037083773844271965,7
native_final-native_local,atom,amino_acid,H,0.00019697154540836812,0.01961830240278344,5
native_final-native_local,atom,amino_acid,I,0.000493375118167766,0.06570792431697194,7
native_final-native_local,atom,amino_acid,K,0.0010715402755963922,0.08667805480445348,7
native_final-native_local,atom,amino_acid,L,0.0006273447302354606,0.0746687705451127,7
native_final-native_local,atom,amino_acid,M,0.00020348840370449593,0.021665603312277345,5
native_final-native_local,atom,amino_acid,N,0.00017873562267515264,0.03561294057537638,7
native_final-native_local,atom,amino_acid,P,0.00037459428750614927,0.043328025968407,6
native_final-native_local,atom,amino_acid,Q,0.0001589120508661594,0.04087121952693275,6
native_final-native_local,atom,amino_acid,R,0.001180618102928101,0.05159752084872484,7
native_final-native_local,atom,amino_acid,S,0.00021167232386464088,0.03826587199985998,7
native_final-native_local,atom,amino_acid,T,0.00012332853488538901,0.05790385816080038,7
native_final-native_local,atom,amino_acid,V,0.0004162179558290944,0.08573850552193092,7
native_final-native_local,atom,amino_acid,W,0.000528465006661108,0.020388897969214632,4
native_final-native_local,atom,amino_acid,Y,0.000934099773652719,0.05777203227310584,6
native_final-native_local,atom,atom_class,C,0.0007396430207086195,0.12807077680754583,7
native_final-native_local,atom,atom_class,CA,0.0007188260941400834,0.12807077680754583,7
native_final-native_local,atom,atom_class,N,0.0007511957420348712,0.12807077680754583,7
native_final-native_local,atom,atom_class,O,0.0005274364106933169,0.12807077680754583,7
native_final-native_local,atom,atom_class,OXT,-2.917353697198306e-06,0.001190905591248428,7
native_final-native_local,atom,atom_class,sidechain,0.007021127481360689,0.48652598717856815,7
native_final-native_local,atom,position,interior,0.009436864856935376,0.9813990931619035,7
native_final-native_local,atom,position,terminal,0.0003184465383049677,0.01860090683809635,7
native_final-native_local,atom,raw_branch_mismatch,near,-2.316972158073858e-05,0.0035286569717707444,1
native_final-native_local,atom,raw_branch_mismatch,other,0.009778481116821114,0.9964713430282293,7
native_final-native_local,atom,raw_connection_active,near,0.009755311395240385,1.0,7
native_final-native_local,pair,pair_type,backbone_backbone,-7.31485874518977e-05,0.27059897220171863,7
native_final-native_local,pair,pair_type,backbone_other,0.005802975589563664,0.4966774301585738,7
native_final-native_local,pair,pair_type,other_other,0.004025484393128593,0.23272359763970749,7
native_final-native_local,pair,separation,1,0.0008183277283781198,0.05258673874476833,7
native_final-native_local,pair,separation,2-4,0.0015860968120425107,0.14922356325654076,7
native_final-native_local,pair,separation,5+,0.007350886854819756,0.798189697998691,7
native_final-native_local,pair,threshold,0.5,0.0055072071186385,0.25,7
native_final-native_local,pair,threshold,1.0,0.0029414926259887686,0.25,7
native_final-native_local,pair,threshold,2.0,0.0012449541349289059,0.25,7
native_final-native_local,pair,threshold,4.0,6.165751568420632e-05,0.25,7
ideal_final-ideal_local,atom,amino_acid,A,0.00022348071966835702,0.04984268221345683,7
ideal_final-ideal_local,atom,amino_acid,C,3.212538351421893e-05,0.007170793525497015,4
ideal_final-ideal_local,atom,amino_acid,D,0.00034020031455992604,0.0647738659362984,7
ideal_final-ideal_local,atom,amino_acid,E,0.0004925757543169788,0.09789338930692837,7
ideal_final-ideal_local,atom,amino_acid,F,-1.1548838607848828e-05,0.043417966947595844,6
ideal_final-ideal_local,atom,amino_acid,G,0.00023592880358584478,0.037083773844271965,7
ideal_final-ideal_local,atom,amino_acid,H,0.0001528123692662313,0.01961830240278344,5
ideal_final-ideal_local,atom,amino_acid,I,0.00017972774601770006,0.06570792431697194,7
ideal_final-ideal_local,atom,amino_acid,K,0.0006666781300920462,0.08667805480445348,7
ideal_final-ideal_local,atom,amino_acid,L,5.6794792575617135e-05,0.0746687705451127,7
ideal_final-ideal_local,atom,amino_acid,M,0.00015949880693418085,0.021665603312277345,5
ideal_final-ideal_local,atom,amino_acid,N,0.00010721186448065934,0.03561294057537638,7
ideal_final-ideal_local,atom,amino_acid,P,0.00020847369911763152,0.043328025968407,6
ideal_final-ideal_local,atom,amino_acid,Q,-4.726332614697874e-05,0.04087121952693275,6
ideal_final-ideal_local,atom,amino_acid,R,0.0006096654987033914,0.05159752084872484,7
ideal_final-ideal_local,atom,amino_acid,S,0.00012818268475380809,0.03826587199985998,7
ideal_final-ideal_local,atom,amino_acid,T,-2.3682805137166828e-05,0.05790385816080038,7
ideal_final-ideal_local,atom,amino_acid,V,0.0001634043127267269,0.08573850552193092,7
ideal_final-ideal_local,atom,amino_acid,W,0.0002775681997027184,0.020388897969214632,4
ideal_final-ideal_local,atom,amino_acid,Y,0.000643517364570927,0.05777203227310584,6
ideal_final-ideal_local,atom,atom_class,C,0.00032348892668054255,0.12807077680754583,7
ideal_final-ideal_local,atom,atom_class,CA,0.00033315859690592753,0.12807077680754583,7
ideal_final-ideal_local,atom,atom_class,N,0.0003657611849270332,0.12807077680754583,7
ideal_final-ideal_local,atom,atom_class,O,0.00015697660909194666,0.12807077680754583,7
ideal_final-ideal_local,atom,atom_class,OXT,-2.393147531385889e-06,0.001190905591248428,7
ideal_final-ideal_local,atom,atom_class,sidechain,0.0034183593046209332,0.48652598717856815,7
ideal_final-ideal_local,atom,position,interior,0.004279840799194555,0.9813990931619035,7
ideal_final-ideal_local,atom,position,terminal,0.0003155106755004234,0.01860090683809635,7
ideal_final-ideal_local,atom,raw_branch_mismatch,near,-2.6387312231044703e-05,0.0035286569717707444,1
ideal_final-ideal_local,atom,raw_branch_mismatch,other,0.004621738786926011,0.9964713430282293,7
ideal_final-ideal_local,atom,raw_connection_active,near,0.004595351474694983,1.0,7
ideal_final-ideal_local,pair,pair_type,backbone_backbone,-0.00012769413180368266,0.27059897220171863,7
ideal_final-ideal_local,pair,pair_type,backbone_other,0.002703334125655571,0.4966774301585738,7
ideal_final-ideal_local,pair,pair_type,other_other,0.002019711480843101,0.23272359763970749,7
ideal_final-ideal_local,pair,separation,1,0.0007094924836376151,0.05258673874476833,7
ideal_final-ideal_local,pair,separation,2-4,0.001187488670206944,0.14922356325654076,7
ideal_final-ideal_local,pair,separation,5+,0.0026983703208503357,0.798189697998691,7
ideal_final-ideal_local,pair,threshold,0.5,0.0028229290697526816,0.25,7
ideal_final-ideal_local,pair,threshold,1.0,0.0013392081561952002,0.25,7
ideal_final-ideal_local,pair,threshold,2.0,0.0005042617553876709,0.25,7
ideal_final-ideal_local,pair,threshold,4.0,-7.104750664058532e-05,0.25,7
ideal_local-native_local,atom,amino_acid,A,0.00024269803766524645,0.04984268221345683,7
ideal_local-native_local,atom,amino_acid,C,3.1766478153937675e-05,0.007170793525497015,4
ideal_local-native_local,atom,amino_acid,D,0.000252996250249223,0.0647738659362984,7
ideal_local-native_local,atom,amino_acid,E,0.001287099074112534,0.09789338930692837,7
ideal_local-native_local,atom,amino_acid,F,0.000431199072128519,0.043417966947595844,6
ideal_local-native_local,atom,amino_acid,G,0.000157852855899763,0.037083773844271965,7
ideal_local-native_local,atom,amino_acid,H,4.5145243755259e-05,0.01961830240278344,5
ideal_local-native_local,atom,amino_acid,I,0.00044753160243396755,0.06570792431697194,7
ideal_local-native_local,atom,amino_acid,K,0.0006167433980293817,0.08667805480445348,7
ideal_local-native_local,atom,amino_acid,L,0.0015955052102503736,0.0746687705451127,7
ideal_local-native_local,atom,amino_acid,M,5.747678318466215e-05,0.021665603312277345,5
ideal_local-native_local,atom,amino_acid,N,0.00011171299485739765,0.03561294057537638,7
ideal_local-native_local,atom,amino_acid,P,0.0007743508673008762,0.043328025968407,6
ideal_local-native_local,atom,amino_acid,Q,0.00029910515991398264,0.04087121952693275,6
ideal_local-native_local,atom,amino_acid,R,0.0007090022205010619,0.05159752084872484,7
ideal_local-native_local,atom,amino_acid,S,0.00019177600093330096,0.03826587199985998,7
ideal_local-native_local,atom,amino_acid,T,0.00019424061557226806,0.05790385816080038,7
ideal_local-native_local,atom,amino_acid,V,0.0004725584888949723,0.08573850552193092,7
ideal_local-native_local,atom,amino_acid,W,0.00033045617123452176,0.020388897969214632,4
ideal_local-native_local,atom,amino_acid,Y,0.00040979792334003507,0.05777203227310584,6
ideal_local-native_local,atom,atom_class,C,0.0006489793226005425,0.12807077680754583,7
ideal_local-native_local,atom,atom_class,CA,0.0006366437878837892,0.12807077680754583,7
ideal_local-native_local,atom,atom_class,N,0.0006788273200909913,0.12807077680754583,7
ideal_local-native_local,atom,atom_class,O,0.0007371278768215916,0.12807077680754583,7
ideal_local-native_local,atom,atom_class,OXT,-6.56060873452872e-06,0.001190905591248428,7
ideal_local-native_local,atom,atom_class,sidechain,0.0059639967497488655,0.48652598717856815,7
ideal_local-native_local,atom,position,interior,0.008677964185024882,0.9813990931619035,7
ideal_local-native_local,atom,position,terminal,-1.894973661361912e-05,0.01860090683809635,7
ideal_local-native_local,atom,raw_branch_mismatch,near,1.2853311521946305e-06,0.0035286569717707444,1
ideal_local-native_local,atom,raw_branch_mismatch,other,0.008657729117259079,0.9964713430282293,7
ideal_local-native_local,atom,raw_connection_active,near,0.008659014448411264,1.0,7
ideal_local-native_local,pair,pair_type,backbone_backbone,0.00017572331326253361,0.27059897220171863,7
ideal_local-native_local,pair,pair_type,backbone_other,0.00513777622425461,0.4966774301585738,7
ideal_local-native_local,pair,pair_type,other_other,0.0033455149108941496,0.23272359763970749,7
ideal_local-native_local,pair,separation,1,0.00011211898256560363,0.05258673874476833,7
ideal_local-native_local,pair,separation,2-4,0.0008223624632801971,0.14922356325654076,7
ideal_local-native_local,pair,separation,5+,0.007724533002565513,0.798189697998691,7
ideal_local-native_local,pair,threshold,0.5,0.004740668333019555,0.25,7
ideal_local-native_local,pair,threshold,1.0,0.002918862054083587,0.25,7
ideal_local-native_local,pair,threshold,2.0,0.000965677701561327,0.25,7
ideal_local-native_local,pair,threshold,4.0,3.380635974683085e-05,0.25,7
ideal_final-native_final,atom,amino_acid,A,9.689709088327963e-05,0.04984268221345683,7
ideal_final-native_final,atom,amino_acid,C,7.872230885438349e-06,0.007170793525497015,4
ideal_final-native_final,atom,amino_acid,D,5.7830856628106035e-05,0.0647738659362984,7
ideal_final-native_final,atom,amino_acid,E,0.0005085926185167759,0.09789338930692837,7
ideal_final-native_final,atom,amino_acid,F,-7.791896104359304e-05,0.043417966947595844,6
ideal_final-native_final,atom,amino_acid,G,6.715240611730113e-05,0.037083773844271965,7
ideal_final-native_final,atom,amino_acid,H,9.860676131221994e-07,0.01961830240278344,5
ideal_final-native_final,atom,amino_acid,I,0.00013388423028390162,0.06570792431697194,7
ideal_final-native_final,atom,amino_acid,K,0.00021188125252503569,0.08667805480445348,7
ideal_final-native_final,atom,amino_acid,L,0.0010249552725905304,0.0746687705451127,7
ideal_final-native_final,atom,amino_acid,M,1.348718641434709e-05,0.021665603312277345,5
ideal_final-native_final,atom,amino_acid,N,4.0189236662904366e-05,0.03561294057537638,7
ideal_final-native_final,atom,amino_acid,P,0.0006082302789123586,0.043328025968407,6
ideal_final-native_final,atom,amino_acid,Q,9.29297829008445e-05,0.04087121952693275,6
ideal_final-native_final,atom,amino_acid,R,0.00013804961627635247,0.05159752084872484,7
ideal_final-native_final,atom,amino_acid,S,0.00010828636182246816,0.03826587199985998,7
ideal_final-native_final,atom,amino_acid,T,4.722927554971221e-05,0.05790385816080038,7
ideal_final-native_final,atom,amino_acid,V,0.00021974484579260475,0.08573850552193092,7
ideal_final-native_final,atom,amino_acid,W,7.955936427613221e-05,0.020388897969214632,4
ideal_final-native_final,atom,amino_acid,Y,0.00011921551425824303,0.05777203227310584,6
ideal_final-native_final,atom,atom_class,C,0.00023282522857246551,0.12807077680754583,7
ideal_final-native_final,atom,atom_class,CA,0.0002509762906496333,0.12807077680754583,7
ideal_final-native_final,atom,atom_class,N,0.0002933927629831533,0.12807077680754583,7
ideal_final-native_final,atom,atom_class,O,0.0003666680752202215,0.12807077680754583,7
ideal_final-native_final,atom,atom_class,OXT,-6.036402568716303e-06,0.001190905591248428,7
ideal_final-native_final,atom,atom_class,sidechain,0.0023612285730091093,0.48652598717856815,7
ideal_final-native_final,atom,position,interior,0.0035209401272840606,0.9813990931619035,7
ideal_final-native_final,atom,position,terminal,-2.188559941816343e-05,0.01860090683809635,7
ideal_final-native_final,atom,raw_branch_mismatch,near,-1.932259498111491e-06,0.0035286569717707444,1
ideal_final-native_final,atom,raw_branch_mismatch,other,0.003500986787363975,0.9964713430282293,7
ideal_final-native_final,atom,raw_connection_active,near,0.0034990545278658636,1.0,7
ideal_final-native_final,pair,pair_type,backbone_backbone,0.00012117776891074865,0.27059897220171863,7
ideal_final-native_final,pair,pair_type,backbone_other,0.0020381347603465167,0.4966774301585738,7
ideal_final-native_final,pair,pair_type,other_other,0.0013397419986086575,0.23272359763970749,7
ideal_final-native_final,pair,separation,1,3.283737825098891e-06,0.05258673874476833,7
ideal_final-native_final,pair,separation,2-4,0.0004237543214446302,0.14922356325654076,7
ideal_final-native_final,pair,separation,5+,0.0030720164685960932,0.798189697998691,7
ideal_final-native_final,pair,threshold,0.5,0.0020563902841337365,0.25,7
ideal_final-native_final,pair,threshold,1.0,0.0013165775842900185,0.25,7
ideal_final-native_final,pair,threshold,2.0,0.0002249853220200921,0.25,7
ideal_final-native_final,pair,threshold,4.0,-9.889866257796079e-05,0.25,7
