parent_index,position,pdb_id,source_aa,role,label_energy,mean_energy,centered_energy,label_mean,prediction_mean,mse,mean_error,centered_error,prediction_centered_energy,old_new_rho,centered_cosine,centered_noise_mse,old_centered_energy,new_centered_energy,within_old_disagreement,within_new_disagreement,old_select_new_regret
0,49,5oi7,A,confirmation_candidate,28.15571238661556,8.185614223888521,19.970098162727037,2.8610512445408105,0.0,28.15571238661556,8.185614223888521,19.970098162727037,0.0,-0.531578947368421,-0.3910673781662436,25.05086182868477,19.970098162727037,1.220074419054176,70.7460198225577,5.836426928819582,0.0
0,53,5oi7,D,confirmation_candidate,87.6471097168361,87.64119163435734,0.005918082478757605,9.361687435198707,0.0,87.6471097168361,87.64119163435734,0.005918082478757605,0.0,0.012280701754385965,0.15309005218210664,0.007077261617832931,0.005918082478757605,0.002285142013482074,0.017021779532052826,0.0057484230373831815,0.11536828833585488
0,45,5oi7,L,confirmation_candidate,82.96775619361506,81.82469609221164,1.143060101403394,9.045700420211341,0.0,82.96775619361506,81.82469609221164,1.143060101403394,0.0,0.4245614035087719,-0.7508242904389756,1.3776677741469687,1.143060101403394,0.018173765271295744,5.302102682228051,0.02591557938279529,0.6508800303527789
0,79,5oi7,T,confirmation_candidate,7.278653490671822,0.07823950735814293,7.200413983313681,0.27971325917471795,0.0,7.278653490671822,0.07823950735814293,7.200413983313681,0.0,-0.3701754385964912,0.4300436906510857,6.091963603503494,7.200413983313681,0.4645044629547805,23.479585449685384,12.556106317186865,0.0
1,42,1c5e,A,confirmation_candidate,0.02564453700699346,0.009547104101228396,0.01609743290576506,0.09770928359796932,0.0,0.02564453700699346,0.009547104101228396,0.01609743290576506,0.0,0.9736842105263157,0.9982421116553148,0.00017415501918368475,0.01609743290576506,0.013411451529004864,0.0001441416438474174,0.000762130251002966,0.012398269401521597
1,35,1c5e,D,confirmation_candidate,0.0010477638718118182,0.00041014987671254404,0.0006376139950992741,0.02025215733477656,0.0,0.0010477638718118182,0.00041014987671254404,0.0006376139950992741,0.0,0.9526315789473684,0.991341458641627,1.110676752438604e-05,0.0006376139950992741,0.0006435593217951102,2.9162021754539437e-05,0.00010053385595774377,0.0
1,12,1c5e,L,confirmation_candidate,0.007264455189269846,0.0029184516549670904,0.004346003534302755,0.05402269573954164,0.0,0.007264455189269846,0.0029184516549670904,0.004346003534302755,0.0,0.956140350877193,0.9892493605913125,0.00014346437064269323,0.004346003534302755,0.003376494682195628,8.32363109614058e-05,0.0001462947126234547,0.0
1,38,1c5e,T,confirmation_candidate,0.007199658786661875,0.0011170150090558143,0.00608264377760606,0.03342177447497087,0.0,0.007199658786661875,0.0011170150090558143,0.00608264377760606,0.0,0.843859649122807,0.9968805825801339,7.98917323701376e-05,0.00608264377760606,0.0050789994473498315,3.0800326672907126e-05,0.0003076212225551005,0.0
2,75,4gn0,A,confirmation_candidate,0.002651890468354611,3.982331056333138e-06,0.002647908137298278,-0.001995577875286539,0.0,0.002651890468354611,3.982331056333138e-06,0.002647908137298278,0.0,0.8070175438596491,0.8019575678745646,0.000947643776009494,0.002647908137298278,0.0018412958998679997,0.002753453452071324,0.0029743655757018517,0.018064283787168733
2,29,4gn0,D,confirmation_candidate,0.01793655414714154,0.005629428537432032,0.012307125609709505,-0.07502951777422025,0.0,0.01793655414714154,0.005629428537432032,0.012307125609709505,0.0,0.8912280701754386,0.930791975113009,0.005576938513318627,0.012307125609709505,0.027545521530435452,0.009021251506916322,0.028925519631394916,0.051368955902471924
2,23,4gn0,L,confirmation_candidate,0.017669446314746703,0.0006762477633860307,0.016993198551360673,0.026004764244000188,0.0,0.017669446314746703,0.0006762477633860307,0.016993198551360673,0.0,0.6859649122807018,0.9167850408147564,0.004523098853311205,0.016993198551360673,0.026271488268149117,0.015022986533495682,0.006228738400884202,0.048278952661775065
2,45,4gn0,T,confirmation_candidate,0.006360798963769948,0.0034334369397956816,0.0029273620239742676,-0.0585955368590107,0.0,0.006360798963769948,0.0034334369397956816,0.0029273620239742676,0.0,0.6385964912280702,0.619633120405617,0.002648046850986002,0.0029273620239742676,0.003917239779764012,0.01337514953752642,0.0052994978811924985,0.0
3,54,1v70,A,train,5.2475700882652095e-05,2.07989665056589e-06,5.0395804232086195e-05,-0.0014421846797708989,0.0,5.2475700882652095e-05,2.07989665056589e-06,5.0395804232086195e-05,0.0,0.9684210526315788,0.9868604736995633,1.448745446766934e-06,5.0395804232086195e-05,4.410161604667264e-05,5.270807781106111e-06,3.154849318582133e-06,0.0
3,4,1v70,D,train,0.0003901126635544664,0.00029395624443908535,9.615641911538105e-05,-0.017145152213937483,0.0,0.0003901126635544664,0.00029395624443908535,9.615641911538105e-05,0.0,0.9771929824561404,0.9656189143648899,6.86114229930708e-06,9.615641911538105e-05,7.86131084594645e-05,9.817474549561272e-06,6.982809836499092e-06,0.003954172196630232
3,69,1v70,L,train,6.674733710838001e-06,1.9927577476965236e-06,4.681975963141478e-06,0.0014116507173152018,0.0,6.674733710838001e-06,1.9927577476965236e-06,4.681975963141478e-06,0.0,0.6280701754385966,0.7893809819455981,3.855541104270873e-06,4.681975963141478e-06,9.948250713124618e-06,6.390418392495187e-06,8.747890243096292e-06,0.001281542935194016
3,100,1v70,T,train,8.2626701447022e-05,1.808410775658918e-05,6.45425936904328e-05,0.004252541329204124,0.0,8.2626701447022e-05,1.808410775658918e-05,6.45425936904328e-05,0.0,0.9578947368421052,0.9899382156619042,1.3777395167956675e-06,6.45425936904328e-05,6.79852693502507e-05,5.692544565519847e-06,5.351114851304366e-06,0.0015633231581790724
4,30,1ub9,A,train,0.0018758854104870114,0.00018075539007094345,0.0016951300204160677,-0.01344453011714963,0.0,0.0018758854104870114,0.00018075539007094345,0.0016951300204160677,0.0,0.9052631578947368,0.9691313784560449,0.000325414171416377,0.0016951300204160677,0.0030045019611690846,0.0013894558784306873,0.00032254496429851985,0.0
4,40,1ub9,D,train,0.0072851179719670865,0.0036465443863689813,0.003638573585598108,0.06038662423392271,0.0,0.0072851179719670865,0.0036465443863689813,0.003638573585598108,0.0,0.9403508771929823,0.9639640191917305,0.0005659138193856037,0.003638573585598108,0.005731730214245548,0.0012708697448174148,0.0012537024584449424,0.0
4,12,1ub9,L,train,0.050662413140337856,0.024218971969093863,0.026443441171244003,0.15562445813269155,0.0,0.050662413140337856,0.024218971969093863,0.026443441171244003,0.0,0.8807017543859648,0.987592244254516,0.0008393809718730427,0.026443441171244003,0.021583424797258097,0.005281983999791215,0.0014570227464542277,0.0
4,61,1ub9,T,train,0.0007501642745152613,0.0003705006980816599,0.0003796635764336014,0.01924839468843207,0.0,0.0007501642745152613,0.0003705006980816599,0.0003796635764336014,0.0,0.7017543859649124,0.7522414461518279,0.00019625873823010486,0.0003796635764336014,0.0004106307058496809,0.0003017183040156181,0.0006210459565574682,0.0
5,92,2wpq,A,train,0.1173313897641495,0.0001108032255255166,0.117220586538624,-0.01052631110719784,0.0,0.1173313897641495,0.0001108032255255166,0.117220586538624,0.0,0.368421052631579,0.5248080100759702,0.08713784674825445,0.117220586538624,0.017622477573327945,0.37719612735283486,0.037206486778041455,0.0
5,68,2wpq,D,train,0.10505978086410254,0.007505289544271684,0.09755449131983086,-0.08663307419381863,0.0,0.10505978086410254,0.007505289544271684,0.09755449131983086,0.0,0.9035087719298246,0.9478245864534091,0.021921747730029778,0.09755449131983086,0.034768235303996246,0.059908283373663766,0.01141388184070924,0.11380099073605798
5,97,2wpq,L,train,0.21214105770662783,0.009015446014189566,0.20312561169243826,0.09494970254924218,0.0,0.21214105770662783,0.009015446014189566,0.20312561169243826,0.0,0.6263157894736843,0.4366387295292072,0.1681381288237801,0.20312561169243826,0.018398892865293143,0.6982002171528157,0.06182285209697048,0.0
5,44,2wpq,T,train,1.0203891605950914,0.6707176174881677,0.34967154310692367,0.818973514521787,0.0,1.0203891605950914,0.6707176174881677,0.34967154310692367,0.0,0.8614035087719297,0.865980982066802,0.12227231028748879,0.34967154310692367,0.10592387116221844,0.8787420338547879,0.1594581890432314,0.0
6,36,3vub,A,train,0.00020537550905119382,8.356424781605126e-05,0.00012181126123514257,0.009141348249358585,0.0,0.00020537550905119382,8.356424781605126e-05,0.00012181126123514257,0.0,-0.05263157894736842,-0.15524931896883595,0.41893318216060454,0.00012181126123514257,0.4165994846764795,2.0760967953862308e-05,1.681334681156445,1.0138052214735336
6,88,3vub,D,train,9.261404051094355e-05,3.8496905941348576e-05,5.411713456959497e-05,0.006204587491634603,0.0,9.261404051094355e-05,3.8496905941348576e-05,5.411713456959497e-05,0.0,-0.11403508771929824,-0.002152034572023579,0.2808766856252776,5.411713456959497e-05,0.28080579012464296,2.701269995866759e-06,1.1233888209714062,0.7153957274468091
6,40,3vub,L,train,0.0008962578537853666,0.0001034782946978666,0.0007927795590875002,0.010172428161351969,0.0,0.0008962578537853666,0.0001034782946978666,0.0007927795590875002,0.0,0.6157894736842106,0.9430795595351061,0.0008696309347597094,0.0007927795590875002,0.0029721051272174662,5.006376836509068e-06,0.003780440904986222,0.0
6,6,3vub,T,train,0.00015709763477951693,0.00011376283877551866,4.333479600399825e-05,0.01066596637794807,0.0,0.00015709763477951693,0.00011376283877551866,4.333479600399825e-05,0.0,-0.39824561403508774,-0.4674678663623925,0.24796370695009715,4.333479600399825e-05,0.24487477706414418,1.039928719183418e-05,0.9904667550205797,0.6779181003438979
7,56,3nxa,A,train,0.009410874044788853,0.004840918429557665,0.004569955615231188,-0.06957670895894448,0.0,0.009410874044788853,0.004840918429557665,0.004569955615231188,0.0,0.9543859649122807,0.9590716524269607,0.00044672831695753115,0.004569955615231188,0.005445816618146074,0.0010766476211208544,0.0017820239415235837,0.0
7,74,3nxa,D,train,0.0016200764066822747,0.0003831347951962442,0.001236941611486031,-0.019573829344209686,0.0,0.0016200764066822747,0.0003831347951962442,0.001236941611486031,0.0,0.6789473684210526,0.44256496736644685,0.0383935830039048,0.001236941611486031,0.04366138822907818,0.0006125588250768859,0.1579037670166552,0.0
7,39,3nxa,L,train,0.01011913185450465,0.004814739634676797,0.005304392219827852,-0.06938832491620472,0.0,0.01011913185450465,0.004814739634676797,0.005304392219827852,0.0,0.9456140350877192,0.4046057925701752,0.0704875655363908,0.005304392219827852,0.08206670966507523,0.0012806578179425311,0.27473864609539117,0.0
7,3,3nxa,T,train,0.017307608028968545,0.01215316190115063,0.005154446127817919,0.11024138016711615,0.0,0.017307608028968545,0.01215316190115063,0.005154446127817919,0.0,0.8052631578947368,0.9729762663582527,0.0002775267106021159,0.005154446127817919,0.005112157829581888,0.00033646315148815195,0.0007765094232989938,0.0
8,48,2v66,A,train,9.494095324275335,5.523605548210528,3.970489776064806,2.350235211252382,0.0,9.494095324275335,5.523605548210528,3.970489776064806,0.0,0.7859649122807018,0.8497105509958376,2.849998873562858,3.970489776064806,9.08776731934595,10.692680659119432,20.017500074514842,0.0
8,42,2v66,D,train,15.542869549865678,9.145080257413522,6.397789292452157,3.0240833747457296,0.0,15.542869549865678,9.145080257413522,6.397789292452157,0.0,0.45438596491228067,0.7947391101503453,2.6263506983094,6.397789292452157,6.397393927198638,18.553351833851806,21.018140436546776,0.0
8,60,2v66,L,train,45.64549427044273,34.50546600557972,11.140028264863016,5.8741353411016775,0.0,45.64549427044273,34.50546600557972,11.140028264863016,0.0,0.9508771929824561,0.8611680381599408,7.21539069080439,11.140028264863016,24.57007583240469,26.808640554352042,30.580183487838955,0.0
8,74,2v66,T,train,60.284908839922025,0.8217695068133594,59.46313933310867,0.9065150339698506,0.0,60.284908839922025,0.8217695068133594,59.46313933310867,0.0,0.9315789473684211,0.9720826865245633,3.505298640432413,59.46313933310867,63.63483162389493,50.22033230038891,26.429220731315258,0.36920141317741084
9,61,3zk1,A,train,4.0943440252829646e-05,3.8887793734422223e-07,4.055456231548541e-05,-0.0006236007836302182,0.0,4.0943440252829646e-05,3.8887793734422223e-07,4.055456231548541e-05,0.0,0.6614035087719298,0.6323374050591912,3.586818129089351e-05,4.055456231548541e-05,5.509165343730248e-05,0.0001603650177279572,0.00014934998313898213,0.0
9,1,3zk1,D,train,0.0017727539300944793,0.0003293006146591232,0.0014434533154353561,0.018146641966466502,0.0,0.0017727539300944793,0.0003293006146591232,0.0014434533154353561,0.0,0.8666666666666666,0.9733496383011258,0.00011183374754380135,0.0014434533154353561,0.001846744685566612,0.0002154447871866524,0.00038474898132865134,0.0
9,78,3zk1,L,train,0.0005691158915237359,0.00030981100062712217,0.0002593048908966137,0.017601448821819247,0.0,0.0005691158915237359,0.00030981100062712217,0.0002593048908966137,0.0,0.5087719298245614,0.880863132385763,6.403788326923569e-05,0.0002593048908966137,0.00013803328446989938,0.000184963251347683,9.728902202985218e-05,0.0
9,4,3zk1,T,train,0.0003327322675096304,2.773174794437982e-06,0.00032995909271519246,-0.0016652851991289606,0.0,0.0003327322675096304,2.773174794437982e-06,0.00032995909271519246,0.0,0.6719298245614035,0.8991696559842369,0.0001422232794914527,0.00032995909271519246,0.0006362276706356052,0.0002642763166152797,0.00020616274526097313,0.0012842610318489767
10,79,1qy7,A,train,0.0003106500734923731,0.0001845712229069753,0.00012607885058539772,0.013585699205671209,0.0,0.0003106500734923731,0.0001845712229069753,0.00012607885058539772,0.0,0.6421052631578947,0.7349498375779564,7.753998620013592e-05,0.00012607885058539772,0.00016066465631388416,4.0202217718046044e-05,4.3050548230940763e-05,0.009818285878593236
10,70,1qy7,D,train,4.7902009036708674e-05,1.3275803285038788e-05,3.4626205751669896e-05,0.0036435975745187322,0.0,4.7902009036708674e-05,1.3275803285038788e-05,3.4626205751669896e-05,0.0,0.5789473684210525,0.5272856969559403,2.9844756461064776e-05,3.4626205751669896e-05,2.813297612465633e-05,6.119209774347903e-05,7.912420280327982e-05,0.012989973451363657
10,55,1qy7,L,train,0.0002599973249357403,8.445390298983392e-06,0.00025155193463675696,0.0029060953699050194,0.0,0.0002599973249357403,8.445390298983392e-06,0.00025155193463675696,0.0,0.7315789473684211,0.8365832618779946,0.0002588668043842474,0.00025155193463675696,0.0007187714704310707,0.0005590279944796133,0.00023916108286581447,0.022369621230951986
10,98,1qy7,T,train,0.00047455496835651615,0.000154129018083575,0.00032042595027294117,0.012414870844417794,0.0,0.00047455496835651615,0.000154129018083575,0.00032042595027294117,0.0,0.856140350877193,0.9004697894498932,0.0001273351563000483,0.00032042595027294117,0.0005898760137735282,0.00020778146443724572,6.680173047107969e-05,0.011709487377873029
11,64,3mhx,A,train,1.5635817812556243e-05,3.346917065678008e-06,1.2288900746878232e-05,-0.001829458134442548,0.0,1.5635817812556243e-05,3.346917065678008e-06,1.2288900746878232e-05,0.0,-0.12631578947368421,0.005810219191381071,0.00013833604714896938,1.2288900746878232e-05,0.00012650532355725652,2.099973826123249e-05,0.0009729240536347062,0.008144024558728924
11,19,3mhx,D,train,0.0005503072920908314,0.00022906530965047126,0.00032124198244036023,0.01513490368817956,0.0,0.0005503072920908314,0.00022906530965047126,0.00032124198244036023,0.0,0.819298245614035,0.8197741148641983,0.00017886854230075521,0.00032124198244036023,0.0005413455001909291,3.5691301543933094e-05,0.0010978377404719647,0.0
11,3,3mhx,L,train,0.0007226279460599066,2.904718373649393e-05,0.0006935807623234127,-0.005389543926576156,0.0,0.0007226279460599066,2.904718373649393e-05,0.0006935807623234127,0.0,0.9578947368421052,0.9539282452186725,7.061424987418409e-05,0.0006935807623234127,0.0004956389189792892,7.395140007151954e-05,0.00021151271776541084,2.2595466838970513e-05
11,2,3mhx,T,train,0.00013360927978084565,6.233902192390414e-05,7.12702578569415e-05,0.007895506438722227,0.0,0.00013360927978084565,6.233902192390414e-05,7.12702578569415e-05,0.0,0.5877192982456141,0.5710218489845037,0.00010119656993193319,7.12702578569415e-05,0.00014670310306672343,5.178293100133307e-05,0.0002912342251274819,0.007141822303271372
12,4,5b08,A,train,0.0006360208849190188,7.944551754896756e-05,0.0005565753673700513,-0.008913221502294642,0.0,0.0006360208849190188,7.944551754896756e-05,0.0005565753673700513,0.0,0.9263157894736841,0.9093775550348994,9.946567330319889e-05,0.0005565753673700513,0.000539705204708447,0.0001817582413575272,8.019115684173675e-05,0.0
12,73,5b08,D,train,0.0006252601577100705,9.476613460784636e-05,0.0005304940231022242,-0.009734789910822234,0.0,0.0006252601577100705,9.476613460784636e-05,0.0005304940231022242,0.0,0.980701754385965,0.9784821761985288,2.912881438232851e-05,0.0005304940231022242,0.00039914713115131705,4.044813780871534e-05,6.926804445697925e-05,0.0
12,32,5b08,L,train,0.0012980513599696215,0.0006133803146615743,0.0006846710453080472,-0.024766515997644366,0.0,0.0012980513599696215,0.0006133803146615743,0.0006846710453080472,0.0,0.9105263157894736,0.9706474080951147,4.142639706171561e-05,0.0006846710453080472,0.0005783136943423578,1.2385824413364868e-05,5.708789606838721e-05,0.0
12,64,5b08,T,train,0.002243707618228221,0.0011590214798340832,0.0010846861383941382,0.03404440453046702,0.0,0.002243707618228221,0.0011590214798340832,0.0010846861383941382,0.0,0.9719298245614034,0.9495881501029454,0.0003288698564809608,0.0010846861383941382,0.002132852301174038,0.00018678234339049673,0.0008753491931276435,0.0
13,2,1jke,A,confirmation_candidate,0.001143132320416799,0.00028592599158022935,0.0008572063288365697,0.016909346278914196,0.0,0.001143132320416799,0.00028592599158022935,0.0008572063288365697,0.0,0.9964912280701754,0.9978833073660477,4.063462394439659e-06,0.0008572063288365697,0.0008153298743805407,2.1210032567346476e-05,9.275064948855295e-06,0.0
13,135,1jke,D,confirmation_candidate,0.0007345093423953133,0.0006499539878696858,8.455535452562748e-05,-0.025494195179877433,0.0,0.0007345093423953133,0.0006499539878696858,8.455535452562748e-05,0.0,0.9385964912280702,0.976673973701169,3.935278714381732e-06,8.455535452562748e-05,7.725676599399159e-05,1.4862901827621513e-05,7.417915324405544e-06,0.0
13,142,1jke,L,confirmation_candidate,0.0002794951897102875,3.3675917939375947e-06,0.00027612759791635,0.0018350999411306172,0.0,0.0002794951897102875,3.3675917939375947e-06,0.00027612759791635,0.0,0.9789473684210527,0.990576133849046,6.983560145343022e-06,0.00027612759791635,0.00022853789688138094,1.3625195058759732e-05,6.2991622201025676e-06,0.0
13,19,1jke,T,confirmation_candidate,0.0025138761572347512,0.0009303469787612596,0.0015835291784734918,-0.030501589774325856,0.0,0.0025138761572347512,0.0009303469787612596,0.0015835291784734918,0.0,0.9842105263157893,0.9951040287614876,1.6060598343657907e-05,0.0015835291784734918,0.0016296273649826943,2.731584668779026e-05,2.9415568854704436e-05,0.0
14,21,3qr7,A,confirmation_candidate,0.08033698277470436,0.00011332634355163486,0.08022365643115272,-0.010645484655553962,0.0,0.08033698277470436,0.00011332634355163486,0.08022365643115272,0.0,0.9122807017543859,0.92059014299158,0.016947821902002322,0.08022365643115272,0.10850065340006956,0.021051660129096938,0.018312346180978586,0.20464853052327348
14,105,3qr7,D,confirmation_candidate,0.08868264221477035,0.04386217846461898,0.044820463750151376,0.2094329927795976,0.0,0.08868264221477035,0.04386217846461898,0.044820463750151376,0.0,0.863157894736842,0.8966003616948093,0.011458223817070233,0.044820463750151376,0.058310745865244075,0.02589231179730836,0.021544014622901966,0.14432191393764482
14,22,3qr7,L,confirmation_candidate,0.08123111719196076,0.01767667155857421,0.06355444563338655,0.13295364439748994,0.0,0.08123111719196076,0.01767667155857421,0.06355444563338655,0.0,0.8157894736842105,0.8606715441299314,0.03247207047782193,0.06355444563338655,0.11795816085159723,0.07588722080138159,0.13399198507267204,0.0
14,29,3qr7,T,confirmation_candidate,0.06793308085148417,4.234760947410541e-06,0.06792884609053679,-0.0020578534805497065,0.0,0.06793308085148417,4.234760947410541e-06,0.06792884609053679,0.0,0.882456140350877,0.8585857886564942,0.0178914947144409,0.06792884609053679,0.052861716414349565,0.11008640323460431,0.01055141626472438,0.0
15,59,1lj9,A,confirmation_candidate,0.0019485558003880087,0.0007971505037747835,0.0011514052966132252,-0.028233853859768836,0.0,0.0019485558003880087,0.0007971505037747835,0.0011514052966132252,0.0,0.9052631578947368,0.9568963012006274,0.0002929667105325074,0.0011514052966132252,0.002158927670823194,9.812307097888624e-05,0.0006214252886304525,0.0
15,124,1lj9,D,confirmation_candidate,0.00034272187363780537,0.00011004576550929469,0.00023267610812851064,0.01049027003986526,0.0,0.00034272187363780537,0.00011004576550929469,0.00023267610812851064,0.0,0.21929824561403505,0.1953860818507256,0.0006709006567963716,0.00023267610812851064,0.000582028810240845,3.508169429162936e-05,0.0007377219561967258,0.027532703023568167
15,111,1lj9,L,confirmation_candidate,0.0012503066137527147,0.00040949827994128007,0.0008408083338114351,-0.020236063845058407,0.0,0.0012503066137527147,0.00040949827994128007,0.0008408083338114351,0.0,0.7666666666666666,0.6219059740729475,0.002099767339380561,0.0008408083338114351,0.003344849597754481,7.679178913114386e-05,0.008853083711531111,0.0
15,0,1lj9,T,confirmation_candidate,0.00037830514942287534,0.00011998245789794717,0.0002583226915249282,0.010953650437089325,0.0,0.00037830514942287534,0.00011998245789794717,0.0002583226915249282,0.0,0.7210526315789473,0.7282896149193192,0.0002892052543872593,0.0002583226915249282,0.0006082605357275298,4.93012101634188e-05,0.0007673825970113146,0.0
16,16,4zzf,A,train,0.08902971825105926,0.014242044271113762,0.0747876739799455,0.11934003632944713,0.0,0.08902971825105926,0.014242044271113762,0.0747876739799455,0.0,0.7929824561403509,0.9380111422929315,0.009037707170381487,0.0747876739799455,0.0695940482304916,0.009445830409163032,0.00649338381483702,0.0
16,35,4zzf,D,train,0.00674286750485718,7.109300305914363e-06,0.006735758204551266,-0.00266632711907492,0.0,0.00674286750485718,7.109300305914363e-06,0.006735758204551266,0.0,0.9017543859649122,0.8747327593406573,0.004555520948434724,0.006735758204551266,0.01595730183295089,0.0021655542413747176,0.0019433193476077397,0.0
16,24,4zzf,L,train,0.17315219799234913,0.12038100222987638,0.05277119576247278,0.34695965504634163,0.0,0.17315219799234913,0.12038100222987638,0.05277119576247278,0.0,0.9649122807017543,0.966544958543289,0.003960030768606191,0.05277119576247278,0.05959901151948257,0.00707083038757681,0.0018985478793011067,0.08093633230679809
16,105,4zzf,T,train,0.018891141101790666,0.0040454221006241435,0.014845719001166529,-0.06360363276279228,0.0,0.018891141101790666,0.0040454221006241435,0.014845719001166529,0.0,0.7929824561403509,0.8275017783185106,0.005013418266323774,0.014845719001166529,0.01418140318230616,0.002639012087789961,0.0016443759062893092,0.0
17,0,1msc,A,train,0.03700279780814362,0.005536029726546523,0.031466768081597096,0.07440450071431515,0.0,0.03700279780814362,0.005536029726546523,0.031466768081597096,0.0,0.8105263157894737,0.9926534244268739,0.00047818605475316166,0.031466768081597096,0.03249851191481914,0.012780292940115626,0.0044570300590089165,0.0
17,113,1msc,D,train,0.14719201594039638,0.06256958597986907,0.08462242996052734,0.2501391332436192,0.0,0.14719201594039638,0.06256958597986907,0.08462242996052734,0.0,0.9719298245614034,0.9867770576453176,0.0023260487711267153,0.08462242996052734,0.0766776949695337,0.005046904811317854,0.0033499491618583233,0.0
17,111,1msc,L,train,0.9789283108455451,0.9353401709234072,0.043588139922138044,0.9671298624917996,0.0,0.9789283108455451,0.9353401709234072,0.043588139922138044,0.0,0.9684210526315788,0.9845968954038107,0.0014627986847082484,0.043588139922138044,0.037692124952774526,0.008788526930347654,0.00243937302643432,0.0
17,44,1msc,T,train,0.5970229718719199,0.16775313157205493,0.4292698402998649,0.4095767712798846,0.0,0.5970229718719199,0.16775313157205493,0.4292698402998649,0.0,0.9649122807017543,0.9760009086937044,0.03756372201803591,0.4292698402998649,0.2583570244822443,0.07547664527815286,0.006670770573311773,0.0
18,61,2vzw,A,train,0.0001081861537560166,1.2692337146720535e-06,0.00010691692004134453,-0.0011266027315216547,0.0,0.0001081861537560166,1.2692337146720535e-06,0.00010691692004134453,0.0,0.7105263157894737,0.8416895053259013,3.1206296538410186e-05,0.00010691692004134453,7.897487399815017e-05,7.709227936020259e-05,4.5093608438007906e-05,0.0
18,18,2vzw,D,train,6.955371919260742e-05,5.3488090258030515e-05,1.6065628934576907e-05,0.007313555240649415,0.0,6.955371919260742e-05,5.3488090258030515e-05,1.6065628934576907e-05,0.0,0.5087719298245614,0.6513578012281259,1.1846500843528876e-05,1.6065628934576907e-05,1.7827703130173945e-05,0.00014780641517315345,3.8280790639862235e-05,0.0
18,143,2vzw,L,train,0.00018722011573698313,1.0956072050873604e-05,0.00017626404368610953,-0.003309995778074891,0.0,0.00018722011573698313,1.0956072050873604e-05,0.00017626404368610953,0.0,0.5666666666666667,0.8852827721787273,4.055692327329395e-05,0.00017626404368610953,0.00010389305551791712,0.00010375207955138697,2.294546322533199e-05,0.0
18,5,2vzw,T,train,0.00014473344914038601,8.738815311200033e-06,0.000135994633829186,-0.0029561487295466093,0.0,0.00014473344914038601,8.738815311200033e-06,0.000135994633829186,0.0,0.9298245614035087,0.9803593950514715,7.461672799420246e-06,0.000135994633829186,0.00016657608494041398,7.753025890797767e-05,4.51667456483021e-05,0.0030237361845606436
19,37,6kys,A,train,0.0002048655360265327,8.137640533566784e-05,0.00012348913069086482,0.009020887170099615,0.0,0.0002048655360265327,8.137640533566784e-05,0.00012348913069086482,0.0,0.9614035087719298,0.9541236351441342,1.2846522093480201e-05,0.00012348913069086482,0.00014245407774664428,7.17947952219872e-05,2.9238539374789556e-05,0.0
19,110,6kys,D,train,0.00022768235786981721,4.289461084501502e-05,0.00018478774702480218,-0.0065493977467409184,0.0,0.00022768235786981721,4.289461084501502e-05,0.00018478774702480218,0.0,0.863157894736842,0.9410857491530413,2.1578002559619643e-05,0.00018478774702480218,0.00014701284109431905,8.945877081280311e-05,4.52311783606511e-05,0.0
19,75,6kys,L,train,0.001868425772955944,0.000716966634399385,0.001151459138556559,0.02677623264014908,0.0,0.001868425772955944,0.000716966634399385,0.001151459138556559,0.0,0.9350877192982456,0.9789242050009573,0.00010907738989327557,0.001151459138556559,0.0016835948235115552,6.0999604384791796e-05,2.7966501391493316e-05,0.002376829531352237
19,50,6kys,T,train,0.00012769788328688503,9.675258785081601e-05,3.0945295436069024e-05,0.00983628933342325,0.0,0.00012769788328688503,9.675258785081601e-05,3.0945295436069024e-05,0.0,0.7929824561403509,0.8219736045787994,1.3537007943045767e-05,3.0945295436069024e-05,4.151534378990705e-05,4.574067069294466e-05,3.572269034694155e-05,0.00022401688911902196
20,65,1ji5,A,train,2.3327790077970285e-06,7.987214576738656e-07,1.5340575501231628e-06,0.0008937121783179782,0.0,2.3327790077970285e-06,7.987214576738656e-07,1.5340575501231628e-06,0.0,0.5052631578947369,0.6399141141658177,9.652207333998167e-07,1.5340575501231628e-06,1.073681899323344e-06,1.3238403079601046e-06,1.9784672061195282e-06,0.0002964225511601637
20,11,1ji5,D,train,0.0005234648688244888,0.00025519760357560944,0.0002682672652488793,0.015974905432446524,0.0,0.0005234648688244888,0.00025519760357560944,0.0002682672652488793,0.0,0.9842105263157893,0.9921583261947247,4.228317261728965e-06,0.0002682672652488793,0.000257821434344952,8.217437664414771e-06,5.1236509021749154e-06,0.001030841550109074
20,34,1ji5,L,train,2.0103506380098528e-05,8.505309814364763e-07,1.9252975398662055e-05,-0.0009222423658867968,0.0,2.0103506380098528e-05,8.505309814364763e-07,1.9252975398662055e-05,0.0,0.9368421052631579,0.9222387244429506,2.890099484046932e-06,1.9252975398662055e-05,1.728301100254976e-05,2.3609583829925163e-06,9.567151215341415e-07,0.0
20,47,1ji5,T,train,1.276512464556457e-05,2.3715739343192988e-06,1.0393550711245271e-05,0.001539991537093402,0.0,1.276512464556457e-05,2.3715739343192988e-06,1.0393550711245271e-05,0.0,0.8771929824561402,0.9809434686977477,4.214084510181899e-07,1.0393550711245271e-05,8.952169889123741e-06,1.450939633603017e-06,7.571082293025388e-07,0.0002475189859234145
21,8,6qyy,A,train,0.002749086500594933,0.0002250158071922937,0.0025240706934026398,0.01500052689715577,0.0,0.002749086500594933,0.0002250158071922937,0.0025240706934026398,0.0,0.9298245614035087,0.982688192723454,8.808925407070588e-05,0.0025240706934026398,0.002557921338743479,0.00040901168364889767,0.000245630730576326,0.0
21,24,6qyy,D,train,0.0002912972514207972,0.00021981413190930299,7.148311951149419e-05,0.014826130038189432,0.0,0.0002912972514207972,0.00021981413190930299,7.148311951149419e-05,0.0,0.8017543859649122,0.8098649237155147,3.0219054198922277e-05,7.148311951149419e-05,8.49706487284139e-05,3.455270476154996e-05,5.584052225877259e-05,0.0
21,18,6qyy,L,train,0.00185436381716362,0.0003177115958499587,0.0015366522213136613,-0.01782446621500792,0.0,0.00185436381716362,0.0003177115958499587,0.0015366522213136613,0.0,0.9964912280701754,0.9977040502547028,1.7981030461142455e-05,0.0015366522213136613,0.0017991730227635658,0.0003846948227572404,0.00039912081531883994,0.0
21,5,6qyy,T,train,0.0006455992232922447,0.00028852005900450995,0.0003570791642877346,0.0169858782229389,0.0,0.0006455992232922447,0.00028852005900450995,0.0003570791642877346,0.0,0.9824561403508772,0.9684803850956843,2.794850346193634e-05,0.0003570791642877346,0.0004288148959084309,0.00015454424550526258,5.579801993577078e-05,0.007661396192755576
22,140,3nbc,A,train,0.000141912168983784,4.6829897832231105e-07,0.00014144387000546168,0.0006843237379503293,0.0,0.000141912168983784,4.6829897832231105e-07,0.00014144387000546168,0.0,0.9649122807017543,0.9904853819019731,1.100967594694248e-05,0.00014144387000546168,7.909484547088043e-05,3.221957912241457e-05,3.912136774764034e-05,0.0023925207204253396
22,119,3nbc,D,train,1.8192147407875675e-05,7.757135303541786e-06,1.0435012104333882e-05,-0.0027851634249253287,0.0,1.8192147407875675e-05,7.757135303541786e-06,1.0435012104333882e-05,0.0,0.9052631578947368,0.9038694232567529,2.11868793741237e-06,1.0435012104333882e-05,6.0652326535327775e-06,4.6587930753505265e-06,1.742382434524302e-06,0.0
22,77,3nbc,L,train,1.8188403058255238e-05,6.898877934193369e-06,1.1289525124061869e-05,0.0026265715170528613,0.0,1.8188403058255238e-05,6.898877934193369e-06,1.1289525124061869e-05,0.0,0.7596491228070175,0.7666720673373302,4.676942537792752e-06,1.1289525124061869e-05,7.444525635389465e-06,1.394206824036822e-05,3.1855181718103062e-06,0.0
22,5,3nbc,T,train,0.0012667137939934396,0.00031837072137686065,0.0009483430726165788,0.017842945983689483,0.0,0.0012667137939934396,0.00031837072137686065,0.0009483430726165788,0.0,0.9684210526315788,0.9887823819670111,2.4441356112147476e-05,0.0009483430726165788,0.0010408378992043256,0.00035708706813276746,0.00012940090163160925,0.0
23,2,3i07,A,train,0.0049736996675831145,0.00162433334695339,0.0033493663206297245,-0.040303019079882714,0.0,0.0049736996675831145,0.00162433334695339,0.0033493663206297245,0.0,0.7,0.7725447839456626,0.0017077920600473973,0.0033493663206297245,0.004046918685264416,0.0010013659537338126,0.0016122909523208478,0.0
23,137,3i07,D,train,0.0005327251744262776,0.0001393044526933313,0.00039342072173294626,0.011802730730357754,0.0,0.0005327251744262776,0.0001393044526933313,0.00039342072173294626,0.0,0.9421052631578948,0.9411332431294722,0.00010381015671647996,0.00039342072173294626,0.0006937378343472031,0.0001563513803503073,0.0005553738352537884,0.0
23,69,3i07,L,train,0.003467960143081653,0.0017343071235449148,0.0017336530195367376,0.041645013189395376,0.0,0.003467960143081653,0.0017343071235449148,0.0017336530195367376,0.0,0.787719298245614,0.8573274085586136,0.00046004140869477844,0.0017336530195367376,0.0012177262346102795,0.0007356150385547113,0.0004280931802475156,0.0
23,120,3i07,T,train,0.0031025340040046353,0.0011866317321725846,0.0019159022718320503,-0.03444752142277561,0.0,0.0031025340040046353,0.0011866317321725846,0.0019159022718320503,0.0,0.8543859649122807,0.8735266517093683,0.000484398941871937,0.0019159022718320503,0.0010705586255529696,0.0002852345154666719,0.0009326655572551195,0.0
24,85,1aa0,A,train,0.45277954889128036,0.03425075153768951,0.41852879735359094,-0.1850695856635809,0.0,0.45277954889128036,0.03425075153768951,0.41852879735359094,0.0,0.8649122807017543,0.8564112483588358,0.21702709375128784,0.41852879735359094,0.7722849441853563,5.587962056391219,2.4026597864919124,0.2312789945991156
24,78,1aa0,D,train,0.2883490528752065,0.1354583925567841,0.15289066031842244,0.3680467260508971,0.0,0.2883490528752065,0.1354583925567841,0.15289066031842244,0.0,0.687719298245614,0.8938670084191854,0.03188576805291211,0.15289066031842244,0.0995626412249135,0.0643505595258501,0.10743604581417882,0.1479298180465225
24,75,1aa0,L,train,1.3942110179193647,0.21796349417928598,1.176247523740079,0.46686560612159683,0.0,1.3942110179193647,0.21796349417928598,1.176247523740079,0.0,0.8649122807017543,0.9894736213313485,0.07047094661311379,1.176247523740079,0.7379409727892469,0.19105115682206594,0.05374413733880655,0.0
24,30,1aa0,T,train,0.09312616925849145,0.026898835085993826,0.06622733417249763,0.16400864332709367,0.0,0.09312616925849145,0.026898835085993826,0.06622733417249763,0.0,0.7649122807017543,0.8756427614246154,0.015451887839429843,0.06622733417249763,0.04984115497699469,0.0773904236283105,0.03044112467907702,0.0
25,61,6o2k,A,train,0.0567540239905253,0.015121113448375294,0.04163291054215,0.12296793666795948,0.0,0.0567540239905253,0.015121113448375294,0.04163291054215,0.0,0.9684210526315788,0.9836247380579657,0.001620479100909553,0.04163291054215,0.033975753324199456,0.0008365341108602338,0.004121650798163898,0.0
25,51,6o2k,D,train,0.12032547361373268,0.08859171269544748,0.031733760918285225,0.29764360012512864,0.0,0.12032547361373268,0.08859171269544748,0.031733760918285225,0.0,0.9350877192982456,0.9693429924150035,0.00206287843141136,0.031733760918285225,0.025777906532910403,0.0011366372411949319,0.006992128723260727,0.0
25,63,6o2k,L,train,0.0380298311653715,5.3703286166202724e-05,0.0379761278792053,0.007328252599781392,0.0,0.0380298311653715,5.3703286166202724e-05,0.0379761278792053,0.0,0.9614035087719298,0.9890273470786966,0.0008451140186002625,0.0379761278792053,0.038719324168571545,0.0013606332424054757,0.0016546540161678715,0.0
25,97,6o2k,T,train,0.008980011923211862,0.00011897611098899896,0.008861035812222863,0.010907617108653886,0.0,0.008980011923211862,0.00011897611098899896,0.008861035812222863,0.0,0.9280701754385964,0.9778678002499388,0.000403805477570707,0.008861035812222863,0.007754568955691272,0.0004644255803043218,0.0019316203471845133,0.022339404816190678
26,6,3fhk,A,train,0.006371648661989312,0.0016064873607931844,0.004765161301196128,0.04008100997720971,0.0,0.006371648661989312,0.0016064873607931844,0.004765161301196128,0.0,0.9596491228070174,0.9971856400342564,2.6854879862571467e-05,0.004765161301196128,0.004775096904260007,0.0003567094341256663,4.385485699564109e-05,0.0
26,143,3fhk,D,train,3.030691702480999e-05,1.7688597039246156e-07,3.013003105441754e-05,-0.00042057813827214266,0.0,3.030691702480999e-05,1.7688597039246156e-07,3.013003105441754e-05,0.0,0.856140350877193,0.8965167993699138,5.94879969692515e-06,3.013003105441754e-05,2.610806775970171e-05,6.3513641018712115e-06,1.5232065954924242e-05,0.0024550574265312652
26,14,3fhk,L,train,0.008651233454312669,0.0006280875388903253,0.008023145915422344,0.025061674702428115,0.0,0.008651233454312669,0.0006280875388903253,0.008023145915422344,0.0,0.956140350877193,0.9928843161082235,0.00011444504979113166,0.008023145915422344,0.00805573770007036,0.0011313084872276147,0.00029181852671046393,0.004702170674724587
26,23,3fhk,T,train,0.0010101637421048326,0.00030667682514648356,0.0007034869169583489,0.01751219075805433,0.0,0.0010101637421048326,0.00030667682514648356,0.0007034869169583489,0.0,0.9824561403508772,0.9904054644101653,2.92189885800473e-05,0.0007034869169583489,0.0009145675800550712,1.2593710539577236e-05,6.781980720702936e-05,0.0
27,68,1xko,A,confirmation_candidate,0.0005768405954934995,0.00020353264131985497,0.0003733079541736445,0.014266486649482239,0.0,0.0005768405954934995,0.00020353264131985497,0.0003733079541736445,0.0,0.8964912280701753,0.9559385552980056,6.366021093199274e-05,0.0003733079541736445,0.000579907803404563,8.721518875508763e-05,2.709546023557115e-05,0.0
27,149,1xko,D,confirmation_candidate,0.0037489426356677714,0.0004580149874091797,0.003290927648258592,0.021401284713988077,0.0,0.0037489426356677714,0.0004580149874091797,0.003290927648258592,0.0,0.9315789473684211,0.9953691696036367,4.365495198628951e-05,0.003290927648258592,0.003689404373176835,9.9950059734333e-05,3.2790930396569056e-05,7.152547095126693e-05
27,87,1xko,L,confirmation_candidate,2.4626977122675657e-05,2.9218909862327255e-07,2.4334788024052385e-05,-0.0005405451864768315,0.0,2.4626977122675657e-05,2.9218909862327255e-07,2.4334788024052385e-05,0.0,0.4280701754385965,0.4371945818629898,2.005478928236739e-05,2.4334788024052385e-05,2.394214476635126e-06,8.949221716367469e-05,1.5879407553578323e-05,0.0018091187871724507
27,47,1xko,T,confirmation_candidate,0.0026552793801026243,0.0004029507390825335,0.002252328641020091,0.020073632931847028,0.0,0.0026552793801026243,0.0004029507390825335,0.002252328641020091,0.0,0.9210526315789472,0.9830835454068205,0.00010525583818817222,0.002252328641020091,0.002714974511655091,0.0002986611988927858,6.059531082161598e-05,0.0
28,25,4lr3,A,confirmation_candidate,0.24081399031596917,0.16172238303143566,0.07909160728453346,-0.40214721562064265,0.0,0.24081399031596917,0.16172238303143566,0.07909160728453346,0.0,0.8175438596491227,0.9690264007597555,0.007264438145565652,0.07909160728453346,0.1036364152827968,0.01506447996753318,0.024089746873893463,0.0
28,120,4lr3,D,confirmation_candidate,0.14664763913962678,0.01829198725489577,0.128355651884731,-0.1352478733840047,0.0,0.14664763913962678,0.01829198725489577,0.128355651884731,0.0,0.9491228070175438,0.9673264488680025,0.008269611274159818,0.128355651884731,0.11710520151331172,0.014085544286920344,0.02359242517121255,0.19206002974082947
28,10,4lr3,L,confirmation_candidate,0.6544200456249288,0.524957054340894,0.1294629912840351,-0.7245392013831232,0.0,0.6544200456249288,0.524957054340894,0.1294629912840351,0.0,0.8964912280701753,0.9388800937255098,0.015342233515812513,0.1294629912840351,0.1137337405484982,0.012498855094578522,0.06241357633502,0.0
28,3,4lr3,T,confirmation_candidate,1.6539117156902132,0.3784477023321637,1.2754640133580495,0.6151810321622113,0.0,1.6539117156902132,0.3784477023321637,1.2754640133580495,0.0,0.9210526315789472,0.9605058913870117,0.11727699189442181,1.2754640133580495,0.899981731708494,0.08137455626371064,0.2507062203878419,0.0
29,44,3lzq,A,train,0.04027367131581366,0.03774798771150282,0.002525683604310835,0.19428841373458897,0.0,0.04027367131581366,0.03774798771150282,0.002525683604310835,0.0,0.9491228070175438,0.983329392579035,9.486818815906793e-05,0.002525683604310835,0.002786673059072609,0.0002555208052329415,0.00011060836237188805,0.0
29,90,3lzq,D,train,0.013200479605934354,0.007806908694999552,0.005393570910934803,0.08835671278968878,0.0,0.013200479605934354,0.007806908694999552,0.005393570910934803,0.0,0.980701754385965,0.9958510567144769,0.00010482727299904686,0.005393570910934803,0.006543650708571401,9.990072428885056e-05,7.637639345042762e-05,0.0
29,49,3lzq,L,train,0.012009966813212161,0.004095438768300827,0.007914528044911332,-0.06399561522714527,0.0,0.012009966813212161,0.004095438768300827,0.007914528044911332,0.0,0.9771929824561404,0.9938956124369895,0.0002156360232842641,0.007914528044911332,0.009869074053799587,0.00040700756825386717,0.00010119640607552164,0.0
29,74,3lzq,T,train,0.0023839319923901624,7.705316303714937e-05,0.002306878829353014,-0.008777993109882769,0.0,0.0023839319923901624,7.705316303714937e-05,0.002306878829353014,0.0,0.9912280701754386,0.9891728170042757,0.0001357195784466276,0.002306878829353014,0.0032245940241783537,0.00022230348402865472,3.837668441454357e-05,0.0
30,122,2zvy,A,train,0.0018659932936116678,0.0009868418765919757,0.000879151417019692,-0.031414039482243854,0.0,0.0018659932936116678,0.0009868418765919757,0.000879151417019692,0.0,0.9666666666666668,0.9729762462356067,0.000106253423951661,0.000879151417019692,0.0004470437850820623,0.00016297445432882565,0.00018646610463496761,0.0
30,44,2zvy,D,train,0.00035633378725830213,0.00010978614414481466,0.0002465476431134875,-0.01047788834378448,0.0,0.00035633378725830213,0.00010978614414481466,0.0002465476431134875,0.0,0.7789473684210525,0.8037323469995967,9.28933858230989e-05,0.0002465476431134875,0.0002246712404900202,5.6238967521342014e-05,0.0003209103802287107,0.003920189479264424
30,17,2zvy,L,train,0.12422772856052869,0.061498948403668915,0.06272878015685977,0.24798981512084103,0.0,0.12422772856052869,0.061498948403668915,0.06272878015685977,0.0,0.9578947368421052,0.9975623473322565,0.0005772258625522694,0.06272878015685977,0.0709328751931303,0.004189915605024591,0.0005374905141875343,0.0
30,146,2zvy,T,train,0.0009644059557151275,0.0004630239996435377,0.0005013819560715896,-0.02151799246313507,0.0,0.0009644059557151275,0.0004630239996435377,0.0005013819560715896,0.0,0.7473684210526316,0.8490260507520955,0.00014550248229386515,0.0005013819560715896,0.0004564458648498659,6.671422850678108e-05,0.00031955429038019406,0.0
31,39,4reu,A,train,5.6313524754597144e-05,2.644980579601005e-05,2.98637189585871e-05,0.005142937467635597,0.0,5.6313524754597144e-05,2.644980579601005e-05,2.98637189585871e-05,0.0,0.7754385964912281,0.9058756712995448,5.892487732384888e-06,2.98637189585871e-05,1.7798190807036036e-05,1.203123908345298e-05,2.6516898299143612e-05,9.676815801980265e-05
31,137,4reu,D,train,3.287911339082413e-05,1.8158121336094153e-06,3.106330125721472e-05,0.0013475207358736323,0.0,3.287911339082413e-05,1.8158121336094153e-06,3.106330125721472e-05,0.0,0.7736842105263159,0.9474047958235043,3.1842081944989704e-06,3.106330125721472e-05,2.734826052457072e-05,5.467541321878527e-06,5.011496893242977e-06,0.0015008936899935238
31,149,4reu,L,train,0.0006415954187507687,0.00032745166463016523,0.00031414375412060355,0.018095625566146235,0.0,0.0006415954187507687,0.00032745166463016523,0.00031414375412060355,0.0,0.9701754385964911,0.9713123030932753,1.8071121241603735e-05,0.00031414375412060355,0.0002776517427284003,3.500612969442847e-05,1.1893792448660827e-05,0.0
31,62,4reu,T,train,8.708435252887721e-06,1.4434028837513078e-06,7.265032369136414e-06,0.0012014170315720132,0.0,8.708435252887721e-06,1.4434028837513078e-06,7.265032369136414e-06,0.0,0.6824561403508772,0.9244915294056736,1.0699273530317855e-06,7.265032369136414e-06,6.8175227542441815e-06,4.031213935701851e-06,8.779599173016587e-07,0.0
32,114,6mvm,A,train,1.6409319153121313e-06,1.6722475480174765e-15,1.6409319136398841e-06,-4.089312348081859e-08,0.0,1.6409319153121313e-06,1.6722475480174765e-15,1.6409319136398841e-06,0.0,0.7947368421052632,0.8330157291107917,9.305441153171067e-07,1.6409319136398841e-06,2.9636124999511778e-06,6.755718546874967e-07,6.42214527970508e-06,0.002692608105670166
32,39,6mvm,D,train,0.00012876194795175176,2.6230333449657242e-06,0.000126138914606786,0.0016195781379623906,0.0,0.00012876194795175176,2.6230333449657242e-06,0.000126138914606786,0.0,0.9947368421052631,0.9931281850794125,1.9380249659098063e-06,0.000126138914606786,0.00013485355244538262,5.558466853502071e-06,4.189516715170945e-06,0.0
32,29,6mvm,L,train,9.295618736344612e-05,1.6075261628396863e-06,9.134866120060641e-05,0.0012678825508854069,0.0,9.295618736344612e-05,1.6075261628396863e-06,9.134866120060641e-05,0.0,0.9614035087719298,0.9911364080322559,1.613525048606274e-06,9.134866120060641e-05,8.904244277482651e-05,1.3527198908038072e-05,4.1505772185413945e-06,0.0008350268738733339
32,88,6mvm,T,train,2.0588257714709843e-06,1.2824621377398894e-08,2.0460011500935854e-06,-0.00011324584485710235,0.0,2.0588257714709843e-06,1.2824621377398894e-08,2.0460011500935854e-06,0.0,0.8947368421052632,0.8907817632011761,7.223274345246128e-07,2.0460011500935854e-06,3.3186341596781585e-06,9.303692675225307e-07,3.5467301364631664e-06,0.0
33,154,7ebl,A,train,0.11785031293859131,0.04835986411336524,0.0694904488252261,0.2199087631572813,0.0,0.11785031293859131,0.04835986411336524,0.0694904488252261,0.0,-0.3245614035087719,-0.20632119772069535,0.2765582112409552,0.0694904488252261,0.16313308616973854,0.2736392772945157,0.2575724154346213,1.2405702745388352
33,104,7ebl,D,train,0.5029099075250203,0.03842903270150524,0.4644808748235151,-0.19603324386824098,0.0,0.5029099075250203,0.03842903270150524,0.4644808748235151,0.0,0.41578947368421054,0.5767525096294254,0.310703625649063,0.4644808748235151,0.17646575243572102,0.2930710175699051,0.6817712383945408,0.22195950545745813
33,30,7ebl,L,train,0.12124026219075891,0.005350048763331464,0.11589021342742746,0.07314402753015084,0.0,0.12124026219075891,0.005350048763331464,0.11589021342742746,0.0,0.1842105263157895,0.24884766102174047,0.26795233471768537,0.11589021342742746,0.23402519760378016,0.4506236135019429,0.7626590583758922,0.19469906288340688
33,108,7ebl,T,train,0.1285108112432669,0.012065865064666772,0.11644494617860014,-0.10984473161998609,0.0,0.1285108112432669,0.012065865064666772,0.11644494617860014,0.0,0.3666666666666667,0.346603770985888,0.1681270268323126,0.11644494617860014,0.1402793908685235,0.3327039679307293,0.1825507003629815,0.32604859000512487
34,94,4wfq,A,train,3.964885755408623e-05,2.080736999154263e-05,1.8841487562543596e-05,-0.0045615096176093535,0.0,3.964885755408623e-05,2.080736999154263e-05,1.8841487562543596e-05,0.0,0.9473684210526316,0.9939823113744658,4.0993816705201094e-07,1.8841487562543596e-05,2.249929124050732e-05,1.9707684503099822e-06,1.7618015919907183e-06,0.0
34,75,4wfq,D,train,1.9511715463119464e-05,1.6117806189862845e-05,3.393909273256615e-06,0.00401469876701389,0.0,1.9511715463119464e-05,1.6117806189862845e-05,3.393909273256615e-06,0.0,0.6754385964912282,0.8771650360072606,8.544645944553944e-07,3.393909273256615e-06,3.5497940328665188e-06,3.0510323161493497e-06,6.008328356521131e-07,0.0
34,189,4wfq,L,train,7.547038264924537e-05,5.309858709331298e-05,2.237179555593243e-05,0.0072868777328368136,0.0,7.547038264924537e-05,5.309858709331298e-05,2.237179555593243e-05,0.0,0.9736842105263157,0.9622985999764799,1.8005282963764527e-06,2.237179555593243e-05,1.7390612125919002e-05,3.324644435182712e-06,1.663935496343029e-06,0.0
34,122,4wfq,T,train,0.00012159671604146032,0.00010328406625084382,1.8312649790616513e-05,0.010162876868822323,0.0,0.00012159671604146032,0.00010328406625084382,1.8312649790616513e-05,0.0,0.9070175438596491,0.9703625500585101,1.4541150897289927e-06,1.8312649790616513e-05,2.2779217634485933e-05,8.166568251020665e-06,1.0418549047125165e-06,0.0
35,75,1s8a,A,train,0.0026699917142314106,0.001276249778637072,0.0013937419355943385,-0.03572463825760972,0.0,0.0026699917142314106,0.001276249778637072,0.0013937419355943385,0.0,0.2508771929824561,0.6275434358851268,0.0008466722240193159,0.0013937419355943385,0.0006135504264078373,0.0018263020356957844,0.00011602237202880225,0.008575544806521007
35,70,1s8a,D,train,0.0027048850399587713,1.4824569462804514e-06,0.002703402583012491,0.0012175618860166622,0.0,0.0027048850399587713,1.4824569462804514e-06,0.002703402583012491,0.0,0.8578947368421052,0.9153709219410835,0.0006155313549916989,0.002703402583012491,0.0011749715858947027,0.001457463880917481,5.632409131594465e-05,0.0
35,76,1s8a,L,train,0.0023206212075475613,0.0009176487683362761,0.001402972439211285,-0.030292718074419734,0.0,0.0023206212075475613,0.0009176487683362761,0.001402972439211285,0.0,0.6824561403508772,0.7076740714656732,0.0007057854060190892,0.001402972439211285,0.0005845576870961492,0.002666175518082741,0.00022844655666420246,0.017788534937775824
35,6,1s8a,T,train,0.2728727435343576,0.08288646861123054,0.18998627492312703,0.28790010179093467,0.0,0.2728727435343576,0.08288646861123054,0.18998627492312703,0.0,0.9333333333333333,0.9990001788840682,0.01039707863019255,0.18998627492312703,0.28678717165213485,0.014891813438456447,0.005697217510548139,0.027602629931505807
36,56,1qsm,A,train,0.0831440523213532,0.014115881206343646,0.06902817111500956,-0.11881027399321847,0.0,0.0831440523213532,0.014115881206343646,0.06902817111500956,0.0,0.9842105263157893,0.990338023038051,0.0013484050939099675,0.06902817111500956,0.06533968649311536,0.002308042478116116,0.0009725848891906225,0.0
36,26,1qsm,D,train,0.00789475248076707,0.006059636772607644,0.0018351157081594241,-0.07784366880233513,0.0,0.00789475248076707,0.006059636772607644,0.0018351157081594241,0.0,0.975438596491228,0.9792588588822833,0.00012804466518891435,0.0018351157081594241,0.0012033695166685599,0.0008072150447917048,0.0005760760530540386,0.0
36,45,1qsm,L,train,0.011691175242054798,0.008300584259137269,0.0033905909829175305,-0.091107542273608,0.0,0.011691175242054798,0.008300584259137269,0.0033905909829175305,0.0,0.987719298245614,0.991850964085591,6.749984686445748e-05,0.0033905909829175305,0.002940210190471983,0.0011445509222072915,0.0003388021937055163,0.0
36,116,1qsm,T,train,0.006765912253781361,9.74547281329799e-06,0.006756166780968063,0.003121773984980013,0.0,0.006765912253781361,9.74547281329799e-06,0.006756166780968063,0.0,0.975438596491228,0.9840192927467423,0.0003896573782563225,0.006756166780968063,0.004574729654872147,0.00282961931994043,0.0011464356798334598,0.0
37,25,4cl6,A,train,0.004071822493448073,0.0012358362744966267,0.002835986218951447,0.03515446308076155,0.0,0.004071822493448073,0.0012358362744966267,0.002835986218951447,0.0,0.9824561403508772,0.9996277603434925,4.387593053258298e-06,0.002835986218951447,0.002996797510512997,1.0618737904474554e-05,6.929930776058729e-06,0.0
37,83,4cl6,D,train,1.1564343277103537e-05,1.986716038248077e-06,9.577627238855461e-06,-0.0014095091479831114,0.0,1.1564343277103537e-05,1.986716038248077e-06,9.577627238855461e-06,0.0,0.7578947368421053,0.9012137247791479,1.8173917414786464e-06,9.577627238855461e-06,7.037034641274374e-06,1.9514713536597426e-06,8.993105710189146e-06,0.0009125091059615231
37,12,4cl6,L,train,0.0002164288159904333,0.00012274789564551745,9.368092034491588e-05,0.011079164934484794,0.0,0.0002164288159904333,0.00012274789564551745,9.368092034491588e-05,0.0,0.9385964912280702,0.9934128048717558,1.589156271525491e-06,9.368092034491588e-05,0.00010433246908260788,7.2563619335017395e-06,7.709776772728001e-06,0.0
37,1,4cl6,T,train,0.001120089958523811,0.0005494048807874688,0.0005706850777363423,-0.023439387380805598,0.0,0.001120089958523811,0.0005494048807874688,0.0005706850777363423,0.0,0.9789473684210527,0.9692665851969818,3.901416577293652e-05,0.0005706850777363423,0.0004426565740912864,0.00016706839307341437,3.711583527387648e-05,0.0008546622598593553
38,142,1rvv,A,train,1.9974942317201566e-05,7.336779291523033e-07,1.9241264388049266e-05,0.0008565500155579377,0.0,1.9974942317201566e-05,7.336779291523033e-07,1.9241264388049266e-05,0.0,0.8684210526315789,0.9369422755543355,5.789368958509271e-06,1.9241264388049266e-05,3.5574163427287825e-05,2.8335083500267714e-05,2.7404140171482705e-05,0.0
38,48,1rvv,D,train,4.947974655873986e-06,1.0491289785962116e-08,4.9374833660880226e-06,0.00010242699734914675,0.0,4.947974655873986e-06,1.0491289785962116e-08,4.9374833660880226e-06,0.0,0.47719298245614034,0.5754421678654356,6.894965815706941e-06,4.9374833660880226e-06,1.0074492721865541e-05,2.0459307522803743e-05,1.4121530559897137e-05,0.005373705009306277
38,148,1rvv,L,train,0.0004187341221804373,0.0002804617437952856,0.00013827237838515174,0.016746992082021343,0.0,0.0004187341221804373,0.0002804617437952856,0.00013827237838515174,0.0,0.9649122807017543,0.9635600942594331,9.924917323470185e-06,0.00013827237838515174,0.00012440344287503285,0.0002297623575502795,8.505248699757378e-05,0.0011010276080573589
38,116,1rvv,T,train,2.198817620682244e-05,1.473679831082924e-05,7.251377895993204e-06,-0.003838853775650909,0.0,2.198817620682244e-05,1.473679831082924e-05,7.251377895993204e-06,0.0,0.13333333333333333,0.1848427287410448,9.680319406422627e-06,7.251377895993204e-06,4.553159408461721e-06,1.3190050361478406e-05,9.645706892090377e-06,0.0015251092790847035
39,101,2ja9,A,train,0.0026627018220083064,0.0012413954056386012,0.0014213064163697054,0.03523344158095546,0.0,0.0026627018220083064,0.0012413954056386012,0.0014213064163697054,0.0,0.987719298245614,0.9975920966291142,1.0209691693505532e-05,0.0014213064163697054,0.0012796941606036923,1.3805221503956425e-05,4.721377460273047e-05,0.005445905118075273
39,95,2ja9,D,train,0.0001033692989238472,9.558785787000313e-06,9.38105131368469e-05,0.0030917286082384906,0.0,0.0001033692989238472,9.558785787000313e-06,9.38105131368469e-05,0.0,0.7684210526315789,0.9613923298225393,7.113468724573333e-06,9.38105131368469e-05,8.854941761473187e-05,1.0801519786197923e-05,2.4265644182779404e-05,0.003380502286589593
39,51,2ja9,L,train,0.000770030194880068,0.0003689803102512221,0.000401049884628846,-0.019208860201772048,0.0,0.000770030194880068,0.0003689803102512221,0.000401049884628846,0.0,0.9736842105263157,0.9905730809892044,7.533263857346724e-06,0.000401049884628846,0.000396984696326261,2.9721724643963808e-05,0.00015336180768956727,0.0
39,78,2ja9,T,train,0.001531623114551018,0.0012967018015257901,0.00023492131302522813,-0.03600974592420488,0.0,0.001531623114551018,0.0012967018015257901,0.00023492131302522813,0.0,0.9350877192982456,0.9822907131376424,1.0567259053214388e-05,0.00023492131302522813,0.00018312689038518857,2.7190655613544918e-05,1.632385614223857e-05,0.0012173025264887172
