archive_role,common_holdout,component,eligible_train,length,observed_ca,observed_ca_neighbors8A,parent_index,pdb_id,position,sequence_window,source_aa,expanded_stratum,restricted_stratum
validation,True,439132ab9189a4f09111794dfbe346f3ca8105c64f6dad2c281c635cf4f8fb73,False,110,True,7,0,6ahp,47,ARYHS,Y,unseen_protein_covered_source,unseen_protein_covered_source
validation,True,439132ab9189a4f09111794dfbe346f3ca8105c64f6dad2c281c635cf4f8fb73,False,110,True,10,0,6ahp,57,SLLST,L,unseen_protein_covered_source,unseen_protein_uncovered_source
validation,True,e960c1a5710dc6ce554ab06cd0bd8aca391c7210a3e84b0d9e88e851f3762959,False,104,True,9,1,1x8d,77,WWKYM,K,unseen_protein_uncovered_source,unseen_protein_uncovered_source
validation,True,e960c1a5710dc6ce554ab06cd0bd8aca391c7210a3e84b0d9e88e851f3762959,False,104,True,8,1,1x8d,24,NPIWP,I,unseen_protein_covered_source,unseen_protein_uncovered_source
validation,True,6389c0a1fceffe14fb488b2f4fa523eeb583819ca46b2dbf91d6f880b1a2d124,False,106,True,8,2,2ebe,29,EVAGA,A,unseen_protein_covered_source,unseen_protein_covered_source
validation,True,6389c0a1fceffe14fb488b2f4fa523eeb583819ca46b2dbf91d6f880b1a2d124,False,106,True,5,2,2ebe,46,FFEDG,E,unseen_protein_uncovered_source,unseen_protein_uncovered_source
train,False,9d7fc00661a35cc01269002fe7c06b75e18d4156db537a5354bb45d6b14068e5,True,84,True,10,3,1w53,36,RKTIE,T,train,train
train,False,9d7fc00661a35cc01269002fe7c06b75e18d4156db537a5354bb45d6b14068e5,True,84,True,4,3,1w53,83,MAY,Y,train,train
train,False,618faa8c221c83dd72eba0d6e6a054c6caa40763d8e4eea844f0c6a85790831b,True,101,True,5,4,1jhg,1,SAAM,A,train,train
train,True,618faa8c221c83dd72eba0d6e6a054c6caa40763d8e4eea844f0c6a85790831b,False,101,True,7,4,1jhg,24,YQNDL,N,seen_protein_covered_source,seen_protein_covered_source
train,False,84c2aa6ecd46e56f06bf3aff0b3fe434e5f0144bf8bb675b800c89b929e83ca3,True,82,True,6,5,1a7g,64,FLNTV,N,train,train
train,True,84c2aa6ecd46e56f06bf3aff0b3fe434e5f0144bf8bb675b800c89b929e83ca3,False,82,True,6,5,1a7g,33,VSSTW,S,seen_protein_uncovered_source,seen_protein_uncovered_source
train,True,c806137af9888cbf8b586dba86f54a1ca6768bc67b6fddeb0095db8cc57dc692,False,99,True,9,6,4pt4,9,DVLTQ,L,unseen_protein_covered_source,unseen_protein_uncovered_source
train,True,c806137af9888cbf8b586dba86f54a1ca6768bc67b6fddeb0095db8cc57dc692,False,99,True,7,6,4pt4,16,GSDRR,D,unseen_protein_covered_source,unseen_protein_uncovered_source
train,False,8dc971ede5009755dbdbd03d7f4442e3f8b7c1fdc532055e3cfdfea0318e5db3,True,103,True,14,7,2p7t,43,PRALW,A,train,train
train,False,8dc971ede5009755dbdbd03d7f4442e3f8b7c1fdc532055e3cfdfea0318e5db3,True,103,True,8,7,2p7t,85,LVTAA,T,train,train
validation,True,80e34a1d141b7438e3002c325a28da91a69741bd093938694dc1c84da32f9265,False,140,True,8,8,3sxz,107,LIERI,E,unseen_protein_uncovered_source,unseen_protein_uncovered_source
validation,True,80e34a1d141b7438e3002c325a28da91a69741bd093938694dc1c84da32f9265,False,140,True,10,8,3sxz,100,SNREH,R,unseen_protein_uncovered_source,unseen_protein_uncovered_source
validation,True,3b568bf01f33736414da05710e7df266b8536b6f5cc01b18c1a7ad3dbba1397b,False,131,True,9,9,4pql,41,AILRD,L,unseen_protein_covered_source,unseen_protein_uncovered_source
validation,True,3b568bf01f33736414da05710e7df266b8536b6f5cc01b18c1a7ad3dbba1397b,False,131,True,11,9,4pql,88,GLEND,E,unseen_protein_uncovered_source,unseen_protein_uncovered_source
validation,True,7274b14e3b3c18bc3d1d6a3cdf49ea2f69984a26880c0b3ea881917ad7fea8e1,False,126,True,8,10,6zrw,79,RSPVG,P,unseen_protein_uncovered_source,unseen_protein_uncovered_source
validation,True,7274b14e3b3c18bc3d1d6a3cdf49ea2f69984a26880c0b3ea881917ad7fea8e1,False,126,True,12,10,6zrw,44,GVTKW,T,unseen_protein_covered_source,unseen_protein_covered_source
train,True,f732c40a7c43381c1934f7bd9ddd176068ac742600ac7bed2de7d0f21a169935,True,124,True,14,11,2dp9,51,IGQAD,Q,unseen_protein_uncovered_source,unseen_protein_uncovered_source
train,True,f732c40a7c43381c1934f7bd9ddd176068ac742600ac7bed2de7d0f21a169935,True,124,True,13,11,2dp9,48,GRLIG,L,unseen_protein_covered_source,unseen_protein_uncovered_source
train,False,eb9f1dcdd1f6a64e035e03a405aded3be8cdecf44a4416d50ad5eb78b91b38d9,True,129,True,9,12,5gpe,10,KKADC,A,seen_protein_covered_source,train
train,False,eb9f1dcdd1f6a64e035e03a405aded3be8cdecf44a4416d50ad5eb78b91b38d9,True,129,True,6,12,5gpe,71,LRDRP,D,train,seen_protein_uncovered_source
train,True,bf1da80f7ca488d4a360f401ebefd1f17d651a92b71dcce8a9bf9b1f8e5c0859,True,145,True,7,13,1qvc,94,GQDRY,D,unseen_protein_covered_source,unseen_protein_uncovered_source
train,True,bf1da80f7ca488d4a360f401ebefd1f17d651a92b71dcce8a9bf9b1f8e5c0859,True,145,True,11,13,1qvc,106,VGGTM,G,unseen_protein_uncovered_source,unseen_protein_uncovered_source
train,True,8dded2f456c49c21a3db212c50e4e81b45cb431d45ba1f7c429fd841be736f53,True,150,True,8,14,4akd,7,ITVGP,V,unseen_protein_covered_source,unseen_protein_uncovered_source
train,True,8dded2f456c49c21a3db212c50e4e81b45cb431d45ba1f7c429fd841be736f53,True,150,True,7,14,4akd,5,QTITV,I,unseen_protein_covered_source,unseen_protein_uncovered_source
train,True,75da4c13ad428fda7a6be6241129e1f4243dd0c4ec5dc91dbd057c8f8218d39c,True,143,True,9,15,5mh3,12,TIPDN,P,unseen_protein_uncovered_source,unseen_protein_uncovered_source
train,True,75da4c13ad428fda7a6be6241129e1f4243dd0c4ec5dc91dbd057c8f8218d39c,True,143,True,11,15,5mh3,65,NYEVL,E,unseen_protein_uncovered_source,unseen_protein_uncovered_source
validation,True,ed3d2e9ec77b8155c62c828e29581448bea8efbec49f5c7dbb3c5165a00855fc,False,161,True,14,16,1ysb,109,RCVIG,V,unseen_protein_covered_source,unseen_protein_uncovered_source
validation,True,ed3d2e9ec77b8155c62c828e29581448bea8efbec49f5c7dbb3c5165a00855fc,False,161,True,7,16,1ysb,4,SMVTG,V,unseen_protein_covered_source,unseen_protein_uncovered_source
validation,True,5efecc7ad1bd23787e5e9108c2620b1b689137a9256a5280932fef074b182d6d,False,155,True,9,17,2fkz,136,ETQLD,Q,unseen_protein_uncovered_source,unseen_protein_uncovered_source
validation,True,5efecc7ad1bd23787e5e9108c2620b1b689137a9256a5280932fef074b182d6d,False,155,True,12,17,2fkz,43,KHEYH,E,unseen_protein_uncovered_source,unseen_protein_uncovered_source
train,False,4652d84cf6d7a97c60d8b800c884241f5006c5fe47aed9df404ec5e86cd8ae1d,True,183,True,10,18,1dzr,178,DQALL,A,seen_protein_covered_source,train
train,False,4652d84cf6d7a97c60d8b800c884241f5006c5fe47aed9df404ec5e86cd8ae1d,True,183,True,12,18,1dzr,12,DVLIL,L,train,seen_protein_uncovered_source
train,False,9a2b657da9f7037dc03b10c58c3a4c7592064680c60d87cd4ea7477767f78591,True,170,True,13,19,2ed6,89,EGTFK,T,seen_protein_covered_source,train
train,False,9a2b657da9f7037dc03b10c58c3a4c7592064680c60d87cd4ea7477767f78591,True,170,True,11,19,2ed6,136,DEVGT,V,train,seen_protein_uncovered_source
train,True,66feb5eb41409330549a5ee9a99368a07d84cecde9f4d6347621fa322fc10039,True,164,True,13,20,2arc,111,NTGFF,G,unseen_protein_uncovered_source,unseen_protein_uncovered_source
train,True,66feb5eb41409330549a5ee9a99368a07d84cecde9f4d6347621fa322fc10039,True,164,True,6,20,2arc,99,WHEWL,E,unseen_protein_uncovered_source,unseen_protein_uncovered_source
train,True,d05067d6ede71a300a4ebb787b1a239d4fb9856ac9193372ec9a5da2848f0e7a,True,181,True,7,21,1m4i,127,YASRG,S,unseen_protein_uncovered_source,unseen_protein_uncovered_source
train,True,d05067d6ede71a300a4ebb787b1a239d4fb9856ac9193372ec9a5da2848f0e7a,True,181,True,10,21,1m4i,22,RQDIR,D,unseen_protein_covered_source,unseen_protein_uncovered_source
train,False,080d2ae5b45caf390ef1d5dec5ca4a9dddf9d8ee15705263873be3702b731f61,True,191,True,11,22,4hut,24,RGIII,I,train,seen_protein_uncovered_source
train,False,080d2ae5b45caf390ef1d5dec5ca4a9dddf9d8ee15705263873be3702b731f61,True,191,True,11,22,4hut,43,GTAAR,A,seen_protein_covered_source,train
train,True,fd11aa7b5c57b41a3dbb13f8f2d45befd3e81cd61ae33e0c590a34d73d09bc8c,True,164,True,8,23,4hgr,67,EALKV,L,unseen_protein_covered_source,unseen_protein_uncovered_source
train,True,fd11aa7b5c57b41a3dbb13f8f2d45befd3e81cd61ae33e0c590a34d73d09bc8c,True,164,True,12,23,4hgr,147,EFVEK,V,unseen_protein_covered_source,unseen_protein_uncovered_source
