parent_index,pdb_id,position_1based,source_aa,arm,common_holdout,nmse,centered_nmse,energy_ratio,centered_energy_ratio
0,6ahp,48,Y,restricted_s231301,True,1.0778135393486417,1.1065738833264211,0.11190136771320501,0.28530338200915223
0,6ahp,48,Y,restricted_s231303,True,1.055318654428222,1.064108517835823,0.08619377718802976,0.21224049055117067
0,6ahp,48,Y,expanded_s231301,True,1.0038033641506845,1.0,0.00020054147558469748,0.0
0,6ahp,48,Y,expanded_s231303,True,1.013419153449533,1.0089641862235101,0.08885037347157639,0.18055162271087988
0,6ahp,58,L,restricted_s231301,True,1.0143708882338958,1.210234857639563,0.11124977909737326,0.4010205722866548
0,6ahp,58,L,restricted_s231303,True,1.0054144902320943,1.1282742175452452,0.08733792377627861,0.28450205797472006
0,6ahp,58,L,expanded_s231301,True,0.999321382187069,1.0,0.00013998209099928653,0.0
0,6ahp,58,L,expanded_s231303,True,0.994137731468085,1.0619386454300763,0.08684074081638704,0.26821536186897443
4,1jhg,2,A,restricted_s231301,False,0.27658041838459235,0.3376546410942328,0.7652728241122334,0.6644366920810134
4,1jhg,2,A,restricted_s231303,False,0.2763206749915366,0.33671333675553455,0.7303330092911694,0.670943466096055
4,1jhg,2,A,expanded_s231301,False,0.9998174129863108,1.0,0.0010842489316068072,0.0
4,1jhg,2,A,expanded_s231303,False,0.2894697223092108,0.35367780528710613,0.738402010114753,0.6670632689068399
4,1jhg,25,N,restricted_s231301,True,1.093296041917692,1.2340233349342573,0.4964431455548882,0.5673207955204712
4,1jhg,25,N,restricted_s231303,True,1.0067180614944808,1.076197873791089,0.3330164464071086,0.3631521090388799
4,1jhg,25,N,expanded_s231301,True,1.0012280156535025,1.0,0.0005988957413900212,0.0
4,1jhg,25,N,expanded_s231303,True,0.9254384159297528,0.9319190179518809,0.17668203726725562,0.1634019514959643
8,3sxz,108,E,restricted_s231301,True,1.6535613880189495,1.518579588193284,0.9636206056576269,0.8552445534501381
8,3sxz,108,E,restricted_s231303,True,1.5619091599556305,1.3648451754584114,0.8070917778035995,0.6837692369918625
8,3sxz,108,E,expanded_s231301,True,1.0008302635955615,1.0,0.0013012710269228885,0.0
8,3sxz,108,E,expanded_s231303,True,1.2958189010647856,1.1092292689793746,0.6132176460110234,0.46800178966273837
8,3sxz,101,R,restricted_s231301,True,1.3031341218744419,1.0974281679591011,0.18572197049242567,0.1448521852908257
8,3sxz,101,R,restricted_s231303,True,1.2566968886931467,1.1427442100014948,0.24846431884170853,0.23496501386028298
8,3sxz,101,R,expanded_s231301,True,1.000841780503546,1.0,0.0003139542140329748,0.0
8,3sxz,101,R,expanded_s231303,True,1.0606316040600021,1.02764731025208,0.11354008237072528,0.09895455312413706
12,5gpe,11,A,restricted_s231301,False,0.5224646538045525,0.5507084885705444,0.5118103193653193,0.472303946619364
12,5gpe,11,A,restricted_s231303,False,0.5230543669363699,0.5484194225649314,0.49825707726032736,0.4712136735706043
12,5gpe,11,A,expanded_s231301,False,0.9992366106817355,1.0,0.0002972206602383194,0.0
12,5gpe,11,A,expanded_s231303,False,1.0944107575243063,1.2048007483861585,0.4080941712485019,0.4073357838379356
12,5gpe,72,D,restricted_s231301,False,1.310222379004266,1.4617167665911142,0.30997322583055853,0.7886522424768202
12,5gpe,72,D,restricted_s231303,False,1.2129646068711124,1.3737496998170942,0.2648299265538334,0.7325181022016763
12,5gpe,72,D,expanded_s231301,False,0.9996231590537912,1.0,0.000407625202080686,0.0
12,5gpe,72,D,expanded_s231303,False,0.5151049851410374,0.5644633634888543,0.47322625320237655,0.47292006433730355
16,1ysb,110,V,restricted_s231301,True,1.1938398633996337,1.1992357618426959,0.2924429466035337,0.2532881435482758
16,1ysb,110,V,restricted_s231303,True,1.2992345344676626,1.2885120766596463,0.39039585466459686,0.3409457105025732
16,1ysb,110,V,expanded_s231301,True,1.0008178303079072,1.0,0.00020835704525515859,0.0
16,1ysb,110,V,expanded_s231303,True,1.4803269831324812,1.2829013173791728,0.543405422506524,0.33803504451806976
16,1ysb,5,V,restricted_s231301,True,1.3038579893876152,1.3609388123831037,0.5111915456818997,0.5012858070026796
16,1ysb,5,V,restricted_s231303,True,1.2842526364975344,1.3696486605161209,0.5174609933352678,0.5355036958967828
16,1ysb,5,V,expanded_s231301,True,1.0006291840993007,1.0,0.0005574502989112768,0.0
16,1ysb,5,V,expanded_s231303,True,1.613173292554589,1.4549499962903174,0.7678735481379014,0.5569834726729147
20,2arc,112,G,restricted_s231301,True,1.1535913250830807,1.5705823588118748,0.39091247111561195,0.6044258189647256
20,2arc,112,G,restricted_s231303,True,1.0942488373957473,1.4699447546101434,0.32660040412667624,0.5210241854214409
20,2arc,112,G,expanded_s231301,True,0.9982308827150411,1.0,0.00018962798712900876,0.0
20,2arc,112,G,expanded_s231303,True,1.0294939806443941,1.345324816219323,0.20188523951720053,0.39952791813739835
20,2arc,100,E,restricted_s231301,True,1.7248153534135104,1.8296860147733083,0.9358535256240138,1.0730843987258696
20,2arc,100,E,restricted_s231303,True,1.9595557510984132,2.6282914199550604,1.3212696879855916,1.8667612580754678
20,2arc,100,E,expanded_s231301,True,0.9998768296849785,1.0,0.001559412217177781,0.0
20,2arc,100,E,expanded_s231303,True,1.13911042203736,1.1229754728772516,0.3818177391106082,0.3983247968053561
1,1x8d,78,K,restricted_s231301,True,1.344120195664711,1.1852035338464766,0.490472144424712,0.4587831403056626
1,1x8d,78,K,restricted_s231303,True,1.3489285640375779,1.40980494573337,0.6574830499909566,0.7201886434827856
1,1x8d,78,K,expanded_s231301,True,1.0014450381957978,1.0,0.0006965398282041372,0.0
1,1x8d,78,K,expanded_s231303,True,1.1499831020342166,1.2170073413737026,0.4961080348775526,0.5693570075354635
1,1x8d,25,I,restricted_s231301,True,1.1112404006136591,1.1204774908888187,0.18625565572947778,0.19640515887893564
1,1x8d,25,I,restricted_s231303,True,1.0952935356828442,1.1125340699473913,0.22636696092215375,0.24931109489933687
1,1x8d,25,I,expanded_s231301,True,0.9973162061934833,1.0,0.00020726837992051398,0.0
1,1x8d,25,I,expanded_s231303,True,1.088698589049589,1.0684046074311147,0.210480186422479,0.2050462188937237
5,1a7g,65,N,restricted_s231301,False,0.5378908042783871,0.5358019201754036,0.44772385107498897,0.4468887305234243
5,1a7g,65,N,restricted_s231303,False,0.5380810622799885,0.5308095037833732,0.4342610937225316,0.43311910894470673
5,1a7g,65,N,expanded_s231301,False,0.9993388302755817,1.0,7.179208488576837e-05,0.0
5,1a7g,65,N,expanded_s231303,False,0.562422110180987,0.5958879165924816,0.385346055947644,0.38301495220422643
5,1a7g,34,S,restricted_s231301,True,1.670893339102597,1.115584147019703,0.2957906950935923,0.16128484378157767
5,1a7g,34,S,restricted_s231303,True,1.5221404884102443,1.101051627668628,0.24518106225607203,0.14638561950559517
5,1a7g,34,S,expanded_s231301,True,0.999977513299873,1.0,0.00011598664787567133,0.0
5,1a7g,34,S,expanded_s231303,True,1.1389809386505436,1.0307038257280603,0.12525172451267316,0.07295778014667413
9,4pql,42,L,restricted_s231301,True,1.5840525654042068,1.350455787159203,0.41730623210704704,0.39641935005817536
9,4pql,42,L,restricted_s231303,True,1.4780003643652044,1.331901296587667,0.39523750507422867,0.39361142736352206
9,4pql,42,L,expanded_s231301,True,0.9981639275319998,1.0,0.00041279902849750935,0.0
9,4pql,42,L,expanded_s231303,True,1.2303320457016096,1.1562754150395844,0.296488669741633,0.29630254596454575
9,4pql,89,E,restricted_s231301,True,1.6383336554065597,1.390123793050654,0.4472589601773895,0.6193732835015416
9,4pql,89,E,restricted_s231303,True,1.5385928392340837,1.383777480797131,0.43740747053632045,0.59658527420826
9,4pql,89,E,expanded_s231301,True,0.9990838893251995,1.0,0.0006532352065484562,0.0
9,4pql,89,E,expanded_s231303,True,1.2007198061418263,1.1309024353001662,0.3023120175388922,0.37605296506700514
13,1qvc,95,D,restricted_s231301,True,2.0552534371924196,2.2448482010353628,1.2027078136629075,1.5633292622594441
13,1qvc,95,D,restricted_s231303,True,1.8078006706927034,2.1054648122192745,0.9593157053985978,1.3537989105219244
13,1qvc,95,D,expanded_s231301,True,1.0008194783635391,1.0,0.0011914433499454768,0.0
13,1qvc,95,D,expanded_s231303,True,1.1478958933066066,1.161851423980229,0.3031178553812543,0.35171553598542904
13,1qvc,107,G,restricted_s231301,True,1.7908018265460985,2.1353986778344716,1.124182069333107,1.240309171368395
13,1qvc,107,G,restricted_s231303,True,1.6959824350807533,2.244818326605884,1.0136362714000717,1.3677573413645048
13,1qvc,107,G,expanded_s231301,True,1.0002934671984631,1.0,0.0003682913558562457,0.0
13,1qvc,107,G,expanded_s231303,True,1.1868029063172354,1.5286291136204724,0.4511125372647811,0.6536013005128919
17,2fkz,137,Q,restricted_s231301,True,2.855373946636684,1.2773328043219074,0.43441674588803053,0.3764489869251049
17,2fkz,137,Q,restricted_s231303,True,2.8999791877440178,1.3040956640303139,0.4711141685821294,0.3910214354236873
17,2fkz,137,Q,expanded_s231301,True,0.9975395832774977,1.0,0.0006431611579213643,0.0
17,2fkz,137,Q,expanded_s231303,True,1.9301003149620357,1.1333404542274035,0.23138180200246056,0.24479824745846523
17,2fkz,44,E,restricted_s231301,True,1.4264711895694646,1.283174064546285,0.4513475868304367,0.4095823853708962
17,2fkz,44,E,restricted_s231303,True,1.3953192900705935,1.2757442698700823,0.39710182339733063,0.36721662281429646
17,2fkz,44,E,expanded_s231301,True,0.9997227335364977,1.0,0.0004401681459341024,0.0
17,2fkz,44,E,expanded_s231303,True,1.242112045942373,1.1524796092607876,0.2919791455421671,0.29440667840024526
21,1m4i,128,S,restricted_s231301,True,2.2121355597921477,1.3147341869591294,0.7313712126376088,0.4262584551197702
21,1m4i,128,S,restricted_s231303,True,1.8420110915790615,1.241014765973297,0.558317202234276,0.3539571765906068
21,1m4i,128,S,expanded_s231301,True,1.0006098884725914,1.0,0.0006959983132026287,0.0
21,1m4i,128,S,expanded_s231303,True,1.307387208835244,1.0917215836535032,0.30282467847040795,0.19036248697019073
21,1m4i,23,D,restricted_s231301,True,1.2126275384916954,1.0794568047146613,0.20408418266432057,0.15694738087655669
21,1m4i,23,D,restricted_s231303,True,1.2304921631114947,1.093936818083619,0.19907141345846843,0.17194365940307826
21,1m4i,23,D,expanded_s231301,True,0.9997212456081412,1.0,0.00036268004456509195,0.0
21,1m4i,23,D,expanded_s231303,True,1.054776467808851,1.0079744588445174,0.08672376542800012,0.06413841171102204
2,2ebe,30,A,restricted_s231301,True,0.9860116057546853,1.0111900880624547,0.0197488935624338,0.017545152616727892
2,2ebe,30,A,restricted_s231303,True,0.9854276937447652,1.0099538460394883,0.017169207817257406,0.015326654596363664
2,2ebe,30,A,expanded_s231301,True,0.9998920793421794,1.0,1.3039833398240435e-05,0.0
2,2ebe,30,A,expanded_s231303,True,0.9907675061434743,1.0011813422955722,0.006831675634311674,0.005742289382347348
2,2ebe,47,E,restricted_s231301,True,0.9983738145786681,1.0098179708100858,0.007823623873487834,0.013658189215031228
2,2ebe,47,E,restricted_s231303,True,0.9983892817452048,1.0122967638905385,0.00804617823692182,0.014828514170555807
2,2ebe,47,E,expanded_s231301,True,1.000240088238713,1.0,7.946491399532153e-06,0.0
2,2ebe,47,E,expanded_s231303,True,1.0002909526097186,1.0022965138268891,0.004518519872283512,0.006892270208627145
6,4pt4,10,L,restricted_s231301,True,1.212834260369576,1.4577341079902473,0.31390458441466507,0.6304671833801153
6,4pt4,10,L,restricted_s231303,True,1.1682048103454774,1.3460290262005739,0.251726503171433,0.4963590390789986
6,4pt4,10,L,expanded_s231301,True,1.001170004634035,1.0,0.0005089436683540305,0.0
6,4pt4,10,L,expanded_s231303,True,1.1049614822601905,1.4370330039867845,0.3580372737440515,0.6727718133465934
6,4pt4,17,D,restricted_s231301,True,1.1981838425353437,1.2001171289736638,0.4568345905775037,0.545197909717583
6,4pt4,17,D,restricted_s231303,True,1.0961977766141073,1.1428470553898218,0.31860587753280606,0.41001545410858364
6,4pt4,17,D,expanded_s231301,True,1.0006922100723528,1.0,0.0006114242432694664,0.0
6,4pt4,17,D,expanded_s231303,True,1.0197988800130795,0.9922108159617439,0.2559212414503039,0.2845835901593643
10,6zrw,80,P,restricted_s231301,True,0.9899976297311662,1.0281030150106567,0.01132435562153855,0.040430894098525474
10,6zrw,80,P,restricted_s231303,True,0.987939985161623,1.026388509611442,0.01086415465643189,0.04033934418412855
10,6zrw,80,P,expanded_s231301,True,0.9995416001795601,1.0,9.877607911345988e-06,0.0
10,6zrw,80,P,expanded_s231303,True,0.9857791851365489,1.0066125752596384,0.005584945889101927,0.020836015012247355
10,6zrw,45,T,restricted_s231301,True,1.040623181704596,1.048004883535627,0.08748352416493503,0.0716809115875284
10,6zrw,45,T,restricted_s231303,True,1.0253522070986498,1.040992483607876,0.07009102709701187,0.061112359935857
10,6zrw,45,T,expanded_s231301,True,0.9998406554997782,1.0,2.248216498745099e-05,0.0
10,6zrw,45,T,expanded_s231303,True,0.9965172168210423,1.0153184199400331,0.028498555031402806,0.027383178202398092
14,4akd,8,V,restricted_s231301,True,1.6405695815167334,1.4764716975382268,0.7382394331910748,0.633197668517271
14,4akd,8,V,restricted_s231303,True,1.9162767374499634,1.6866074082693163,1.0281921526804234,0.8818168197492192
14,4akd,8,V,expanded_s231301,True,0.9982118612421805,1.0,0.0009947858997199027,0.0
14,4akd,8,V,expanded_s231303,True,1.7430323179811555,1.3888521601424806,0.8183305345603208,0.6064648352219875
14,4akd,6,I,restricted_s231301,True,1.3282594750825458,1.25004703408468,0.41881817971600044,0.45915630444496647
14,4akd,6,I,restricted_s231303,True,1.3156937800410535,1.303066385024709,0.4635124628915849,0.5099645869490815
14,4akd,6,I,expanded_s231301,True,0.996550005783182,1.0,0.0008787877171071356,0.0
14,4akd,6,I,expanded_s231303,True,1.3052362971846465,1.095240387039289,0.426166640736473,0.3452248136129662
18,1dzr,179,A,restricted_s231301,False,0.4055166303350715,0.4061319032689151,0.6083937219111308,0.5926884553273116
18,1dzr,179,A,restricted_s231303,False,0.4072032683221012,0.41173812188085473,0.5945495957759706,0.5816777234283461
18,1dzr,179,A,expanded_s231301,False,0.9988433366426565,1.0,0.00017670749534439543,0.0
18,1dzr,179,A,expanded_s231303,False,1.0087338812972915,1.082390176397692,0.15555443168926725,0.13733381847673126
18,1dzr,13,L,restricted_s231301,False,1.3955389732504113,1.4007578220285668,0.4316998005781336,0.4651817389430827
18,1dzr,13,L,restricted_s231303,False,1.4577816030410717,1.4502683809381243,0.5126111763629584,0.5321561672068961
18,1dzr,13,L,expanded_s231301,False,1.0012308881020067,1.0,0.0007539023239841834,0.0
18,1dzr,13,L,expanded_s231303,False,0.5974494717587163,0.6317493769254604,0.3885167795179459,0.3840526251674355
22,4hut,25,I,restricted_s231301,False,1.306332978171743,1.2503914138494445,0.1343201662800481,0.2856072813182375
22,4hut,25,I,restricted_s231303,False,1.2336563704042023,1.255886581079417,0.1322492505563123,0.2918669264711597
22,4hut,25,I,expanded_s231301,False,0.9995487148483115,1.0,0.00010257731468696433,0.0
22,4hut,25,I,expanded_s231303,False,0.48483813738887216,0.5536206290151118,0.5469903669871758,0.47347352591847003
22,4hut,44,A,restricted_s231301,False,0.5640935175681272,0.6280169540082309,0.4551665648352134,0.412308067515139
22,4hut,44,A,restricted_s231303,False,0.5655645891690931,0.6312955212299237,0.435315689951029,0.3908678014989244
22,4hut,44,A,expanded_s231301,False,0.9980933882391672,1.0,0.00015242844071653211,0.0
22,4hut,44,A,expanded_s231303,False,0.9896714307896871,1.1458564963941094,0.18806135802020424,0.22279644157867332
3,1w53,37,T,restricted_s231301,False,0.65613644508796,0.6624843121860969,0.3651096630318712,0.3448430774942694
3,1w53,37,T,restricted_s231303,False,0.6471111666798851,0.6547904205978419,0.3355362415010624,0.32425516944451793
3,1w53,37,T,expanded_s231301,False,0.9999565818448667,1.0,5.490778965785356e-05,0.0
3,1w53,37,T,expanded_s231303,False,0.6817344559599511,0.689408568550178,0.3317290571418043,0.3154129382571275
3,1w53,84,Y,restricted_s231301,False,0.5571708089734255,0.5914401148648981,0.4321256192637803,0.4081514022460191
3,1w53,84,Y,restricted_s231303,False,0.5516808748979464,0.590517173594215,0.395261617437299,0.38227224747464933
3,1w53,84,Y,expanded_s231301,False,0.9994815019877685,1.0,4.672910768892638e-05,0.0
3,1w53,84,Y,expanded_s231303,False,0.5858205640251095,0.6181151287816057,0.40252607236516114,0.383609692072164
7,2p7t,44,A,restricted_s231301,False,0.5190936128691294,0.609981399418307,0.4645377094327792,0.39426560827789536
7,2p7t,44,A,restricted_s231303,False,0.5192753210513191,0.6084785927389184,0.4673545672794612,0.3991169433564219
7,2p7t,44,A,expanded_s231301,False,0.9982869518073141,1.0,8.832173730992985e-05,0.0
7,2p7t,44,A,expanded_s231303,False,0.553345651085864,0.6429241405935069,0.4194746467283725,0.364083280610397
7,2p7t,86,T,restricted_s231301,False,0.4711905024211107,0.4778000986610781,0.5328214264207274,0.5246544298289564
7,2p7t,86,T,restricted_s231303,False,0.4693829580218665,0.47767337713416946,0.5302981204209114,0.520978819841002
7,2p7t,86,T,expanded_s231301,False,0.9974053583580094,1.0,0.0005530051718448052,0.0
7,2p7t,86,T,expanded_s231303,False,0.4965476240447066,0.5264888238307921,0.49293107840590766,0.4885043655557377
11,2dp9,52,Q,restricted_s231301,True,1.1771268087057571,1.2556150783798434,0.27860763153182616,0.31551583233254515
11,2dp9,52,Q,restricted_s231303,True,1.23952016364864,1.3501897066331439,0.3534669120811951,0.41352781281953876
11,2dp9,52,Q,expanded_s231301,True,0.9993463450536946,1.0,0.00019983247050185486,0.0
11,2dp9,52,Q,expanded_s231303,True,1.0502230350968573,1.082003093368819,0.1390505925449149,0.18317587721808198
11,2dp9,49,L,restricted_s231301,True,1.0645587891144834,1.1191033204927974,0.20032786893775656,0.20027414904962934
11,2dp9,49,L,restricted_s231303,True,1.0868729819799234,1.162323053824692,0.22580914770407118,0.24192468364908465
11,2dp9,49,L,expanded_s231301,True,0.9986566482321668,1.0,0.00014555338723295477,0.0
11,2dp9,49,L,expanded_s231303,True,0.9972472097467519,1.0433798858037833,0.10834782929338513,0.12445519450050097
15,5mh3,13,P,restricted_s231301,True,1.3028883809322855,1.2867877832405483,0.3804862917954832,0.422605228758792
15,5mh3,13,P,restricted_s231303,True,1.2327658527381298,1.2974566299270707,0.42115299091245295,0.4636753071414611
15,5mh3,13,P,expanded_s231301,True,0.9996439445741754,1.0,0.00043866887695076214,0.0
15,5mh3,13,P,expanded_s231303,True,1.1786948224919387,1.1799973100847905,0.28055860511658703,0.3632531692742288
15,5mh3,66,E,restricted_s231301,True,3.42347579566988,1.8601068036695858,1.0771000814481881,1.0553522803269508
15,5mh3,66,E,restricted_s231303,True,3.224514609684468,1.851330320751189,1.080766719598814,1.0880401382136007
15,5mh3,66,E,expanded_s231301,True,1.0016298547187454,1.0,0.0012208144227526248,0.0
15,5mh3,66,E,expanded_s231303,True,1.5442204491184441,1.1964742417289609,0.514071210886816,0.526510394009626
19,2ed6,90,T,restricted_s231301,False,0.6052514329495786,0.7319275209414915,0.3834073371138983,0.3073007372636204
19,2ed6,90,T,restricted_s231303,False,0.6030745977748532,0.7277037882855811,0.37155327861112264,0.29672535099845165
19,2ed6,90,T,expanded_s231301,False,1.0000265827326473,1.0,1.8207912003569327e-05,0.0
19,2ed6,90,T,expanded_s231303,False,0.9933430478038625,1.0147267546992613,0.011904650634356913,0.01919717631277037
19,2ed6,137,V,restricted_s231301,False,1.0077595843985634,1.0684943605938515,0.035601240395285505,0.06815659121552957
19,2ed6,137,V,restricted_s231303,False,0.9922142551239128,1.0779027810062733,0.038487448632456296,0.07896010874012059
19,2ed6,137,V,expanded_s231301,False,1.0000107553296365,1.0,1.532242310245125e-05,0.0
19,2ed6,137,V,expanded_s231303,False,0.5827359052629565,0.7185740311219492,0.4063808587608539,0.3121940882941782
23,4hgr,68,L,restricted_s231301,True,1.240824174771182,1.2391309525528158,0.3535856837301373,0.35181756850516827
23,4hgr,68,L,restricted_s231303,True,1.3203426005510401,1.2869546946916697,0.487003890860229,0.44915302686283354
23,4hgr,68,L,expanded_s231301,True,0.9985728202308745,1.0,0.0007397782657291246,0.0
23,4hgr,68,L,expanded_s231303,True,1.0602229025121663,1.0970550414808478,0.2892452438912229,0.3051722528412174
23,4hgr,148,V,restricted_s231301,True,1.3756029502625904,1.1967035492400973,0.36737290161238706,0.2746302919122031
23,4hgr,148,V,restricted_s231303,True,1.3666883476415825,1.174268263205587,0.33726098428428436,0.24853620968643864
23,4hgr,148,V,expanded_s231301,True,1.0000528220434908,1.0,0.00024723364922226755,0.0
23,4hgr,148,V,expanded_s231303,True,1.6143012520085418,1.2787865013895705,0.4959752578510431,0.3431163581504537
