arm,step,per_site_exposures,parent_index,position_1based,nmse,centered_nmse
restricted_s231301,0,0,3,37,1.0,1.0
restricted_s231301,0,0,3,84,1.0,1.0
restricted_s231301,0,0,4,2,1.0,1.0
restricted_s231301,0,0,5,65,1.0,1.0
restricted_s231301,0,0,7,44,1.0,1.0
restricted_s231301,0,0,7,86,1.0,1.0
restricted_s231301,0,0,12,11,1.0,1.0
restricted_s231301,0,0,18,179,1.0,1.0
restricted_s231301,0,0,19,90,1.0,1.0
restricted_s231301,0,0,22,44,1.0,1.0
restricted_s231301,10920,1092,3,37,0.7286808343642851,0.7349152452696817
restricted_s231301,10920,1092,3,84,0.6217129888945021,0.6642347939009265
restricted_s231301,10920,1092,4,2,0.31337331355297626,0.3883091212102498
restricted_s231301,10920,1092,5,65,0.6016198127306016,0.608095799164185
restricted_s231301,10920,1092,7,44,0.5794709110910657,0.68179252427529
restricted_s231301,10920,1092,7,86,0.5195764703755722,0.5362522562211008
restricted_s231301,10920,1092,12,11,0.586515757069147,0.6198087475624802
restricted_s231301,10920,1092,18,179,0.4639554060468086,0.4712125759628929
restricted_s231301,10920,1092,19,90,0.6622994002293225,0.7830521567180159
restricted_s231301,10920,1092,22,44,0.6189063089235115,0.6888590564588709
restricted_s231301,21840,2184,3,37,0.6845589859981179,0.6900061804246818
restricted_s231301,21840,2184,3,84,0.588195135808442,0.6201849949021473
restricted_s231301,21840,2184,4,2,0.2905325580348058,0.3532989466545595
restricted_s231301,21840,2184,5,65,0.5563555625133835,0.5568609164334067
restricted_s231301,21840,2184,7,44,0.5357679315603139,0.6286618311642568
restricted_s231301,21840,2184,7,86,0.48456515096550634,0.49300102810338936
restricted_s231301,21840,2184,12,11,0.5395487374143347,0.5672762204506407
restricted_s231301,21840,2184,18,179,0.42152537580057875,0.42361670368853
restricted_s231301,21840,2184,19,90,0.6251460273113502,0.7446489408518195
restricted_s231301,21840,2184,22,44,0.5807524662357479,0.6436211685880254
restricted_s231301,32760,3276,3,37,0.65613644508796,0.6624843121860969
restricted_s231301,32760,3276,3,84,0.5571708089734255,0.5914401148648981
restricted_s231301,32760,3276,4,2,0.27658041838459235,0.3376546410942328
restricted_s231301,32760,3276,5,65,0.5378908042783871,0.5358019201754036
restricted_s231301,32760,3276,7,44,0.5190936128691294,0.609981399418307
restricted_s231301,32760,3276,7,86,0.4711905024211107,0.4778000986610781
restricted_s231301,32760,3276,12,11,0.5224646538045525,0.5507084885705444
restricted_s231301,32760,3276,18,179,0.4055166303350715,0.4061319032689151
restricted_s231301,32760,3276,19,90,0.6052514329495786,0.7319275209414915
restricted_s231301,32760,3276,22,44,0.5640935175681272,0.6280169540082309
restricted_s231303,0,0,3,37,1.0,1.0
restricted_s231303,0,0,3,84,1.0,1.0
restricted_s231303,0,0,4,2,1.0,1.0
restricted_s231303,0,0,5,65,1.0,1.0
restricted_s231303,0,0,7,44,1.0,1.0
restricted_s231303,0,0,7,86,1.0,1.0
restricted_s231303,0,0,12,11,1.0,1.0
restricted_s231303,0,0,18,179,1.0,1.0
restricted_s231303,0,0,19,90,1.0,1.0
restricted_s231303,0,0,22,44,1.0,1.0
restricted_s231303,10920,1092,3,37,0.724852937906308,0.7291001830431894
restricted_s231303,10920,1092,3,84,0.6266120841276533,0.6662149773991871
restricted_s231303,10920,1092,4,2,0.31788442515713344,0.3921536679178206
restricted_s231303,10920,1092,5,65,0.5993061932575496,0.6040706340861016
restricted_s231303,10920,1092,7,44,0.580749496561038,0.6822537885132922
restricted_s231303,10920,1092,7,86,0.5193431551542673,0.5366755403534569
restricted_s231303,10920,1092,12,11,0.5876977842133881,0.619844770997394
restricted_s231303,10920,1092,18,179,0.4670305955695023,0.4787695728249731
restricted_s231303,10920,1092,19,90,0.6635531809217842,0.7833685870674958
restricted_s231303,10920,1092,22,44,0.622300424220226,0.6947229506263973
restricted_s231303,21840,2184,3,37,0.6721983258096278,0.6786113628519087
restricted_s231303,21840,2184,3,84,0.5836544699249634,0.6213003060684077
restricted_s231303,21840,2184,4,2,0.2966233457629481,0.35537538940260854
restricted_s231303,21840,2184,5,65,0.5647165988862213,0.5635294086629951
restricted_s231303,21840,2184,7,44,0.5433547966823867,0.632942054757964
restricted_s231303,21840,2184,7,86,0.4907613660206323,0.4969463438393251
restricted_s231303,21840,2184,12,11,0.5476287915647068,0.5708163211277063
restricted_s231303,21840,2184,18,179,0.43075239823920525,0.4362952391226444
restricted_s231303,21840,2184,19,90,0.635359844959463,0.7518266531622776
restricted_s231303,21840,2184,22,44,0.5855391010849925,0.6523378111789223
restricted_s231303,32760,3276,3,37,0.6471111666798851,0.6547904205978419
restricted_s231303,32760,3276,3,84,0.5516808748979464,0.590517173594215
restricted_s231303,32760,3276,4,2,0.2763206749915366,0.33671333675553455
restricted_s231303,32760,3276,5,65,0.5380810622799885,0.5308095037833732
restricted_s231303,32760,3276,7,44,0.5192753210513191,0.6084785927389184
restricted_s231303,32760,3276,7,86,0.4693829580218665,0.47767337713416946
restricted_s231303,32760,3276,12,11,0.5230543669363699,0.5484194225649314
restricted_s231303,32760,3276,18,179,0.4072032683221012,0.41173812188085473
restricted_s231303,32760,3276,19,90,0.6030745977748532,0.7277037882855811
restricted_s231303,32760,3276,22,44,0.5655645891690931,0.6312955212299237
expanded_s231301,0,0,3,37,1.0,1.0
expanded_s231301,0,0,3,84,1.0,1.0
expanded_s231301,0,0,4,2,1.0,1.0
expanded_s231301,0,0,5,65,1.0,1.0
expanded_s231301,0,0,7,44,1.0,1.0
expanded_s231301,0,0,7,86,1.0,1.0
expanded_s231301,0,0,12,72,1.0,1.0
expanded_s231301,0,0,18,13,1.0,1.0
expanded_s231301,0,0,19,137,1.0,1.0
expanded_s231301,0,0,22,25,1.0,1.0
expanded_s231301,10920,1092,3,37,0.9999565821935111,1.0
expanded_s231301,10920,1092,3,84,0.999481503226945,1.0
expanded_s231301,10920,1092,4,2,0.9998174140457252,1.0
expanded_s231301,10920,1092,5,65,0.999338830552095,1.0
expanded_s231301,10920,1092,7,44,0.9982869515917425,1.0
expanded_s231301,10920,1092,7,86,0.9974053573710605,1.0
expanded_s231301,10920,1092,12,72,0.9996231584121247,1.0
expanded_s231301,10920,1092,18,13,1.0012308883432857,1.0
expanded_s231301,10920,1092,19,137,1.0000107549236543,1.0
expanded_s231301,10920,1092,22,25,0.9995487139354213,1.0
expanded_s231301,21840,2184,3,37,0.9999565818444893,1.0
expanded_s231301,21840,2184,3,84,0.9994815019876836,1.0
expanded_s231301,21840,2184,4,2,0.9998174129850341,1.0
expanded_s231301,21840,2184,5,65,0.999338830276453,1.0
expanded_s231301,21840,2184,7,44,0.9982869518096161,1.0
expanded_s231301,21840,2184,7,86,0.9974053583611556,1.0
expanded_s231301,21840,2184,12,72,0.9996231590516975,1.0
expanded_s231301,21840,2184,18,13,1.0012308880988006,1.0
expanded_s231301,21840,2184,19,137,1.0000107553299742,1.0
expanded_s231301,21840,2184,22,25,0.9995487148486746,1.0
expanded_s231301,32760,3276,3,37,0.9999565818448667,1.0
expanded_s231301,32760,3276,3,84,0.9994815019877685,1.0
expanded_s231301,32760,3276,4,2,0.9998174129863108,1.0
expanded_s231301,32760,3276,5,65,0.9993388302755817,1.0
expanded_s231301,32760,3276,7,44,0.9982869518073141,1.0
expanded_s231301,32760,3276,7,86,0.9974053583580094,1.0
expanded_s231301,32760,3276,12,72,0.9996231590537912,1.0
expanded_s231301,32760,3276,18,13,1.0012308881020067,1.0
expanded_s231301,32760,3276,19,137,1.0000107553296365,1.0
expanded_s231301,32760,3276,22,25,0.9995487148483115,1.0
expanded_s231303,0,0,3,37,1.0,1.0
expanded_s231303,0,0,3,84,1.0,1.0
expanded_s231303,0,0,4,2,1.0,1.0
expanded_s231303,0,0,5,65,1.0,1.0
expanded_s231303,0,0,7,44,1.0,1.0
expanded_s231303,0,0,7,86,1.0,1.0
expanded_s231303,0,0,12,72,1.0,1.0
expanded_s231303,0,0,18,13,1.0,1.0
expanded_s231303,0,0,19,137,1.0,1.0
expanded_s231303,0,0,22,25,1.0,1.0
expanded_s231303,10920,1092,3,37,0.771728975894465,0.783754579383274
expanded_s231303,10920,1092,3,84,0.6865931767159827,0.7575121264853949
expanded_s231303,10920,1092,4,2,0.34236179465894323,0.4235347781542311
expanded_s231303,10920,1092,5,65,0.6380383243572214,0.6913941340741465
expanded_s231303,10920,1092,7,44,0.6257662568038209,0.7296234694893287
expanded_s231303,10920,1092,7,86,0.5481144080834391,0.5954099531257808
expanded_s231303,10920,1092,12,72,0.5761048292111457,0.637013631952389
expanded_s231303,10920,1092,18,13,0.6840846368904813,0.7154405500532368
expanded_s231303,10920,1092,19,137,0.6608800405731153,0.788486789898227
expanded_s231303,10920,1092,22,25,0.5565775236548768,0.6300739913871216
expanded_s231303,21840,2184,3,37,0.7069782193886148,0.7169504484973405
expanded_s231303,21840,2184,3,84,0.6103573237938549,0.6481237436721756
expanded_s231303,21840,2184,4,2,0.3072010540656815,0.37204459154242137
expanded_s231303,21840,2184,5,65,0.5819857857889955,0.6200612883351752
expanded_s231303,21840,2184,7,44,0.5732432785714181,0.6641486441525389
expanded_s231303,21840,2184,7,86,0.5100322576131804,0.5443113319162932
expanded_s231303,21840,2184,12,72,0.5307063745261651,0.5818587833180074
expanded_s231303,21840,2184,18,13,0.6145576562353899,0.6494417236199581
expanded_s231303,21840,2184,19,137,0.6047138509502614,0.7357104370003079
expanded_s231303,21840,2184,22,25,0.5034092889958882,0.5711400304424851
expanded_s231303,32760,3276,3,37,0.6817344559599511,0.689408568550178
expanded_s231303,32760,3276,3,84,0.5858205640251095,0.6181151287816057
expanded_s231303,32760,3276,4,2,0.2894697223092108,0.35367780528710613
expanded_s231303,32760,3276,5,65,0.562422110180987,0.5958879165924816
expanded_s231303,32760,3276,7,44,0.553345651085864,0.6429241405935069
expanded_s231303,32760,3276,7,86,0.4965476240447066,0.5264888238307921
expanded_s231303,32760,3276,12,72,0.5151049851410374,0.5644633634888543
expanded_s231303,32760,3276,18,13,0.5974494717587163,0.6317493769254604
expanded_s231303,32760,3276,19,137,0.5827359052629565,0.7185740311219492
expanded_s231303,32760,3276,22,25,0.48483813738887216,0.5536206290151118
