parent_index,pdb_id,position,role,arm,reference,student_old_choice,teacher_old_choice,teacher_new_choice,new_teacher_score_at_student_choice,new_teacher_score_at_teacher_old_choice,regret_to_new_best,teacher_old_regret_to_new_best,extra_regret_vs_teacher_old_choice
3,1w53,37,train,exact,exact,M,M,M,1.7649653931032399,1.7649653931032399,0.0,0.0,0.0
3,1w53,37,train,exact,baseline,M,C,M,1.7661426842979782,1.8119088525006293,0.0,0.045766168202651114,-0.045766168202651114
3,1w53,37,train,baseline,exact,C,M,M,1.8108645105875887,1.7649653931032399,0.04589911748434883,0.0,0.04589911748434883
3,1w53,37,train,baseline,baseline,C,C,M,1.8119088525006293,1.8119088525006293,0.045766168202651114,0.045766168202651114,0.0
3,1w53,37,train,wt_z,exact,R,M,M,1.8689705362077302,1.7649653931032399,0.10400514310449038,0.0,0.10400514310449038
3,1w53,37,train,wt_z,baseline,R,C,M,1.8688413060926947,1.8119088525006293,0.10269862179471656,0.045766168202651114,0.056932453592065446
3,1w53,37,train,oracle_r32,exact,M,M,M,1.7649653931032399,1.7649653931032399,0.0,0.0,0.0
3,1w53,37,train,oracle_r32,baseline,M,C,M,1.7661426842979782,1.8119088525006293,0.0,0.045766168202651114,-0.045766168202651114
3,1w53,37,train,e2048_s231301,exact,S,M,M,1.8107175502944364,1.7649653931032399,0.04575215719119652,0.0,0.04575215719119652
3,1w53,37,train,e2048_s231301,baseline,S,C,M,1.8103914221892115,1.8119088525006293,0.04424873789123329,0.045766168202651114,-0.0015174303114178223
3,1w53,37,train,e4096_s231301,exact,S,M,M,1.8107175502944364,1.7649653931032399,0.04575215719119652,0.0,0.04575215719119652
3,1w53,37,train,e4096_s231301,baseline,S,C,M,1.8103914221892115,1.8119088525006293,0.04424873789123329,0.045766168202651114,-0.0015174303114178223
3,1w53,37,train,e8192_s231301,exact,M,M,M,1.7649653931032399,1.7649653931032399,0.0,0.0,0.0
3,1w53,37,train,e8192_s231301,baseline,M,C,M,1.7661426842979782,1.8119088525006293,0.0,0.045766168202651114,-0.045766168202651114
3,1w53,37,train,e2048_s231303,exact,M,M,M,1.7649653931032399,1.7649653931032399,0.0,0.0,0.0
3,1w53,37,train,e2048_s231303,baseline,M,C,M,1.7661426842979782,1.8119088525006293,0.0,0.045766168202651114,-0.045766168202651114
3,1w53,37,train,e4096_s231303,exact,M,M,M,1.7649653931032399,1.7649653931032399,0.0,0.0,0.0
3,1w53,37,train,e4096_s231303,baseline,M,C,M,1.7661426842979782,1.8119088525006293,0.0,0.045766168202651114,-0.045766168202651114
3,1w53,37,train,e8192_s231303,exact,S,M,M,1.8107175502944364,1.7649653931032399,0.04575215719119652,0.0,0.04575215719119652
3,1w53,37,train,e8192_s231303,baseline,S,C,M,1.8103914221892115,1.8119088525006293,0.04424873789123329,0.045766168202651114,-0.0015174303114178223
3,1w53,84,train,exact,exact,V,V,A,1.7528256630033794,1.7528256630033794,0.012121118890886518,0.012121118890886518,0.0
3,1w53,84,train,exact,baseline,V,V,A,1.753428323330967,1.753428323330967,0.012874043342482766,0.012874043342482766,0.0
3,1w53,84,train,baseline,exact,V,V,A,1.7528256630033794,1.7528256630033794,0.012121118890886518,0.012121118890886518,0.0
3,1w53,84,train,baseline,baseline,V,V,A,1.753428323330967,1.753428323330967,0.012874043342482766,0.012874043342482766,0.0
3,1w53,84,train,wt_z,exact,A,V,A,1.7407045441124929,1.7528256630033794,0.0,0.012121118890886518,-0.012121118890886518
3,1w53,84,train,wt_z,baseline,A,V,A,1.7405542799884843,1.753428323330967,0.0,0.012874043342482766,-0.012874043342482766
3,1w53,84,train,oracle_r32,exact,V,V,A,1.7528256630033794,1.7528256630033794,0.012121118890886518,0.012121118890886518,0.0
3,1w53,84,train,oracle_r32,baseline,V,V,A,1.753428323330967,1.753428323330967,0.012874043342482766,0.012874043342482766,0.0
3,1w53,84,train,e2048_s231301,exact,V,V,A,1.7528256630033794,1.7528256630033794,0.012121118890886518,0.012121118890886518,0.0
3,1w53,84,train,e2048_s231301,baseline,V,V,A,1.753428323330967,1.753428323330967,0.012874043342482766,0.012874043342482766,0.0
3,1w53,84,train,e4096_s231301,exact,V,V,A,1.7528256630033794,1.7528256630033794,0.012121118890886518,0.012121118890886518,0.0
3,1w53,84,train,e4096_s231301,baseline,V,V,A,1.753428323330967,1.753428323330967,0.012874043342482766,0.012874043342482766,0.0
3,1w53,84,train,e8192_s231301,exact,V,V,A,1.7528256630033794,1.7528256630033794,0.012121118890886518,0.012121118890886518,0.0
3,1w53,84,train,e8192_s231301,baseline,V,V,A,1.753428323330967,1.753428323330967,0.012874043342482766,0.012874043342482766,0.0
3,1w53,84,train,e2048_s231303,exact,V,V,A,1.7528256630033794,1.7528256630033794,0.012121118890886518,0.012121118890886518,0.0
3,1w53,84,train,e2048_s231303,baseline,V,V,A,1.753428323330967,1.753428323330967,0.012874043342482766,0.012874043342482766,0.0
3,1w53,84,train,e4096_s231303,exact,V,V,A,1.7528256630033794,1.7528256630033794,0.012121118890886518,0.012121118890886518,0.0
3,1w53,84,train,e4096_s231303,baseline,V,V,A,1.753428323330967,1.753428323330967,0.012874043342482766,0.012874043342482766,0.0
3,1w53,84,train,e8192_s231303,exact,V,V,A,1.7528256630033794,1.7528256630033794,0.012121118890886518,0.012121118890886518,0.0
3,1w53,84,train,e8192_s231303,baseline,V,V,A,1.753428323330967,1.753428323330967,0.012874043342482766,0.012874043342482766,0.0
4,1jhg,2,train,exact,exact,Q,Q,Q,0.8561332081300861,0.8561332081300861,0.0,0.0,0.0
4,1jhg,2,train,exact,baseline,Q,Q,Q,0.8563042890437507,0.8563042890437507,0.0,0.0,0.0
4,1jhg,2,train,baseline,exact,Q,Q,Q,0.8561332081300861,0.8561332081300861,0.0,0.0,0.0
4,1jhg,2,train,baseline,baseline,Q,Q,Q,0.8563042890437507,0.8563042890437507,0.0,0.0,0.0
4,1jhg,2,train,wt_z,exact,Q,Q,Q,0.8561332081300861,0.8561332081300861,0.0,0.0,0.0
4,1jhg,2,train,wt_z,baseline,Q,Q,Q,0.8563042890437507,0.8563042890437507,0.0,0.0,0.0
4,1jhg,2,train,oracle_r32,exact,Q,Q,Q,0.8561332081300861,0.8561332081300861,0.0,0.0,0.0
4,1jhg,2,train,oracle_r32,baseline,Q,Q,Q,0.8563042890437507,0.8563042890437507,0.0,0.0,0.0
4,1jhg,2,train,e2048_s231301,exact,Q,Q,Q,0.8561332081300861,0.8561332081300861,0.0,0.0,0.0
4,1jhg,2,train,e2048_s231301,baseline,Q,Q,Q,0.8563042890437507,0.8563042890437507,0.0,0.0,0.0
4,1jhg,2,train,e4096_s231301,exact,Q,Q,Q,0.8561332081300861,0.8561332081300861,0.0,0.0,0.0
4,1jhg,2,train,e4096_s231301,baseline,Q,Q,Q,0.8563042890437507,0.8563042890437507,0.0,0.0,0.0
4,1jhg,2,train,e8192_s231301,exact,Q,Q,Q,0.8561332081300861,0.8561332081300861,0.0,0.0,0.0
4,1jhg,2,train,e8192_s231301,baseline,Q,Q,Q,0.8563042890437507,0.8563042890437507,0.0,0.0,0.0
4,1jhg,2,train,e2048_s231303,exact,Q,Q,Q,0.8561332081300861,0.8561332081300861,0.0,0.0,0.0
4,1jhg,2,train,e2048_s231303,baseline,Q,Q,Q,0.8563042890437507,0.8563042890437507,0.0,0.0,0.0
4,1jhg,2,train,e4096_s231303,exact,Q,Q,Q,0.8561332081300861,0.8561332081300861,0.0,0.0,0.0
4,1jhg,2,train,e4096_s231303,baseline,Q,Q,Q,0.8563042890437507,0.8563042890437507,0.0,0.0,0.0
4,1jhg,2,train,e8192_s231303,exact,Q,Q,Q,0.8561332081300861,0.8561332081300861,0.0,0.0,0.0
4,1jhg,2,train,e8192_s231303,baseline,Q,Q,Q,0.8563042890437507,0.8563042890437507,0.0,0.0,0.0
4,1jhg,25,unseen_site,exact,exact,C,C,M,0.8537154414156637,0.8537154414156637,0.04555337823795835,0.04555337823795835,0.0
4,1jhg,25,unseen_site,exact,baseline,C,C,M,0.8538949069165735,0.8538949069165735,0.0457514836507289,0.0457514836507289,0.0
4,1jhg,25,unseen_site,baseline,exact,C,C,M,0.8537154414156637,0.8537154414156637,0.04555337823795835,0.04555337823795835,0.0
4,1jhg,25,unseen_site,baseline,baseline,C,C,M,0.8538949069165735,0.8538949069165735,0.0457514836507289,0.0457514836507289,0.0
4,1jhg,25,unseen_site,wt_z,exact,M,C,M,0.8081620631777053,0.8537154414156637,0.0,0.04555337823795835,-0.04555337823795835
4,1jhg,25,unseen_site,wt_z,baseline,M,C,M,0.8081434232658447,0.8538949069165735,0.0,0.0457514836507289,-0.0457514836507289
4,1jhg,25,unseen_site,oracle_r32,exact,C,C,M,0.8537154414156637,0.8537154414156637,0.04555337823795835,0.04555337823795835,0.0
4,1jhg,25,unseen_site,oracle_r32,baseline,C,C,M,0.8538949069165735,0.8538949069165735,0.0457514836507289,0.0457514836507289,0.0
4,1jhg,25,unseen_site,e2048_s231301,exact,M,C,M,0.8081620631777053,0.8537154414156637,0.0,0.04555337823795835,-0.04555337823795835
4,1jhg,25,unseen_site,e2048_s231301,baseline,M,C,M,0.8081434232658447,0.8538949069165735,0.0,0.0457514836507289,-0.0457514836507289
4,1jhg,25,unseen_site,e4096_s231301,exact,M,C,M,0.8081620631777053,0.8537154414156637,0.0,0.04555337823795835,-0.04555337823795835
4,1jhg,25,unseen_site,e4096_s231301,baseline,M,C,M,0.8081434232658447,0.8538949069165735,0.0,0.0457514836507289,-0.0457514836507289
4,1jhg,25,unseen_site,e8192_s231301,exact,M,C,M,0.8081620631777053,0.8537154414156637,0.0,0.04555337823795835,-0.04555337823795835
4,1jhg,25,unseen_site,e8192_s231301,baseline,M,C,M,0.8081434232658447,0.8538949069165735,0.0,0.0457514836507289,-0.0457514836507289
4,1jhg,25,unseen_site,e2048_s231303,exact,M,C,M,0.8081620631777053,0.8537154414156637,0.0,0.04555337823795835,-0.04555337823795835
4,1jhg,25,unseen_site,e2048_s231303,baseline,M,C,M,0.8081434232658447,0.8538949069165735,0.0,0.0457514836507289,-0.0457514836507289
4,1jhg,25,unseen_site,e4096_s231303,exact,M,C,M,0.8081620631777053,0.8537154414156637,0.0,0.04555337823795835,-0.04555337823795835
4,1jhg,25,unseen_site,e4096_s231303,baseline,M,C,M,0.8081434232658447,0.8538949069165735,0.0,0.0457514836507289,-0.0457514836507289
4,1jhg,25,unseen_site,e8192_s231303,exact,M,C,M,0.8081620631777053,0.8537154414156637,0.0,0.04555337823795835,-0.04555337823795835
4,1jhg,25,unseen_site,e8192_s231303,baseline,M,C,M,0.8081434232658447,0.8538949069165735,0.0,0.0457514836507289,-0.0457514836507289
5,1a7g,65,train,exact,exact,Y,Y,Y,0.5181241754068272,0.5181241754068272,0.0,0.0,0.0
5,1a7g,65,train,exact,baseline,Y,Y,Y,0.51832606070686,0.51832606070686,0.0,0.0,0.0
5,1a7g,65,train,baseline,exact,Y,Y,Y,0.5181241754068272,0.5181241754068272,0.0,0.0,0.0
5,1a7g,65,train,baseline,baseline,Y,Y,Y,0.51832606070686,0.51832606070686,0.0,0.0,0.0
5,1a7g,65,train,wt_z,exact,C,Y,Y,0.53541645307692,0.5181241754068272,0.01729227767009278,0.0,0.01729227767009278
5,1a7g,65,train,wt_z,baseline,C,Y,Y,0.5355197625613509,0.51832606070686,0.017193701854490873,0.0,0.017193701854490873
5,1a7g,65,train,oracle_r32,exact,Y,Y,Y,0.5181241754068272,0.5181241754068272,0.0,0.0,0.0
5,1a7g,65,train,oracle_r32,baseline,Y,Y,Y,0.51832606070686,0.51832606070686,0.0,0.0,0.0
5,1a7g,65,train,e2048_s231301,exact,Y,Y,Y,0.5181241754068272,0.5181241754068272,0.0,0.0,0.0
5,1a7g,65,train,e2048_s231301,baseline,Y,Y,Y,0.51832606070686,0.51832606070686,0.0,0.0,0.0
5,1a7g,65,train,e4096_s231301,exact,Y,Y,Y,0.5181241754068272,0.5181241754068272,0.0,0.0,0.0
5,1a7g,65,train,e4096_s231301,baseline,Y,Y,Y,0.51832606070686,0.51832606070686,0.0,0.0,0.0
5,1a7g,65,train,e8192_s231301,exact,Y,Y,Y,0.5181241754068272,0.5181241754068272,0.0,0.0,0.0
5,1a7g,65,train,e8192_s231301,baseline,Y,Y,Y,0.51832606070686,0.51832606070686,0.0,0.0,0.0
5,1a7g,65,train,e2048_s231303,exact,Y,Y,Y,0.5181241754068272,0.5181241754068272,0.0,0.0,0.0
5,1a7g,65,train,e2048_s231303,baseline,Y,Y,Y,0.51832606070686,0.51832606070686,0.0,0.0,0.0
5,1a7g,65,train,e4096_s231303,exact,Y,Y,Y,0.5181241754068272,0.5181241754068272,0.0,0.0,0.0
5,1a7g,65,train,e4096_s231303,baseline,Y,Y,Y,0.51832606070686,0.51832606070686,0.0,0.0,0.0
5,1a7g,65,train,e8192_s231303,exact,Y,Y,Y,0.5181241754068272,0.5181241754068272,0.0,0.0,0.0
5,1a7g,65,train,e8192_s231303,baseline,Y,Y,Y,0.51832606070686,0.51832606070686,0.0,0.0,0.0
5,1a7g,34,unseen_site,exact,exact,T,T,T,0.5175727322554361,0.5175727322554361,0.0,0.0,0.0
5,1a7g,34,unseen_site,exact,baseline,T,T,T,0.5174309449461417,0.5174309449461417,0.0,0.0,0.0
5,1a7g,34,unseen_site,baseline,exact,T,T,T,0.5175727322554361,0.5175727322554361,0.0,0.0,0.0
5,1a7g,34,unseen_site,baseline,baseline,T,T,T,0.5174309449461417,0.5174309449461417,0.0,0.0,0.0
5,1a7g,34,unseen_site,wt_z,exact,W,T,T,0.5533159586279037,0.5175727322554361,0.03574322637246763,0.0,0.03574322637246763
5,1a7g,34,unseen_site,wt_z,baseline,W,T,T,0.5534357713839484,0.5174309449461417,0.03600482643780667,0.0,0.03600482643780667
5,1a7g,34,unseen_site,oracle_r32,exact,T,T,T,0.5175727322554361,0.5175727322554361,0.0,0.0,0.0
5,1a7g,34,unseen_site,oracle_r32,baseline,T,T,T,0.5174309449461417,0.5174309449461417,0.0,0.0,0.0
5,1a7g,34,unseen_site,e2048_s231301,exact,G,T,T,0.5723683123090241,0.5175727322554361,0.05479558005358798,0.0,0.05479558005358798
5,1a7g,34,unseen_site,e2048_s231301,baseline,G,T,T,0.5724430404557984,0.5174309449461417,0.05501209550965669,0.0,0.05501209550965669
5,1a7g,34,unseen_site,e4096_s231301,exact,G,T,T,0.5723683123090241,0.5175727322554361,0.05479558005358798,0.0,0.05479558005358798
5,1a7g,34,unseen_site,e4096_s231301,baseline,G,T,T,0.5724430404557984,0.5174309449461417,0.05501209550965669,0.0,0.05501209550965669
5,1a7g,34,unseen_site,e8192_s231301,exact,A,T,T,0.5219638491818224,0.5175727322554361,0.004391116926386274,0.0,0.004391116926386274
5,1a7g,34,unseen_site,e8192_s231301,baseline,A,T,T,0.522018528617987,0.5174309449461417,0.004587583671845308,0.0,0.004587583671845308
5,1a7g,34,unseen_site,e2048_s231303,exact,G,T,T,0.5723683123090241,0.5175727322554361,0.05479558005358798,0.0,0.05479558005358798
5,1a7g,34,unseen_site,e2048_s231303,baseline,G,T,T,0.5724430404557984,0.5174309449461417,0.05501209550965669,0.0,0.05501209550965669
5,1a7g,34,unseen_site,e4096_s231303,exact,G,T,T,0.5723683123090241,0.5175727322554361,0.05479558005358798,0.0,0.05479558005358798
5,1a7g,34,unseen_site,e4096_s231303,baseline,G,T,T,0.5724430404557984,0.5174309449461417,0.05501209550965669,0.0,0.05501209550965669
5,1a7g,34,unseen_site,e8192_s231303,exact,G,T,T,0.5723683123090241,0.5175727322554361,0.05479558005358798,0.0,0.05479558005358798
5,1a7g,34,unseen_site,e8192_s231303,baseline,G,T,T,0.5724430404557984,0.5174309449461417,0.05501209550965669,0.0,0.05501209550965669
6,4pt4,10,unseen_protein,exact,exact,C,C,C,1.0800826937634416,1.0800826937634416,0.0,0.0,0.0
6,4pt4,10,unseen_protein,exact,baseline,C,M,C,1.0802659526473484,1.1174084253301184,0.0,0.037142472682770045,-0.037142472682770045
6,4pt4,10,unseen_protein,baseline,exact,M,C,C,1.1173523270925299,1.0800826937634416,0.03726963332908828,0.0,0.03726963332908828
6,4pt4,10,unseen_protein,baseline,baseline,M,M,C,1.1174084253301184,1.1174084253301184,0.037142472682770045,0.037142472682770045,0.0
6,4pt4,10,unseen_protein,wt_z,exact,P,C,C,1.1037960879259918,1.0800826937634416,0.02371339416255025,0.0,0.02371339416255025
6,4pt4,10,unseen_protein,wt_z,baseline,P,M,C,1.1044808940796302,1.1174084253301184,0.024214941432281867,0.037142472682770045,-0.012927531250488178
6,4pt4,10,unseen_protein,oracle_r32,exact,M,C,C,1.1173523270925299,1.0800826937634416,0.03726963332908828,0.0,0.03726963332908828
6,4pt4,10,unseen_protein,oracle_r32,baseline,M,M,C,1.1174084253301184,1.1174084253301184,0.037142472682770045,0.037142472682770045,0.0
6,4pt4,10,unseen_protein,e2048_s231301,exact,P,C,C,1.1037960879259918,1.0800826937634416,0.02371339416255025,0.0,0.02371339416255025
6,4pt4,10,unseen_protein,e2048_s231301,baseline,P,M,C,1.1044808940796302,1.1174084253301184,0.024214941432281867,0.037142472682770045,-0.012927531250488178
6,4pt4,10,unseen_protein,e4096_s231301,exact,P,C,C,1.1037960879259918,1.0800826937634416,0.02371339416255025,0.0,0.02371339416255025
6,4pt4,10,unseen_protein,e4096_s231301,baseline,P,M,C,1.1044808940796302,1.1174084253301184,0.024214941432281867,0.037142472682770045,-0.012927531250488178
6,4pt4,10,unseen_protein,e8192_s231301,exact,P,C,C,1.1037960879259918,1.0800826937634416,0.02371339416255025,0.0,0.02371339416255025
6,4pt4,10,unseen_protein,e8192_s231301,baseline,P,M,C,1.1044808940796302,1.1174084253301184,0.024214941432281867,0.037142472682770045,-0.012927531250488178
6,4pt4,10,unseen_protein,e2048_s231303,exact,T,C,C,1.1216815104900122,1.0800826937634416,0.04159881672657062,0.0,0.04159881672657062
6,4pt4,10,unseen_protein,e2048_s231303,baseline,T,M,C,1.1222829764085238,1.1174084253301184,0.04201702376117544,0.037142472682770045,0.004874551078405398
6,4pt4,10,unseen_protein,e4096_s231303,exact,T,C,C,1.1216815104900122,1.0800826937634416,0.04159881672657062,0.0,0.04159881672657062
6,4pt4,10,unseen_protein,e4096_s231303,baseline,T,M,C,1.1222829764085238,1.1174084253301184,0.04201702376117544,0.037142472682770045,0.004874551078405398
6,4pt4,10,unseen_protein,e8192_s231303,exact,M,C,C,1.1173523270925299,1.0800826937634416,0.03726963332908828,0.0,0.03726963332908828
6,4pt4,10,unseen_protein,e8192_s231303,baseline,M,M,C,1.1174084253301184,1.1174084253301184,0.037142472682770045,0.037142472682770045,0.0
6,4pt4,17,unseen_protein,exact,exact,E,E,E,1.0604335084493315,1.0604335084493315,0.0,0.0,0.0
6,4pt4,17,unseen_protein,exact,baseline,E,E,E,1.0602535884916666,1.0602535884916666,0.0,0.0,0.0
6,4pt4,17,unseen_protein,baseline,exact,E,E,E,1.0604335084493315,1.0604335084493315,0.0,0.0,0.0
6,4pt4,17,unseen_protein,baseline,baseline,E,E,E,1.0602535884916666,1.0602535884916666,0.0,0.0,0.0
6,4pt4,17,unseen_protein,wt_z,exact,E,E,E,1.0604335084493315,1.0604335084493315,0.0,0.0,0.0
6,4pt4,17,unseen_protein,wt_z,baseline,E,E,E,1.0602535884916666,1.0602535884916666,0.0,0.0,0.0
6,4pt4,17,unseen_protein,oracle_r32,exact,E,E,E,1.0604335084493315,1.0604335084493315,0.0,0.0,0.0
6,4pt4,17,unseen_protein,oracle_r32,baseline,E,E,E,1.0602535884916666,1.0602535884916666,0.0,0.0,0.0
6,4pt4,17,unseen_protein,e2048_s231301,exact,H,E,E,1.1211110014217627,1.0604335084493315,0.06067749297243119,0.0,0.06067749297243119
6,4pt4,17,unseen_protein,e2048_s231301,baseline,H,E,E,1.1209442850613414,1.0602535884916666,0.06069069656967474,0.0,0.06069069656967474
6,4pt4,17,unseen_protein,e4096_s231301,exact,E,E,E,1.0604335084493315,1.0604335084493315,0.0,0.0,0.0
6,4pt4,17,unseen_protein,e4096_s231301,baseline,E,E,E,1.0602535884916666,1.0602535884916666,0.0,0.0,0.0
6,4pt4,17,unseen_protein,e8192_s231301,exact,H,E,E,1.1211110014217627,1.0604335084493315,0.06067749297243119,0.0,0.06067749297243119
6,4pt4,17,unseen_protein,e8192_s231301,baseline,H,E,E,1.1209442850613414,1.0602535884916666,0.06069069656967474,0.0,0.06069069656967474
6,4pt4,17,unseen_protein,e2048_s231303,exact,E,E,E,1.0604335084493315,1.0604335084493315,0.0,0.0,0.0
6,4pt4,17,unseen_protein,e2048_s231303,baseline,E,E,E,1.0602535884916666,1.0602535884916666,0.0,0.0,0.0
6,4pt4,17,unseen_protein,e4096_s231303,exact,E,E,E,1.0604335084493315,1.0604335084493315,0.0,0.0,0.0
6,4pt4,17,unseen_protein,e4096_s231303,baseline,E,E,E,1.0602535884916666,1.0602535884916666,0.0,0.0,0.0
6,4pt4,17,unseen_protein,e8192_s231303,exact,P,E,E,1.1149362413851955,1.0604335084493315,0.05450273293586405,0.0,0.05450273293586405
6,4pt4,17,unseen_protein,e8192_s231303,baseline,P,E,E,1.1151222565667946,1.0602535884916666,0.054868668075128024,0.0,0.054868668075128024
