pdb_id,group_id,source_slot,seed,stage,profile,length,edges,selected_branch_violations,either_branch_violations,alternative_only_span_supported,selected_gap_max,either_gap_max,selected_ca_rms_lower_bound,either_ca_rms_lower_bound
3ie9,0072dd8add7a9d9ae2c92c66ffd4af7849b91cc6bd4ee4b24e156e77cb83a832,0,12345,raw,old_acceptance,105,104,50,50,0,2.1607740958783626,1.0644394732040858,0.231202642144031,0.10233671431107119
3ie9,0072dd8add7a9d9ae2c92c66ffd4af7849b91cc6bd4ee4b24e156e77cb83a832,0,12345,raw,calibrated_zero_penalty,105,104,53,53,0,2.1615614331450397,1.1383218720020958,0.23098331183768553,0.1100684475624624
3ie9,0072dd8add7a9d9ae2c92c66ffd4af7849b91cc6bd4ee4b24e156e77cb83a832,0,12345,zero_final,old_acceptance,105,104,0,0,0,0.0,0.0,0.0,0.0
3ie9,0072dd8add7a9d9ae2c92c66ffd4af7849b91cc6bd4ee4b24e156e77cb83a832,0,12345,zero_final,calibrated_zero_penalty,105,104,0,0,0,0.0,0.0,0.0,0.0
3ie9,0072dd8add7a9d9ae2c92c66ffd4af7849b91cc6bd4ee4b24e156e77cb83a832,0,12345,fitted_start,old_acceptance,105,104,61,61,0,2.0794964225732695,0.983161799898993,0.22537223509362858,0.09292971039513956
3ie9,0072dd8add7a9d9ae2c92c66ffd4af7849b91cc6bd4ee4b24e156e77cb83a832,0,12345,fitted_start,calibrated_zero_penalty,105,104,60,60,0,2.080283759839947,1.057044198697003,0.22506943297018156,0.10064261067934377
3ie9,0072dd8add7a9d9ae2c92c66ffd4af7849b91cc6bd4ee4b24e156e77cb83a832,0,12345,fitted_final,old_acceptance,105,104,0,0,0,0.0,0.0,0.0,0.0
3ie9,0072dd8add7a9d9ae2c92c66ffd4af7849b91cc6bd4ee4b24e156e77cb83a832,0,12345,fitted_final,calibrated_zero_penalty,105,104,0,0,0,0.0,0.0,0.0,0.0
3ie9,0072dd8add7a9d9ae2c92c66ffd4af7849b91cc6bd4ee4b24e156e77cb83a832,0,12345,experimental_gt,old_acceptance,105,104,22,22,0,0.04881379984593259,0.04881379984593259,0.006335933962509356,0.006335933962509356
3ie9,0072dd8add7a9d9ae2c92c66ffd4af7849b91cc6bd4ee4b24e156e77cb83a832,0,12345,experimental_gt,calibrated_zero_penalty,105,104,31,31,0,0.057261694417988895,0.057261694417988895,0.007297304618636025,0.007297304618636025
3ie9,0072dd8add7a9d9ae2c92c66ffd4af7849b91cc6bd4ee4b24e156e77cb83a832,0,54321,raw,old_acceptance,105,104,48,45,3,2.169746919180951,1.0734122965066732,0.2381058155975943,0.11054650985176001
3ie9,0072dd8add7a9d9ae2c92c66ffd4af7849b91cc6bd4ee4b24e156e77cb83a832,0,54321,raw,calibrated_zero_penalty,105,104,53,51,2,2.1705342564476275,1.1472946953046832,0.23788348869435733,0.11999888474351171
3ie9,0072dd8add7a9d9ae2c92c66ffd4af7849b91cc6bd4ee4b24e156e77cb83a832,0,54321,zero_final,old_acceptance,105,104,0,0,0,0.0,0.0,0.0,0.0
3ie9,0072dd8add7a9d9ae2c92c66ffd4af7849b91cc6bd4ee4b24e156e77cb83a832,0,54321,zero_final,calibrated_zero_penalty,105,104,0,0,0,0.0,0.0,0.0,0.0
3ie9,0072dd8add7a9d9ae2c92c66ffd4af7849b91cc6bd4ee4b24e156e77cb83a832,0,54321,fitted_start,old_acceptance,105,104,45,45,0,2.0215520559591313,0.925217433284854,0.22345890994175846,0.0993020486302793
3ie9,0072dd8add7a9d9ae2c92c66ffd4af7849b91cc6bd4ee4b24e156e77cb83a832,0,54321,fitted_start,calibrated_zero_penalty,105,104,48,48,0,2.022339393225808,0.9990998320828639,0.2236931443265419,0.1083712683625313
3ie9,0072dd8add7a9d9ae2c92c66ffd4af7849b91cc6bd4ee4b24e156e77cb83a832,0,54321,fitted_final,old_acceptance,105,104,0,0,0,0.0,0.0,0.0,0.0
3ie9,0072dd8add7a9d9ae2c92c66ffd4af7849b91cc6bd4ee4b24e156e77cb83a832,0,54321,fitted_final,calibrated_zero_penalty,105,104,0,0,0,0.0,0.0,0.0,0.0
4a02,01346c25afe3e7dece8308723752e3816befcc83a75c9126d1d8faf1debe7f11,1,12345,raw,old_acceptance,166,165,83,83,0,2.038518425382005,0.9348365410392097,0.14377065542613712,0.07009569399727605
4a02,01346c25afe3e7dece8308723752e3816befcc83a75c9126d1d8faf1debe7f11,1,12345,raw,calibrated_zero_penalty,166,165,91,91,0,2.0393033483057805,1.009010290781819,0.14428436094705965,0.07566172732709997
4a02,01346c25afe3e7dece8308723752e3816befcc83a75c9126d1d8faf1debe7f11,1,12345,zero_final,old_acceptance,166,165,0,0,0,0.0,0.0,0.0,0.0
4a02,01346c25afe3e7dece8308723752e3816befcc83a75c9126d1d8faf1debe7f11,1,12345,zero_final,calibrated_zero_penalty,166,165,0,0,0,0.0,0.0,0.0,0.0
4a02,01346c25afe3e7dece8308723752e3816befcc83a75c9126d1d8faf1debe7f11,1,12345,fitted_start,old_acceptance,166,165,98,96,2,1.7041765093040704,0.600494624961275,0.14163535241456507,0.06607035844265534
4a02,01346c25afe3e7dece8308723752e3816befcc83a75c9126d1d8faf1debe7f11,1,12345,fitted_start,calibrated_zero_penalty,166,165,102,101,1,1.704961432227846,0.6746683747038844,0.1425003144718721,0.07345959924346546
4a02,01346c25afe3e7dece8308723752e3816befcc83a75c9126d1d8faf1debe7f11,1,12345,fitted_final,old_acceptance,166,165,0,0,0,0.0,0.0,0.0,0.0
4a02,01346c25afe3e7dece8308723752e3816befcc83a75c9126d1d8faf1debe7f11,1,12345,fitted_final,calibrated_zero_penalty,166,165,0,0,0,0.0,0.0,0.0,0.0
4a02,01346c25afe3e7dece8308723752e3816befcc83a75c9126d1d8faf1debe7f11,1,12345,experimental_gt,old_acceptance,166,165,37,37,0,0.11354274185127267,0.11354274185127267,0.010449227972554447,0.010449227972554447
4a02,01346c25afe3e7dece8308723752e3816befcc83a75c9126d1d8faf1debe7f11,1,12345,experimental_gt,calibrated_zero_penalty,166,165,48,48,0,0.14564127976322805,0.14564127976322805,0.013707788168924064,0.013707788168924064
4a02,01346c25afe3e7dece8308723752e3816befcc83a75c9126d1d8faf1debe7f11,1,54321,raw,old_acceptance,166,165,61,59,2,2.0851499767380517,0.981468092395257,0.1565957896773591,0.07401554257780954
4a02,01346c25afe3e7dece8308723752e3816befcc83a75c9126d1d8faf1debe7f11,1,54321,raw,calibrated_zero_penalty,166,165,74,73,1,2.0859348996618277,1.0556418421378664,0.15690786268700554,0.07984378916221879
4a02,01346c25afe3e7dece8308723752e3816befcc83a75c9126d1d8faf1debe7f11,1,54321,zero_final,old_acceptance,166,165,0,0,0,0.0,0.0,0.0,0.0
4a02,01346c25afe3e7dece8308723752e3816befcc83a75c9126d1d8faf1debe7f11,1,54321,zero_final,calibrated_zero_penalty,166,165,0,0,0,0.0,0.0,0.0,0.0
4a02,01346c25afe3e7dece8308723752e3816befcc83a75c9126d1d8faf1debe7f11,1,54321,fitted_start,old_acceptance,166,165,78,75,3,1.7696351906738763,0.6659533063310814,0.13428129901295294,0.05695261043881853
4a02,01346c25afe3e7dece8308723752e3816befcc83a75c9126d1d8faf1debe7f11,1,54321,fitted_start,calibrated_zero_penalty,166,165,81,79,2,1.7704201135976518,0.7401270560736908,0.1350671824598158,0.06301823890767169
4a02,01346c25afe3e7dece8308723752e3816befcc83a75c9126d1d8faf1debe7f11,1,54321,fitted_final,old_acceptance,166,165,0,0,0,0.0,0.0,0.0,0.0
4a02,01346c25afe3e7dece8308723752e3816befcc83a75c9126d1d8faf1debe7f11,1,54321,fitted_final,calibrated_zero_penalty,166,165,0,0,0,0.0,0.0,0.0,0.0
5gu9,01bd6cfdb3f2d3019c1e7489787d722d4b8e9e703a25f4899f8d7228c0f4c6da,2,12345,raw,old_acceptance,71,70,27,27,0,1.212420094713715,0.3577625608483501,0.10294711982976397,0.033876829458508166
5gu9,01bd6cfdb3f2d3019c1e7489787d722d4b8e9e703a25f4899f8d7228c0f4c6da,2,12345,raw,calibrated_zero_penalty,71,70,28,28,0,1.2133183944417087,0.35874204010833743,0.1031367913040765,0.034297590614088054
5gu9,01bd6cfdb3f2d3019c1e7489787d722d4b8e9e703a25f4899f8d7228c0f4c6da,2,12345,zero_final,old_acceptance,71,70,0,0,0,0.0,0.0,0.0,0.0
5gu9,01bd6cfdb3f2d3019c1e7489787d722d4b8e9e703a25f4899f8d7228c0f4c6da,2,12345,zero_final,calibrated_zero_penalty,71,70,0,0,0,0.0,0.0,0.0,0.0
5gu9,01bd6cfdb3f2d3019c1e7489787d722d4b8e9e703a25f4899f8d7228c0f4c6da,2,12345,fitted_start,old_acceptance,71,70,38,38,0,1.4855437103201554,0.3993975369002025,0.12808951131999502,0.04460021969489174
5gu9,01bd6cfdb3f2d3019c1e7489787d722d4b8e9e703a25f4899f8d7228c0f4c6da,2,12345,fitted_start,calibrated_zero_penalty,71,70,38,38,0,1.4864420100481492,0.47287441703581745,0.12845757362207755,0.050161277890892086
5gu9,01bd6cfdb3f2d3019c1e7489787d722d4b8e9e703a25f4899f8d7228c0f4c6da,2,12345,fitted_final,old_acceptance,71,70,0,0,0,0.0,0.0,0.0,0.0
5gu9,01bd6cfdb3f2d3019c1e7489787d722d4b8e9e703a25f4899f8d7228c0f4c6da,2,12345,fitted_final,calibrated_zero_penalty,71,70,0,0,0,0.0,0.0,0.0,0.0
5gu9,01bd6cfdb3f2d3019c1e7489787d722d4b8e9e703a25f4899f8d7228c0f4c6da,2,12345,experimental_gt,old_acceptance,71,70,10,10,0,0.046731032206887235,0.046731032206887235,0.005836578581117264,0.005836578581117264
5gu9,01bd6cfdb3f2d3019c1e7489787d722d4b8e9e703a25f4899f8d7228c0f4c6da,2,12345,experimental_gt,calibrated_zero_penalty,71,70,19,19,0,0.042057490040884105,0.042057490040884105,0.006559452831131215,0.006559452831131215
5gu9,01bd6cfdb3f2d3019c1e7489787d722d4b8e9e703a25f4899f8d7228c0f4c6da,2,54321,raw,old_acceptance,71,70,33,31,2,1.035277219046383,0.1321419599999749,0.08930644885706492,0.02068276259510232
5gu9,01bd6cfdb3f2d3019c1e7489787d722d4b8e9e703a25f4899f8d7228c0f4c6da,2,54321,raw,calibrated_zero_penalty,71,70,35,34,1,1.0361755187743773,0.140503816350821,0.0897291312490686,0.022224915117993287
5gu9,01bd6cfdb3f2d3019c1e7489787d722d4b8e9e703a25f4899f8d7228c0f4c6da,2,54321,zero_final,old_acceptance,71,70,0,0,0,0.0,0.0,0.0,0.0
5gu9,01bd6cfdb3f2d3019c1e7489787d722d4b8e9e703a25f4899f8d7228c0f4c6da,2,54321,zero_final,calibrated_zero_penalty,71,70,0,0,0,0.0,0.0,0.0,0.0
5gu9,01bd6cfdb3f2d3019c1e7489787d722d4b8e9e703a25f4899f8d7228c0f4c6da,2,54321,fitted_start,old_acceptance,71,70,35,33,2,1.0509365722773283,0.24593769923844988,0.09632481512635875,0.03873684821958572
5gu9,01bd6cfdb3f2d3019c1e7489787d722d4b8e9e703a25f4899f8d7228c0f4c6da,2,54321,fitted_start,calibrated_zero_penalty,71,70,33,32,1,1.0518348720053226,0.2466058874635273,0.09691562839284452,0.040146260381595064
5gu9,01bd6cfdb3f2d3019c1e7489787d722d4b8e9e703a25f4899f8d7228c0f4c6da,2,54321,fitted_final,old_acceptance,71,70,0,0,0,0.0,0.0,0.0,0.0
5gu9,01bd6cfdb3f2d3019c1e7489787d722d4b8e9e703a25f4899f8d7228c0f4c6da,2,54321,fitted_final,calibrated_zero_penalty,71,70,0,0,0,0.0,0.0,0.0,0.0
2fc3,022901870b670cb8a8f68c4588c6da43aa3fa2cc58a81137cc5afd8a7aa061f8,3,12345,raw,old_acceptance,124,123,46,46,0,0.29695077677260917,0.29695077677260917,0.028525030406283004,0.028525030406283004
2fc3,022901870b670cb8a8f68c4588c6da43aa3fa2cc58a81137cc5afd8a7aa061f8,3,12345,raw,calibrated_zero_penalty,124,123,52,52,0,0.29773846989000674,0.29773846989000674,0.029984022210947647,0.029984022210947647
2fc3,022901870b670cb8a8f68c4588c6da43aa3fa2cc58a81137cc5afd8a7aa061f8,3,12345,zero_final,old_acceptance,124,123,0,0,0,0.0,0.0,0.0,0.0
2fc3,022901870b670cb8a8f68c4588c6da43aa3fa2cc58a81137cc5afd8a7aa061f8,3,12345,zero_final,calibrated_zero_penalty,124,123,0,0,0,0.0,0.0,0.0,0.0
2fc3,022901870b670cb8a8f68c4588c6da43aa3fa2cc58a81137cc5afd8a7aa061f8,3,12345,fitted_start,old_acceptance,124,123,61,61,0,0.3454006520508477,0.3454006520508477,0.03771791544928542,0.03771791544928542
2fc3,022901870b670cb8a8f68c4588c6da43aa3fa2cc58a81137cc5afd8a7aa061f8,3,12345,fitted_start,calibrated_zero_penalty,124,123,65,65,0,0.34618834516824526,0.34618834516824526,0.039555736719997535,0.039555736719997535
2fc3,022901870b670cb8a8f68c4588c6da43aa3fa2cc58a81137cc5afd8a7aa061f8,3,12345,fitted_final,old_acceptance,124,123,0,0,0,0.0,0.0,0.0,0.0
2fc3,022901870b670cb8a8f68c4588c6da43aa3fa2cc58a81137cc5afd8a7aa061f8,3,12345,fitted_final,calibrated_zero_penalty,124,123,0,0,0,0.0,0.0,0.0,0.0
2fc3,022901870b670cb8a8f68c4588c6da43aa3fa2cc58a81137cc5afd8a7aa061f8,3,12345,experimental_gt,old_acceptance,124,123,34,34,0,0.04995395443362938,0.04995395443362938,0.007484974715769708,0.007484974715769708
2fc3,022901870b670cb8a8f68c4588c6da43aa3fa2cc58a81137cc5afd8a7aa061f8,3,12345,experimental_gt,calibrated_zero_penalty,124,123,49,49,0,0.07145870539311439,0.07145870539311439,0.010044802813484612,0.010044802813484612
2fc3,022901870b670cb8a8f68c4588c6da43aa3fa2cc58a81137cc5afd8a7aa061f8,3,54321,raw,old_acceptance,124,123,68,68,0,0.18816324988986866,0.18816324988986866,0.03039250978336932,0.03039250978336932
2fc3,022901870b670cb8a8f68c4588c6da43aa3fa2cc58a81137cc5afd8a7aa061f8,3,54321,raw,calibrated_zero_penalty,124,123,77,77,0,0.19409523977357823,0.19409523977357823,0.033319021785798715,0.033319021785798715
2fc3,022901870b670cb8a8f68c4588c6da43aa3fa2cc58a81137cc5afd8a7aa061f8,3,54321,zero_final,old_acceptance,124,123,0,0,0,0.0,0.0,0.0,0.0
2fc3,022901870b670cb8a8f68c4588c6da43aa3fa2cc58a81137cc5afd8a7aa061f8,3,54321,zero_final,calibrated_zero_penalty,124,123,0,0,0,0.0,0.0,0.0,0.0
2fc3,022901870b670cb8a8f68c4588c6da43aa3fa2cc58a81137cc5afd8a7aa061f8,3,54321,fitted_start,old_acceptance,124,123,59,59,0,0.2975764879118814,0.2975764879118814,0.034848550531534676,0.034848550531534676
2fc3,022901870b670cb8a8f68c4588c6da43aa3fa2cc58a81137cc5afd8a7aa061f8,3,54321,fitted_start,calibrated_zero_penalty,124,123,70,70,0,0.3046712327510366,0.3046712327510366,0.03829239776547081,0.03829239776547081
2fc3,022901870b670cb8a8f68c4588c6da43aa3fa2cc58a81137cc5afd8a7aa061f8,3,54321,fitted_final,old_acceptance,124,123,0,0,0,0.0,0.0,0.0,0.0
2fc3,022901870b670cb8a8f68c4588c6da43aa3fa2cc58a81137cc5afd8a7aa061f8,3,54321,fitted_final,calibrated_zero_penalty,124,123,0,0,0,0.0,0.0,0.0,0.0
4b9p,02713dc891a01ad3eb8e81a43a282cbb37d7e12a617c86bff3d91bbd9204dfe8,4,12345,raw,old_acceptance,166,165,90,90,0,1.468206407979002,0.3849470603193388,0.11326930733145388,0.053270694761072726
4b9p,02713dc891a01ad3eb8e81a43a282cbb37d7e12a617c86bff3d91bbd9204dfe8,4,12345,raw,calibrated_zero_penalty,166,165,94,94,0,1.46891151514994,0.4333679737934446,0.11382103041365646,0.05918129867631816
4b9p,02713dc891a01ad3eb8e81a43a282cbb37d7e12a617c86bff3d91bbd9204dfe8,4,12345,zero_final,old_acceptance,166,165,0,0,0,0.0,0.0,0.0,0.0
4b9p,02713dc891a01ad3eb8e81a43a282cbb37d7e12a617c86bff3d91bbd9204dfe8,4,12345,zero_final,calibrated_zero_penalty,166,165,0,0,0,0.0,0.0,0.0,0.0
4b9p,02713dc891a01ad3eb8e81a43a282cbb37d7e12a617c86bff3d91bbd9204dfe8,4,12345,fitted_start,old_acceptance,166,165,88,86,2,1.6427013047861516,0.5334676780280851,0.14634445287672057,0.07035032485979734
4b9p,02713dc891a01ad3eb8e81a43a282cbb37d7e12a617c86bff3d91bbd9204dfe8,4,12345,fitted_start,calibrated_zero_penalty,166,165,89,88,1,1.6434064119570895,0.6078628706005942,0.14674164199758885,0.07449939591630822
4b9p,02713dc891a01ad3eb8e81a43a282cbb37d7e12a617c86bff3d91bbd9204dfe8,4,12345,fitted_final,old_acceptance,166,165,0,0,0,0.0,0.0,0.0,0.0
4b9p,02713dc891a01ad3eb8e81a43a282cbb37d7e12a617c86bff3d91bbd9204dfe8,4,12345,fitted_final,calibrated_zero_penalty,166,165,0,0,0,0.0,0.0,0.0,0.0
4b9p,02713dc891a01ad3eb8e81a43a282cbb37d7e12a617c86bff3d91bbd9204dfe8,4,12345,experimental_gt,old_acceptance,166,165,37,37,0,0.08785294196985127,0.08785294196985127,0.00835270664452162,0.00835270664452162
4b9p,02713dc891a01ad3eb8e81a43a282cbb37d7e12a617c86bff3d91bbd9204dfe8,4,12345,experimental_gt,calibrated_zero_penalty,166,165,50,50,0,0.09629556617378787,0.09629556617378787,0.009966968094678525,0.009966968094678525
4b9p,02713dc891a01ad3eb8e81a43a282cbb37d7e12a617c86bff3d91bbd9204dfe8,4,54321,raw,old_acceptance,166,165,73,70,3,1.191925537067311,0.37684371765922364,0.1211984039858001,0.04375099431096786
4b9p,02713dc891a01ad3eb8e81a43a282cbb37d7e12a617c86bff3d91bbd9204dfe8,4,54321,raw,calibrated_zero_penalty,166,165,75,74,1,1.1927836789997306,0.3993113471105887,0.12158386589744502,0.04875977056472851
4b9p,02713dc891a01ad3eb8e81a43a282cbb37d7e12a617c86bff3d91bbd9204dfe8,4,54321,zero_final,old_acceptance,166,165,0,0,0,0.0,0.0,0.0,0.0
4b9p,02713dc891a01ad3eb8e81a43a282cbb37d7e12a617c86bff3d91bbd9204dfe8,4,54321,zero_final,calibrated_zero_penalty,166,165,0,0,0,0.0,0.0,0.0,0.0
4b9p,02713dc891a01ad3eb8e81a43a282cbb37d7e12a617c86bff3d91bbd9204dfe8,4,54321,fitted_start,old_acceptance,166,165,86,82,4,1.311060876964894,0.39685457119369216,0.13619221022797098,0.05092682129468859
4b9p,02713dc891a01ad3eb8e81a43a282cbb37d7e12a617c86bff3d91bbd9204dfe8,4,54321,fitted_start,calibrated_zero_penalty,166,165,93,92,1,1.3119501645849194,0.4327972190123828,0.1366713318836683,0.055888452274474525
4b9p,02713dc891a01ad3eb8e81a43a282cbb37d7e12a617c86bff3d91bbd9204dfe8,4,54321,fitted_final,old_acceptance,166,165,0,0,0,0.0,0.0,0.0,0.0
4b9p,02713dc891a01ad3eb8e81a43a282cbb37d7e12a617c86bff3d91bbd9204dfe8,4,54321,fitted_final,calibrated_zero_penalty,166,165,0,0,0,0.0,0.0,0.0,0.0
3d8l,06ae9c160e97843eff74a485534ecc35e7e28ab988afb09701cb838d2f9c891c,6,12345,raw,old_acceptance,91,90,48,47,1,1.7369667301498406,0.6241916412539517,0.1664175268611422,0.07178682586583061
3d8l,06ae9c160e97843eff74a485534ecc35e7e28ab988afb09701cb838d2f9c891c,6,12345,raw,calibrated_zero_penalty,91,90,53,53,0,1.7376591611531274,0.6987274048189345,0.1668018303650417,0.07761970956216506
3d8l,06ae9c160e97843eff74a485534ecc35e7e28ab988afb09701cb838d2f9c891c,6,12345,zero_final,old_acceptance,91,90,0,0,0,0.0,0.0,0.0,0.0
3d8l,06ae9c160e97843eff74a485534ecc35e7e28ab988afb09701cb838d2f9c891c,6,12345,zero_final,calibrated_zero_penalty,91,90,0,0,0,0.0,0.0,0.0,0.0
3d8l,06ae9c160e97843eff74a485534ecc35e7e28ab988afb09701cb838d2f9c891c,6,12345,fitted_start,old_acceptance,91,90,58,58,0,1.8164335793431368,0.7036584904472478,0.1771734513739884,0.07895493937025234
3d8l,06ae9c160e97843eff74a485534ecc35e7e28ab988afb09701cb838d2f9c891c,6,12345,fitted_start,calibrated_zero_penalty,91,90,60,60,0,1.8171260103464235,0.7781942540122306,0.1775726310348962,0.0877723502562725
3d8l,06ae9c160e97843eff74a485534ecc35e7e28ab988afb09701cb838d2f9c891c,6,12345,fitted_final,old_acceptance,91,90,0,0,0,0.0,0.0,0.0,0.0
3d8l,06ae9c160e97843eff74a485534ecc35e7e28ab988afb09701cb838d2f9c891c,6,12345,fitted_final,calibrated_zero_penalty,91,90,0,0,0,0.0,0.0,0.0,0.0
3d8l,06ae9c160e97843eff74a485534ecc35e7e28ab988afb09701cb838d2f9c891c,6,12345,experimental_gt,old_acceptance,91,90,22,22,0,0.06785904925911268,0.06785904925911268,0.009497536651747246,0.009497536651747246
3d8l,06ae9c160e97843eff74a485534ecc35e7e28ab988afb09701cb838d2f9c891c,6,12345,experimental_gt,calibrated_zero_penalty,91,90,28,28,0,0.07620906750935763,0.07620906750935763,0.01182022157701543,0.01182022157701543
3d8l,06ae9c160e97843eff74a485534ecc35e7e28ab988afb09701cb838d2f9c891c,6,54321,raw,old_acceptance,91,90,45,45,0,1.9025008980301328,0.7897258091342452,0.18460613860188876,0.085063975944133
3d8l,06ae9c160e97843eff74a485534ecc35e7e28ab988afb09701cb838d2f9c891c,6,54321,raw,calibrated_zero_penalty,91,90,49,49,0,1.9031933290334195,0.8642615726992275,0.1849797555188926,0.09474475474226757
3d8l,06ae9c160e97843eff74a485534ecc35e7e28ab988afb09701cb838d2f9c891c,6,54321,zero_final,old_acceptance,91,90,0,0,0,0.0,0.0,0.0,0.0
3d8l,06ae9c160e97843eff74a485534ecc35e7e28ab988afb09701cb838d2f9c891c,6,54321,zero_final,calibrated_zero_penalty,91,90,0,0,0,0.0,0.0,0.0,0.0
3d8l,06ae9c160e97843eff74a485534ecc35e7e28ab988afb09701cb838d2f9c891c,6,54321,fitted_start,old_acceptance,91,90,53,52,1,1.9113573610372472,0.7985822721413596,0.18008802282958655,0.08782798009974699
3d8l,06ae9c160e97843eff74a485534ecc35e7e28ab988afb09701cb838d2f9c891c,6,54321,fitted_start,calibrated_zero_penalty,91,90,56,56,0,1.912049792040534,0.8731180357063419,0.18050237752019857,0.09621635500554407
3d8l,06ae9c160e97843eff74a485534ecc35e7e28ab988afb09701cb838d2f9c891c,6,54321,fitted_final,old_acceptance,91,90,0,0,0,0.0,0.0,0.0,0.0
3d8l,06ae9c160e97843eff74a485534ecc35e7e28ab988afb09701cb838d2f9c891c,6,54321,fitted_final,calibrated_zero_penalty,91,90,0,0,0,0.0,0.0,0.0,0.0
1j7b,099569e958ae139a87cc08f1ba8a3f537f540fb6684feb2fefacb373339e330e,7,12345,raw,old_acceptance,98,97,38,38,0,0.13383208578343986,0.13383208578343986,0.022922677768862816,0.022922677768862816
1j7b,099569e958ae139a87cc08f1ba8a3f537f540fb6684feb2fefacb373339e330e,7,12345,raw,calibrated_zero_penalty,98,97,41,41,0,0.1422188987200883,0.1422188987200883,0.025316642720523766,0.025316642720523766
1j7b,099569e958ae139a87cc08f1ba8a3f537f540fb6684feb2fefacb373339e330e,7,12345,zero_final,old_acceptance,98,97,0,0,0,0.0,0.0,0.0,0.0
1j7b,099569e958ae139a87cc08f1ba8a3f537f540fb6684feb2fefacb373339e330e,7,12345,zero_final,calibrated_zero_penalty,98,97,0,0,0,0.0,0.0,0.0,0.0
1j7b,099569e958ae139a87cc08f1ba8a3f537f540fb6684feb2fefacb373339e330e,7,12345,fitted_start,old_acceptance,98,97,55,55,0,0.29602203710580577,0.29602203710580577,0.03798275633155025,0.03798275633155025
1j7b,099569e958ae139a87cc08f1ba8a3f537f540fb6684feb2fefacb373339e330e,7,12345,fitted_start,calibrated_zero_penalty,98,97,59,59,0,0.29691260696544397,0.29691260696544397,0.0398660070766646,0.0398660070766646
1j7b,099569e958ae139a87cc08f1ba8a3f537f540fb6684feb2fefacb373339e330e,7,12345,fitted_final,old_acceptance,98,97,0,0,0,0.0,0.0,0.0,0.0
1j7b,099569e958ae139a87cc08f1ba8a3f537f540fb6684feb2fefacb373339e330e,7,12345,fitted_final,calibrated_zero_penalty,98,97,0,0,0,0.0,0.0,0.0,0.0
1j7b,099569e958ae139a87cc08f1ba8a3f537f540fb6684feb2fefacb373339e330e,7,12345,experimental_gt,old_acceptance,98,97,14,14,0,0.08713110939271207,0.08713110939271207,0.008228154525361022,0.008228154525361022
1j7b,099569e958ae139a87cc08f1ba8a3f537f540fb6684feb2fefacb373339e330e,7,12345,experimental_gt,calibrated_zero_penalty,98,97,19,19,0,0.08791229116595423,0.08791229116595423,0.009368377512527054,0.009368377512527054
1j7b,099569e958ae139a87cc08f1ba8a3f537f540fb6684feb2fefacb373339e330e,7,54321,raw,old_acceptance,98,97,36,36,0,0.1688573954726631,0.1688573954726631,0.021652024118362447,0.021652024118362447
1j7b,099569e958ae139a87cc08f1ba8a3f537f540fb6684feb2fefacb373339e330e,7,54321,raw,calibrated_zero_penalty,98,97,43,43,0,0.1696288365530676,0.1696288365530676,0.023622620650372787,0.023622620650372787
1j7b,099569e958ae139a87cc08f1ba8a3f537f540fb6684feb2fefacb373339e330e,7,54321,zero_final,old_acceptance,98,97,0,0,0,0.0,0.0,0.0,0.0
1j7b,099569e958ae139a87cc08f1ba8a3f537f540fb6684feb2fefacb373339e330e,7,54321,zero_final,calibrated_zero_penalty,98,97,0,0,0,0.0,0.0,0.0,0.0
1j7b,099569e958ae139a87cc08f1ba8a3f537f540fb6684feb2fefacb373339e330e,7,54321,fitted_start,old_acceptance,98,97,56,56,0,0.2386592933095879,0.2386592933095879,0.03530877477842922,0.03530877477842922
1j7b,099569e958ae139a87cc08f1ba8a3f537f540fb6684feb2fefacb373339e330e,7,54321,fitted_start,calibrated_zero_penalty,98,97,57,57,0,0.23954986316922566,0.23954986316922566,0.0371361733377199,0.0371361733377199
1j7b,099569e958ae139a87cc08f1ba8a3f537f540fb6684feb2fefacb373339e330e,7,54321,fitted_final,old_acceptance,98,97,1,1,0,0.0038323424978061738,0.0038323424978061738,0.0002736673212718696,0.0002736673212718696
1j7b,099569e958ae139a87cc08f1ba8a3f537f540fb6684feb2fefacb373339e330e,7,54321,fitted_final,calibrated_zero_penalty,98,97,0,0,0,0.0,0.0,0.0,0.0
