run_id,role,arm,aa_lddt,ca_lddt,centered_response_rmse,exact_fail_to_pass,exact_pass_to_fail,geometry_pass,local_max,local_mean,local_over1,local_p95,local_p99,new_spearman,old_spearman,outputs,parents,reference_fail_to_pass,reference_pass_to_fail,regret,regret_parent_max,regret_parent_median,score_mae,sites,spearman,top1,top3_recall,top5_recall,undefined_spearman_sites
n15_direct_global_272001,dev_new_site,0,0.9577118017787783,0.9692212995512524,0.5055317716279333,5,8,53,6.268448829143003,0.9686107956885702,39,5.353651909712629,6.098729419875722,0.3239766081871345,0.09064327485380118,114,3,0,0,0.11916687220802696,0.20223540319957056,0.11349994169438071,0.0671534352520196,3,0.1830409356725146,0,0.2222222222222222,0.3333333333333333,0
n15_direct_global_272001,dev_new_site,16416,0.9506803802905747,0.9647049780671649,0.5444613985809805,8,14,50,6.443642749320978,1.0699407335759412,42,5.1095527142475365,5.903025249977865,0.4222222222222222,-0.0807017543859649,114,3,6,9,0.13634250155998293,0.20030816498363313,0.11946112986668506,0.07432016660519493,3,0.19766081871345031,0,0.0,0.13333333333333333,0
n15_direct_global_272001,dev_new_site,3040,0.9567043973757308,0.9684108577472909,0.5100419986479832,4,11,49,6.16486259173813,0.9876605254175416,39,5.359181444043737,5.760463006570132,0.39941520467836256,0.20116959064327486,114,3,1,5,0.11916687220802696,0.20223540319957056,0.11349994169438071,0.06776627660045233,3,0.24736842105263154,0,0.3333333333333333,0.4000000000000001,0
n15_direct_global_272001,dev_new_site,4104,0.9541923792250578,0.9665153078976956,0.5165267943605154,4,15,45,6.209783176234405,1.0231074533021263,40,5.283564736589325,5.724512494066401,0.39707602339181286,0.17485380116959062,114,3,2,10,0.1811023260088973,0.47146499500091354,0.041765271730129616,0.07035204286139606,3,0.24678362573099413,0,0.4444444444444444,0.5333333333333333,0
n15_direct_global_272001,dev_new_site,8208,0.9547874370271154,0.9673310773445416,0.5217948397433423,5,14,47,6.3701287086058755,0.9970030319408666,38,5.103606066835586,5.880259162426351,0.41345029239766085,0.20292397660818715,114,3,3,9,0.10982199747356837,0.20030816498363313,0.11410256690091036,0.06799583802809275,3,0.2631578947368421,0,0.3333333333333333,0.26666666666666666,0
n15_direct_global_272001,dev_new_site,exact,1.0,1.0,0.0,0,0,56,3.388636385277026e-14,6.037459840577471e-15,0,1.2187052405285872e-14,1.888088639366751e-14,1.0,1.0,114,3,8,5,0.039687180523288214,0.11349994169438071,0.005561599875483936,0.0,3,1.0,3,1.0,1.0,0
n15_direct_global_272001,dev_new_site,reference_only,0.9577114864533097,0.9692212995512524,0.5055323047848644,5,8,53,6.268505635791662,0.9686115660175331,39,5.353645533617065,6.098442497232905,0.3239766081871345,0.08538011695906432,114,3,0,0,0.11916687220802696,0.20223540319957056,0.11349994169438071,0.0671517963078747,3,0.1830409356725146,0,0.2222222222222222,0.3333333333333333,0
n15_direct_global_272001,dev_unseen_protein,0,0.9233299949742754,0.9341503191842642,0.47805485792762714,45,60,423,6.143125329258174,0.8392524620894684,169,3.6537650245783975,5.620634131154731,0.13352826510721247,0.19980506822612087,684,9,0,0,0.23250401127957318,1.1241143382740542,0.027548719735882597,0.21684511943686458,18,0.1524366471734893,1,0.2962962962962963,0.37777777777777777,0
n15_direct_global_272001,dev_unseen_protein,16416,0.9178283385618791,0.9299603641577109,0.4938507000261775,33,71,400,6.148094191066167,0.869373658255181,177,3.8657375136622414,5.593140165143245,0.029434697855750487,0.09015594541910331,684,9,24,47,0.24736501375450354,1.1144859628493886,0.032392173175880785,0.21015179674831538,18,0.03440545808966862,0,0.2222222222222222,0.32222222222222224,0
n15_direct_global_272001,dev_unseen_protein,3040,0.9214807513647436,0.932697982627136,0.48215961290901443,49,66,421,6.141463946499275,0.8487160799082144,172,3.7944692583861506,5.581999331321374,0.056140350877192984,0.19970760233918128,684,9,23,25,0.26658159266162046,1.158125898908175,0.01696683471637847,0.21718654119478914,18,0.11091617933723197,2,0.2777777777777778,0.3222222222222222,0
n15_direct_global_272001,dev_unseen_protein,4104,0.9179514919851941,0.9299111042800947,0.4892431892813314,28,74,392,6.157099812348843,0.8651489000911788,178,3.829865963905861,5.506167058945181,0.015302144249512659,0.15068226120857697,684,9,12,43,0.18096600173044802,1.1044282953171065,0.026859729173003277,0.21518637661961235,18,0.05311890838206627,1,0.24074074074074073,0.28888888888888886,0
n15_direct_global_272001,dev_unseen_protein,8208,0.9204326756919623,0.9317427144224395,0.4893101524767103,37,75,400,6.160665967015802,0.8555181230146497,172,3.8768226846432636,5.5660976545661995,0.0003898635477582773,0.06500974658869395,684,9,17,40,0.21029072929345788,0.9291679948390001,0.01695910588409727,0.2197133564534191,18,-0.020175438596491218,1,0.16666666666666666,0.2333333333333334,0
n15_direct_global_272001,dev_unseen_protein,exact,1.0,1.0,0.0,0,0,438,6.776078236089213e-14,6.7381677265731646e-15,0,1.4069519180841175e-14,2.7051998686835772e-14,1.0,1.0,684,9,60,45,0.008365837005721619,0.033643696180128635,0.004229097714844927,0.0,18,1.0,18,1.0,1.0,0
n15_direct_global_272001,dev_unseen_protein,reference_only,0.9233298647312663,0.9341499052948343,0.4780546699700413,45,60,423,6.14310829780586,0.8392526365919533,169,3.653764994678006,5.620529663230023,0.13294346978557503,0.19912280701754384,684,9,0,0,0.23250401127957318,1.1241143382740542,0.027548719735882597,0.21684392591625495,18,0.1524366471734893,1,0.2962962962962963,0.37777777777777777,0
n15_direct_global_272001,train,0,0.9499136746725961,0.958526963993273,0.4542939104767587,40,55,397,4.668938293626747,0.5723078484884092,163,2.181169760785975,3.3353147215695818,0.30923976608187137,0.3371929824561403,1026,15,0,0,0.15547983954870806,1.1244124175102501,0.04595943097313976,0.1462801266358702,27,0.35005847953216374,8,0.25555555555555554,0.41333333333333333,0
n15_direct_global_272001,train,16416,0.9620122243657024,0.9705629155874828,0.2837007935102235,99,41,470,2.261709583544743,0.3480144167383024,50,0.9867620058190383,1.6547759398098998,0.6234502923976609,0.7467251461988305,1026,15,106,33,0.044547360815797576,0.2560250659558774,0.018560792797190806,0.05052417719803291,27,0.737076023391813,13,0.5555555555555555,0.6333333333333334,0
n15_direct_global_272001,train,3040,0.9536769509726819,0.9624350365641209,0.4068184742792897,116,50,478,3.1515077720408455,0.45831888526462244,105,1.3397991230500983,2.787216556774819,0.3433333333333333,0.4063742690058478,1026,15,100,19,0.12868255725361114,0.9475488805188055,0.03981385557212566,0.08299312972585966,27,0.4087719298245613,4,0.32222222222222213,0.4466666666666666,0
n15_direct_global_272001,train,4104,0.9529867275640309,0.9622526889673323,0.40344514978848134,117,43,486,3.156536427793264,0.460957644343663,114,1.4050262916793503,2.7789552035039944,0.33315789473684204,0.42614035087719304,1026,15,105,16,0.05860211463553313,0.15544084307177652,0.03618506365978311,0.08322561814456637,27,0.4133333333333333,7,0.41111111111111115,0.4866666666666667,0
n15_direct_global_272001,train,8208,0.9576483031173357,0.9660753300282086,0.3415677564871088,94,25,481,3.149066117207918,0.4282063380374724,94,1.3326780982361859,2.768043460438995,0.469766081871345,0.5909356725146199,1026,15,102,18,0.07559761221185204,0.5975095424219539,0.03504201869825872,0.05886856249372791,27,0.5857309941520467,12,0.5222222222222223,0.5466666666666666,0
n15_direct_global_272001,train,exact,1.0,1.0,0.0,0,0,412,6.646024138648597e-14,7.77328816805416e-15,0,1.731353804675181e-14,3.6396161895915e-14,1.0,1.0,1026,15,55,40,0.03310826389699117,0.15268191004846943,0.007594713008960238,0.0,27,1.0,27,1.0,1.0,0
n15_direct_global_272001,train,reference_only,0.9499126032719166,0.9585252050797487,0.45429622290719973,40,55,397,4.668960531715811,0.572311477659527,163,2.1811668129372013,3.3353723771759056,0.3093567251461988,0.3371929824561403,1026,15,0,0,0.15547983954870806,1.1244124175102501,0.04595943097313976,0.14628424462900916,27,0.35005847953216374,8,0.25555555555555554,0.41333333333333333,0
n15_direct_global_272003,dev_new_site,0,0.9577103512724895,0.9692200914112213,0.5055332124804037,5,8,53,6.268439707960948,0.9686244008305329,39,5.353598846760059,6.098363807498333,0.3239766081871345,0.08538011695906432,114,3,0,0,0.11916687220802696,0.20223540319957056,0.11349994169438071,0.06715232061261815,3,0.1830409356725146,0,0.2222222222222222,0.3333333333333333,0
n15_direct_global_272003,dev_new_site,16416,0.9521691378463055,0.9656793443375805,0.5276748817444906,4,18,42,6.327420380336886,1.0368108232129045,42,5.267080176473108,5.642018592084904,0.36666666666666664,0.11520467836257309,114,3,1,12,0.13634250155998293,0.20030816498363313,0.11946112986668506,0.06996205568575531,3,0.20584795321637425,1,0.2222222222222222,0.4000000000000001,0
n15_direct_global_272003,dev_new_site,3040,0.9567827938734271,0.9687458862967238,0.5069635187677178,7,11,52,6.240843123236523,0.9791169801105469,38,5.370912576234622,5.855640265885913,0.36491228070175435,0.12339181286549704,114,3,2,3,0.11916687220802696,0.20223540319957056,0.11349994169438071,0.0670585619615035,3,0.2532163742690059,1,0.2222222222222222,0.26666666666666666,0
n15_direct_global_272003,dev_new_site,4104,0.9567648524694182,0.9687608938297604,0.5114874940373584,5,13,48,6.2373161170185885,0.9903506010561435,38,5.375466277056832,5.908914022723298,0.32514619883040935,0.12748538011695912,114,3,2,7,0.11852445946938116,0.20030816498363313,0.11349994169438071,0.06760639630326852,3,0.20584795321637425,0,0.2222222222222222,0.26666666666666666,0
n15_direct_global_272003,dev_new_site,8208,0.9520586605117671,0.9662867091303795,0.5364070496015404,5,15,46,6.281197994402415,1.0388934769335696,43,5.242103072089959,5.7734748781501875,0.23684210526315788,0.0801169590643275,114,3,4,11,0.3949132165997357,0.8884971577259397,0.18880793391196904,0.06573806793623417,3,0.1286549707602339,1,0.2222222222222222,0.3333333333333333,0
n15_direct_global_272003,dev_new_site,exact,1.0,1.0,0.0,0,0,56,3.388636385277026e-14,6.037459840577471e-15,0,1.2187052405285872e-14,1.888088639366751e-14,1.0,1.0,114,3,8,5,0.039687180523288214,0.11349994169438071,0.005561599875483936,0.0,3,1.0,3,1.0,1.0,0
n15_direct_global_272003,dev_new_site,reference_only,0.9577114864533097,0.9692212995512524,0.5055323047848644,5,8,53,6.268505635791662,0.9686115660175331,39,5.353645533617065,6.098442497232905,0.3239766081871345,0.08538011695906432,114,3,0,0,0.11916687220802696,0.20223540319957056,0.11349994169438071,0.0671517963078747,3,0.1830409356725146,0,0.2222222222222222,0.3333333333333333,0
n15_direct_global_272003,dev_unseen_protein,0,0.9233296253892964,0.9341502857437773,0.4780544907325022,44,60,422,6.1431007465797345,0.8392547549183628,169,3.653781495952542,5.620457609884319,0.13362573099415204,0.20019493177387915,684,9,0,1,0.23250401127957318,1.1241143382740542,0.027548719735882597,0.21684221935650322,18,0.152729044834308,1,0.2962962962962963,0.37777777777777777,0
n15_direct_global_272003,dev_unseen_protein,16416,0.9211843272646207,0.932596916764672,0.48899821621962897,40,67,411,6.100686219637257,0.8525480783154822,175,4.047135901523312,5.544845088208217,0.096588693957115,0.2,684,9,31,43,0.3321956900332906,2.0050548095907876,0.03838950031880756,0.21875869062282097,18,0.16666666666666666,2,0.25925925925925924,0.30000000000000004,0
n15_direct_global_272003,dev_unseen_protein,3040,0.9219071276322585,0.9330647487223648,0.4800054258973259,58,54,442,6.124155118181819,0.8553859249877434,173,3.734709418489288,5.602378114767276,0.11715399610136451,0.20555555555555552,684,9,30,11,0.17443960041493384,0.7452081910294561,0.027548719735882597,0.21646552583812773,18,0.10711500974658869,2,0.24074074074074073,0.3111111111111111,0
n15_direct_global_272003,dev_unseen_protein,4104,0.921240403156946,0.9324976726891394,0.4837442677148224,57,56,439,6.124773585609488,0.8613159437094873,175,3.9244087102950678,5.5938645888494865,0.04346978557504874,0.20029239766081872,684,9,34,18,0.1883228040680821,0.8094517077289473,0.026859729173003277,0.21822166235069262,18,0.08265107212475634,0,0.2222222222222222,0.3333333333333333,0
n15_direct_global_272003,dev_unseen_protein,8208,0.9213990964217859,0.9329722547199979,0.486926039788094,47,61,424,6.089584042674949,0.8651629604216154,170,4.0535865636778485,5.560300915829848,0.017738791423001957,0.10428849902534115,684,9,33,32,0.2755173856539272,2.0050548095907876,0.0325400057054082,0.22232412304953286,18,0.034600389863547756,0,0.16666666666666663,0.28888888888888886,0
n15_direct_global_272003,dev_unseen_protein,exact,1.0,1.0,0.0,0,0,438,6.776078236089213e-14,6.7381677265731646e-15,0,1.4069519180841175e-14,2.7051998686835772e-14,1.0,1.0,684,9,60,45,0.008365837005721619,0.033643696180128635,0.004229097714844927,0.0,18,1.0,18,1.0,1.0,0
n15_direct_global_272003,dev_unseen_protein,reference_only,0.9233298647312663,0.9341499052948343,0.4780546699700413,45,60,423,6.14310829780586,0.8392526365919533,169,3.653764994678006,5.620529663230023,0.13294346978557503,0.19912280701754384,684,9,0,0,0.23250401127957318,1.1241143382740542,0.027548719735882597,0.21684392591625495,18,0.1524366471734893,1,0.2962962962962963,0.37777777777777777,0
n15_direct_global_272003,train,0,0.9499134057216042,0.9585261511239598,0.45429195635004976,40,55,397,4.668882129165944,0.572311715512202,163,2.181159505507146,3.3352418916823225,0.3087719298245614,0.3359649122807017,1026,15,0,0,0.15547983954870806,1.1244124175102501,0.04595943097313976,0.14628331449717802,27,0.34918128654970754,8,0.25555555555555554,0.41333333333333333,0
n15_direct_global_272003,train,16416,0.9627687125181527,0.9706040655967578,0.27852542792977447,122,53,481,2.27041101727266,0.346974992796751,41,0.9231582832933325,1.3745500289262513,0.6080116959064326,0.7866666666666667,1026,15,128,44,0.045643304271769325,0.28190385563914333,0.010631603765204445,0.046266515501895714,27,0.7194736842105265,14,0.5444444444444444,0.6333333333333333,0
n15_direct_global_272003,train,3040,0.9531680142389162,0.9618737137876742,0.41300776403298467,110,35,487,3.14499767995699,0.45739222937276414,103,1.4371715424885338,2.8308692418712558,0.3861988304093567,0.3873099415204678,1026,15,99,9,0.08284980159768121,0.3496327100662828,0.058264741503855494,0.08344346605359981,27,0.40403508771929825,6,0.31111111111111106,0.4466666666666666,0
n15_direct_global_272003,train,4104,0.9515418180430071,0.9601266137995218,0.4038989383139849,131,45,498,3.1359023177330285,0.4639818118560876,114,1.4045027692857317,2.823699623756351,0.3732748538011696,0.44766081871345026,1026,15,120,19,0.07492339962089781,0.4686338262375964,0.035305593043897826,0.07771274328897326,27,0.4302923976608187,10,0.39999999999999997,0.46666666666666673,0
n15_direct_global_272003,train,8208,0.9563897968985455,0.9651391374839794,0.3348288074480994,140,36,516,3.12952867024989,0.4157308892260097,83,1.238150456794859,2.724497601547532,0.49824561403508777,0.6369590643274853,1026,15,145,26,0.03173520711725262,0.07966616840340712,0.023531924726019726,0.05525973009284222,27,0.6159649122807017,10,0.5222222222222223,0.5266666666666668,0
n15_direct_global_272003,train,exact,1.0,1.0,0.0,0,0,412,6.646024138648597e-14,7.77328816805416e-15,0,1.731353804675181e-14,3.6396161895915e-14,1.0,1.0,1026,15,55,40,0.03310826389699117,0.15268191004846943,0.007594713008960238,0.0,27,1.0,27,1.0,1.0,0
n15_direct_global_272003,train,reference_only,0.9499126032719166,0.9585252050797487,0.45429622290719973,40,55,397,4.668960531715811,0.572311477659527,163,2.1811668129372013,3.3353723771759056,0.3093567251461988,0.3371929824561403,1026,15,0,0,0.15547983954870806,1.1244124175102501,0.04595943097313976,0.14628424462900916,27,0.35005847953216374,8,0.25555555555555554,0.41333333333333333,0
n15_workspace_272001,dev_new_site,0,0.9577104658416444,0.9692200914112213,0.5055339261260473,5,8,53,6.268441847437704,0.9686101970923673,39,5.353734764492846,6.0985541210187,0.3239766081871345,0.08538011695906432,114,3,0,0,0.11916687220802696,0.20223540319957056,0.11349994169438071,0.06715220436685991,3,0.1830409356725146,0,0.2222222222222222,0.3333333333333333,0
n15_workspace_272001,dev_new_site,16416,0.947753648066676,0.9634639807427324,0.5687854622334031,6,16,46,6.186898680470421,1.07135645558193,36,5.25684659933257,5.933628823277264,0.3666666666666667,0.04561403508771931,114,3,4,11,0.10114199429518346,0.15640425215669773,0.10743455816129832,0.07958079842473056,3,0.12865497076023394,0,0.2222222222222222,0.3333333333333333,0
n15_workspace_272001,dev_new_site,3040,0.9577451426763762,0.9693985744824379,0.5054578264709509,5,8,53,6.273853962651699,0.9698101503527351,39,5.353090059295287,6.11780033739465,0.30584795321637426,0.06666666666666667,114,3,0,0,0.11916687220802696,0.20223540319957056,0.11349994169438071,0.0661046095160117,3,0.18479532163742687,1,0.2222222222222222,0.3333333333333333,0
n15_workspace_272001,dev_new_site,4104,0.9577535961116287,0.9693588251904789,0.5061850556623684,4,8,52,6.267906399359327,0.9727398334412906,39,5.35332196969691,6.154013440578571,0.34912280701754383,0.08888888888888889,114,3,0,1,0.11916687220802696,0.20223540319957056,0.11349994169438071,0.06617136239336806,3,0.2087719298245614,0,0.3333333333333333,0.4000000000000001,0
n15_workspace_272001,dev_new_site,8208,0.9515156272456012,0.9655284002193657,0.534076330824788,5,14,47,6.192307655863507,0.9967385574369559,36,5.376952859689219,6.063689639827108,0.35146198830409353,0.18245614035087723,114,3,1,7,0.12356791457219624,0.20223540319957056,0.11349994169438071,0.06785253132191421,3,0.22046783625730995,0,0.1111111111111111,0.3333333333333333,0
n15_workspace_272001,dev_new_site,exact,1.0,1.0,0.0,0,0,56,3.388636385277026e-14,6.037459840577471e-15,0,1.2187052405285872e-14,1.888088639366751e-14,1.0,1.0,114,3,8,5,0.039687180523288214,0.11349994169438071,0.005561599875483936,0.0,3,1.0,3,1.0,1.0,0
n15_workspace_272001,dev_new_site,reference_only,0.9577114864533097,0.9692212995512524,0.5055323047848644,5,8,53,6.268505635791662,0.9686115660175331,39,5.353645533617065,6.098442497232905,0.3239766081871345,0.08538011695906432,114,3,0,0,0.11916687220802696,0.20223540319957056,0.11349994169438071,0.0671517963078747,3,0.1830409356725146,0,0.2222222222222222,0.3333333333333333,0
n15_workspace_272001,dev_unseen_protein,0,0.92332995025421,0.9341500745051007,0.4780552591885988,45,60,423,6.14309999883197,0.8392503678924023,169,3.65374593432709,5.620559514040674,0.13294346978557503,0.20058479532163742,684,9,0,0,0.23250401127957318,1.1241143382740542,0.027548719735882597,0.21684415933549447,18,0.15292397660818713,1,0.2962962962962963,0.37777777777777777,0
n15_workspace_272001,dev_unseen_protein,16416,0.9192345789007054,0.9306422750544914,0.48623731948929116,47,55,430,6.135558383672946,0.8652460003427129,178,3.965482990800632,5.540861609059419,0.16159844054580896,0.1408382066276803,684,9,26,19,0.22558428279449969,1.1729857466906957,0.028174439856314973,0.22319096468262728,18,0.11764132553606237,2,0.24074074074074073,0.37777777777777777,0
n15_workspace_272001,dev_unseen_protein,3040,0.9219670870241815,0.9330380811069509,0.4830421885834859,45,54,429,6.144075324911825,0.856281543055562,173,3.734473004133518,5.600656993095961,0.14951267056530215,0.25643274853801173,684,9,19,13,0.20414922557604653,1.1949749368843445,0.027548719735882597,0.2210607492741795,18,0.18206627680311888,1,0.25925925925925924,0.3777777777777778,0
n15_workspace_272001,dev_unseen_protein,4104,0.9223689128407528,0.9333581602475198,0.4814600671055762,47,58,427,6.14839502729737,0.8533926281944431,172,3.693485753834277,5.5420932364109055,0.15964912280701754,0.23888888888888887,684,9,22,18,0.18827180835881566,0.7969754507537025,0.02731973993387532,0.22003858749874095,18,0.1655945419103314,1,0.3333333333333333,0.41111111111111115,0
n15_workspace_272001,dev_unseen_protein,8208,0.9175205189724611,0.929030338832167,0.48975274963362353,50,56,432,6.159608896491824,0.8669326761878735,181,3.943145143337263,5.567340831301116,0.08460038986354775,0.19230019493177386,684,9,30,21,0.12465612706145442,0.7186454309453407,0.030316012844771444,0.22308112138476094,18,0.10701754385964912,1,0.25925925925925924,0.32222222222222224,0
n15_workspace_272001,dev_unseen_protein,exact,1.0,1.0,0.0,0,0,438,6.776078236089213e-14,6.7381677265731646e-15,0,1.4069519180841175e-14,2.7051998686835772e-14,1.0,1.0,684,9,60,45,0.008365837005721619,0.033643696180128635,0.004229097714844927,0.0,18,1.0,18,1.0,1.0,0
n15_workspace_272001,dev_unseen_protein,reference_only,0.9233298647312663,0.9341499052948343,0.4780546699700413,45,60,423,6.14310829780586,0.8392526365919533,169,3.653764994678006,5.620529663230023,0.13294346978557503,0.19912280701754384,684,9,0,0,0.23250401127957318,1.1241143382740542,0.027548719735882597,0.21684392591625495,18,0.1524366471734893,1,0.2962962962962963,0.37777777777777777,0
n15_workspace_272001,train,0,0.9499130108109058,0.958526021973799,0.4542959078150298,40,55,397,4.668986231438533,0.5723112865299368,163,2.1811477668094583,3.3351531608026477,0.30871345029239755,0.3359649122807017,1026,15,0,0,0.15658114628126066,1.1244124175102501,0.04595943097313976,0.14628452167556028,27,0.34923976608187135,8,0.25555555555555554,0.41333333333333333,0
n15_workspace_272001,train,16416,0.9577677803651814,0.9664763161636732,0.31933077587391023,80,38,454,3.0197969855549043,0.4014086798632356,71,1.104836497735636,2.559370140970639,0.5164327485380117,0.5917543859649121,1026,15,74,17,0.03694425201851326,0.15268191004846943,0.028723807071095606,0.06106002603451271,27,0.5774269005847953,9,0.5222222222222223,0.5,0
n15_workspace_272001,train,3040,0.9495321434058515,0.958107290882501,0.43519389739958636,44,46,410,3.1515333176860842,0.5068146841549803,141,1.7743547505116863,2.7756537114177506,0.32783625730994154,0.35257309941520465,1026,15,17,4,0.13365109708565026,1.0758768720118657,0.04595943097313976,0.1475314242772887,27,0.35807017543859654,8,0.3555555555555555,0.4733333333333334,0
n15_workspace_272001,train,4104,0.949440017352088,0.9574418616268802,0.4135913549746243,104,46,470,3.1784755476572975,0.487590494396579,126,1.567561428579952,2.8237719583994503,0.32555555555555554,0.32508771929824565,1026,15,86,13,0.10678619817377766,0.6815579889125252,0.04595943097313976,0.09970061432048791,27,0.3264912280701754,9,0.36666666666666664,0.4333333333333334,0
n15_workspace_272001,train,8208,0.9537374091645134,0.9631031307962268,0.3894378247201141,47,42,417,3.140132785182503,0.43819936278607496,94,1.246210055530415,2.759872759143464,0.3483625730994152,0.39549707602339185,1026,15,41,21,0.1112463966792962,0.8298664320749694,0.039803938788062654,0.09440482639283658,27,0.38035087719298244,10,0.3888888888888889,0.4266666666666667,0
n15_workspace_272001,train,exact,1.0,1.0,0.0,0,0,412,6.646024138648597e-14,7.77328816805416e-15,0,1.731353804675181e-14,3.6396161895915e-14,1.0,1.0,1026,15,55,40,0.03310826389699117,0.15268191004846943,0.007594713008960238,0.0,27,1.0,27,1.0,1.0,0
n15_workspace_272001,train,reference_only,0.9499126032719166,0.9585252050797487,0.45429622290719973,40,55,397,4.668960531715811,0.572311477659527,163,2.1811668129372013,3.3353723771759056,0.3093567251461988,0.3371929824561403,1026,15,0,0,0.15547983954870806,1.1244124175102501,0.04595943097313976,0.14628424462900916,27,0.35005847953216374,8,0.25555555555555554,0.41333333333333333,0
n15_workspace_272003,dev_new_site,0,0.9577104114089474,0.9692167382430936,0.5055324187359459,5,8,53,6.268393739710453,0.9686334016141437,39,5.353587445270786,6.098195525702302,0.3239766081871345,0.08538011695906432,114,3,0,0,0.11916687220802696,0.20223540319957056,0.11349994169438071,0.06715551229316526,3,0.1830409356725146,0,0.2222222222222222,0.3333333333333333,0
n15_workspace_272003,dev_new_site,16416,0.9495785927609642,0.9632536963534788,0.5679776176724421,3,17,42,6.442953756744525,1.0818305657957334,38,5.106150116098382,5.901385356931324,0.4181286549707603,0.04970760233918128,114,3,1,12,0.11577663190416193,0.20030816498363313,0.10743455816129832,0.07640845823621668,3,0.19590643274853803,0,0.1111111111111111,0.3333333333333333,0
n15_workspace_272003,dev_new_site,3040,0.9574873762052936,0.9693728500991249,0.5062145695701775,5,9,52,6.268270356087375,0.9639945197896846,39,5.361450279984553,6.0790232877790435,0.3228070175438597,0.053216374269005856,114,3,0,1,0.09135912874178297,0.20223540319957056,0.041765271730129616,0.06811771339525596,3,0.1637426900584795,1,0.2222222222222222,0.3333333333333333,0
n15_workspace_272003,dev_new_site,4104,0.9577098859114703,0.9693017847273843,0.5059177056942077,4,8,52,6.271127226947729,0.9707633179165525,39,5.35675334584375,6.066059644904735,0.30935672514619883,0.08421052631578947,114,3,0,1,0.11916687220802696,0.20223540319957056,0.11349994169438071,0.0674475301035788,3,0.20584795321637425,1,0.2222222222222222,0.3333333333333333,0
n15_workspace_272003,dev_new_site,8208,0.9565496383536497,0.9686782675905722,0.5091367901764937,4,12,48,6.2851762882816935,0.9885926329283429,39,5.39838784934659,5.9268026290127125,0.34152046783625734,0.22982456140350874,114,3,0,5,0.11026353514337096,0.20223540319957056,0.11349994169438071,0.0699045250613688,3,0.2923976608187135,0,0.2222222222222222,0.4666666666666666,0
n15_workspace_272003,dev_new_site,exact,1.0,1.0,0.0,0,0,56,3.388636385277026e-14,6.037459840577471e-15,0,1.2187052405285872e-14,1.888088639366751e-14,1.0,1.0,114,3,8,5,0.039687180523288214,0.11349994169438071,0.005561599875483936,0.0,3,1.0,3,1.0,1.0,0
n15_workspace_272003,dev_new_site,reference_only,0.9577114864533097,0.9692212995512524,0.5055323047848644,5,8,53,6.268505635791662,0.9686115660175331,39,5.353645533617065,6.098442497232905,0.3239766081871345,0.08538011695906432,114,3,0,0,0.11916687220802696,0.20223540319957056,0.11349994169438071,0.0671517963078747,3,0.1830409356725146,0,0.2222222222222222,0.3333333333333333,0
n15_workspace_272003,dev_unseen_protein,0,0.9233299956575163,0.9341491483405258,0.47805422157323524,45,60,423,6.143109802074022,0.8392499029320342,169,3.653756952077298,5.620582076165231,0.13352826510721247,0.20009746588693958,684,9,0,0,0.23250401127957318,1.1241143382740542,0.027548719735882597,0.2168446625215624,18,0.1524366471734893,1,0.2962962962962963,0.37777777777777777,0
n15_workspace_272003,dev_unseen_protein,16416,0.9199832929840639,0.9313380282349377,0.4927392300650583,37,88,387,6.234632228201516,0.8785900235090484,176,4.006035249888884,5.620983390359374,-0.026120857699805065,0.08128654970760234,684,9,29,65,0.17487695147064852,0.7394945489698608,0.029634264604051407,0.21855815025431086,18,-0.02348927875243664,1,0.24074074074074073,0.24444444444444446,0
n15_workspace_272003,dev_unseen_protein,3040,0.9172267766563214,0.929028915186673,0.4815459550578091,57,53,442,6.133845213716801,0.8965689488359616,183,3.755492559692784,5.540964737392496,0.17066276803118907,0.25458089668615985,684,9,28,9,0.18545682544633468,0.7628125955255065,0.027548719735882597,0.21068570347257934,18,0.18518518518518517,2,0.31481481481481477,0.4222222222222223,0
n15_workspace_272003,dev_unseen_protein,4104,0.920716118435117,0.931946557805071,0.48448430416844407,59,57,440,6.14357952784561,0.8653053554625347,177,3.6162680700350918,5.562066164050844,0.15711500974658868,0.24873294346978556,684,9,27,10,0.1322106146501414,0.7452081910294561,0.023352321722490577,0.21945163165145648,18,0.18050682261208578,2,0.37037037037037035,0.41111111111111115,0
n15_workspace_272003,dev_unseen_protein,8208,0.921644715765835,0.9327040236503785,0.48502570828995345,39,68,409,6.155344434528088,0.8560585578814064,176,3.6265199565954633,5.579743708824658,0.16364522417153998,0.2237816764132553,684,9,17,31,0.23095388102017533,1.1241143382740542,0.027474742265040847,0.22021602617723607,18,0.17495126705653022,0,0.24074074074074073,0.3666666666666667,0
n15_workspace_272003,dev_unseen_protein,exact,1.0,1.0,0.0,0,0,438,6.776078236089213e-14,6.7381677265731646e-15,0,1.4069519180841175e-14,2.7051998686835772e-14,1.0,1.0,684,9,60,45,0.008365837005721619,0.033643696180128635,0.004229097714844927,0.0,18,1.0,18,1.0,1.0,0
n15_workspace_272003,dev_unseen_protein,reference_only,0.9233298647312663,0.9341499052948343,0.4780546699700413,45,60,423,6.14310829780586,0.8392526365919533,169,3.653764994678006,5.620529663230023,0.13294346978557503,0.19912280701754384,684,9,0,0,0.23250401127957318,1.1241143382740542,0.027548719735882597,0.21684392591625495,18,0.1524366471734893,1,0.2962962962962963,0.37777777777777777,0
n15_workspace_272003,train,0,0.9499120594738275,0.9585254463857583,0.45429234568114446,40,55,397,4.668896868787502,0.5723111800717338,163,2.1811750726399532,3.3352750029700493,0.30918128654970756,0.33748538011695906,1026,15,0,0,0.15547983954870806,1.1244124175102501,0.04595943097313976,0.14628146051083918,27,0.3490058479532163,8,0.25555555555555554,0.41333333333333333,0
n15_workspace_272003,train,16416,0.9582562666344465,0.9675226641350911,0.3040900458295564,88,39,461,3.0292112412318897,0.38734921082688806,68,1.0865782140818498,2.6671302958762593,0.5948538011695906,0.6421052631578947,1026,15,88,24,0.039493974334790134,0.1538188168605077,0.023245090704238552,0.05447852294078341,27,0.6719883040935672,13,0.5333333333333333,0.56,0
n15_workspace_272003,train,3040,0.9490571909986945,0.9582097934812652,0.4291752999995575,89,54,447,3.2784337939040284,0.4900099621052386,123,1.5760181467148824,2.87037947490194,0.32292397660818717,0.34959064327485384,1026,15,68,18,0.19429233934778217,1.702165131587494,0.03510752275228071,0.09557578771059198,27,0.3563742690058479,7,0.2888888888888889,0.42,0
n15_workspace_272003,train,4104,0.9504125600490585,0.9594099070426825,0.42921909668763514,81,52,441,3.15211073849816,0.4695178509374921,119,1.4443398504046319,2.765635441207711,0.31988304093567244,0.3711695906432748,1026,15,58,14,0.14670785642436535,1.2221694142116746,0.057697287412308285,0.09444063799539763,27,0.3835087719298245,7,0.25555555555555554,0.48000000000000004,0
n15_workspace_272003,train,8208,0.955444741266423,0.9641637214613162,0.3876093237856405,106,47,471,3.147410441948733,0.42807660650444457,89,1.2256686164202952,2.7615124915752145,0.3437426900584795,0.4047368421052632,1026,15,98,24,0.11901222910291014,0.9984225414415329,0.038580336678548044,0.07496794283503382,27,0.3992982456140351,9,0.36666666666666664,0.44666666666666666,0
n15_workspace_272003,train,exact,1.0,1.0,0.0,0,0,412,6.646024138648597e-14,7.77328816805416e-15,0,1.731353804675181e-14,3.6396161895915e-14,1.0,1.0,1026,15,55,40,0.03310826389699117,0.15268191004846943,0.007594713008960238,0.0,27,1.0,27,1.0,1.0,0
n15_workspace_272003,train,reference_only,0.9499126032719166,0.9585252050797487,0.45429622290719973,40,55,397,4.668960531715811,0.572311477659527,163,2.1811668129372013,3.3353723771759056,0.3093567251461988,0.3371929824561403,1026,15,0,0,0.15547983954870806,1.1244124175102501,0.04595943097313976,0.14628424462900916,27,0.35005847953216374,8,0.25555555555555554,0.41333333333333333,0
n3_direct_global_272001,dev_new_site,0,0.9060953965828455,0.9271457627069913,0.8068049394793673,1,8,13,6.268448829143003,2.174138601351772,37,6.006015573356338,6.211846447738529,-0.3385964912280702,-0.3596491228070175,38,1,0,0,0.20223540319957056,0.20223540319957056,0.20223540319957056,0.08947033237241883,1,-0.3666666666666667,0,0.0,0.0,0
n3_direct_global_272001,dev_new_site,1520,0.8986219561348895,0.9204834546404921,0.8243606262706189,1,9,12,6.262917188244166,2.287490038965749,35,6.012734157078633,6.225133383238786,-0.1,0.2,38,1,2,3,0.20223540319957056,0.20223540319957056,0.20223540319957056,0.10015253312143008,1,0.10701754385964912,0,0.0,0.2,0
n3_direct_global_272001,dev_new_site,3040,0.8944580836065466,0.9162905342710972,0.8475807132828443,5,8,17,6.584079841837298,2.457913708527951,36,5.9132674448222105,6.373615017126727,0.14035087719298248,0.12456140350877193,38,1,8,4,0.20223540319957056,0.20223540319957056,0.20223540319957056,0.09524654382241318,1,0.25263157894736843,0,0.0,0.2,0
n3_direct_global_272001,dev_new_site,760,0.8919527262240217,0.9145461240736755,0.8262123305370475,1,11,10,5.796029455428509,2.31327759680196,35,5.343810156423693,5.681268609280942,0.3578947368421052,0.2421052631578947,38,1,0,3,0.0,0.0,0.0,0.11759547615894478,1,0.3333333333333333,1,0.3333333333333333,0.4,0
n3_direct_global_272001,dev_new_site,exact,1.0,1.0,0.0,0,0,20,1.944482018102587e-14,6.206828807187499e-15,0,1.2749057944072482e-14,1.783977786315972e-14,1.0,1.0,38,1,8,1,0.0,0.0,0.0,0.0,1,1.0,1,1.0,1.0,0
n3_direct_global_272001,dev_new_site,reference_only,0.9060956883105261,0.9271457627069913,0.8068062454381018,1,8,13,6.268505635791662,2.174143076991817,37,6.005931932182911,6.2117624942178455,-0.3385964912280702,-0.37543859649122807,38,1,0,0,0.20223540319957056,0.20223540319957056,0.20223540319957056,0.08947344529542042,1,-0.3666666666666667,0,0.0,0.0,0
n3_direct_global_272001,dev_transition_parent_unseen_n3_seen_n15,0,0.9835200043767449,0.9902590679733827,0.3548951877022163,4,0,40,5.4449912329044245,0.36584689285696936,2,0.663192184422435,5.370636296363349,0.6552631578947368,0.3157894736842105,76,2,0,0,0.07763260671225516,0.11349994169438071,0.07763260671225516,0.05599498669181999,2,0.45789473684210524,0,0.3333333333333333,0.5,0
n3_direct_global_272001,dev_transition_parent_unseen_n3_seen_n15,1520,0.980264837681186,0.9887184823227716,0.36667253928651766,6,1,41,5.459549798409435,0.39614512111472033,2,0.7082483372138499,5.363477205410835,0.6412280701754385,0.22807017543859648,76,2,2,1,0.05123410760818395,0.07239150392071919,0.05123410760818395,0.05603917778572306,2,0.5622807017543859,1,0.3333333333333333,0.6,0
n3_direct_global_272001,dev_transition_parent_unseen_n3_seen_n15,3040,0.9723666425559081,0.982894220441227,0.43063025239651465,9,3,42,5.7345837180374,0.4743135060533672,3,0.8421093378773519,5.509265337151721,0.4035087719298245,0.1394736842105263,76,2,6,4,0.47126462250841983,0.8884971577259397,0.47126462250841983,0.07889988906033596,2,0.3736842105263158,0,0.3333333333333333,0.5,0
n3_direct_global_272001,dev_transition_parent_unseen_n3_seen_n15,760,0.9749183515167177,0.9855514707675412,0.39815622297725056,10,8,38,5.475275181164973,0.4418738280628006,2,0.7943902730898276,5.448493903133008,0.3482456140350877,0.03771929824561403,76,2,6,8,0.04680962992922713,0.05403208729089992,0.04680962992922713,0.08896838090116532,2,0.23508771929824562,0,0.0,0.30000000000000004,0
n3_direct_global_272001,dev_transition_parent_unseen_n3_seen_n15,exact,1.0,1.0,0.0,0,0,36,3.388636385277026e-14,5.952775357272456e-15,0,1.134922784823569e-14,1.852526318690823e-14,1.0,1.0,76,2,0,4,0.059530770784932324,0.11349994169438071,0.059530770784932324,0.0,2,1.0,2,1.0,1.0,0
n3_direct_global_272001,dev_transition_parent_unseen_n3_seen_n15,reference_only,0.9835193855247013,0.9902590679733827,0.35489533445824584,4,0,40,5.444997543725148,0.36584581053039106,2,0.6631751437884202,5.370657128261085,0.6552631578947368,0.3157894736842105,76,2,0,0,0.07763260671225516,0.11349994169438071,0.07763260671225516,0.05599097181410182,2,0.45789473684210524,0,0.3333333333333333,0.5,0
n3_direct_global_272001,dev_unseen_protein,0,0.9233299949742754,0.9341503191842642,0.47805485792762714,45,60,423,6.143125329258174,0.8392524620894684,169,3.6537650245783975,5.620634131154731,0.13352826510721247,0.19980506822612087,684,9,0,0,0.23250401127957318,1.1241143382740542,0.027548719735882597,0.21684511943686458,18,0.1524366471734893,1,0.2962962962962963,0.37777777777777777,0
n3_direct_global_272001,dev_unseen_protein,1520,0.9219567719351447,0.9335197202217257,0.49885370837047954,34,86,386,6.15702199316673,0.8314555226599566,172,3.677901441187266,5.413847743420069,0.10126705653021441,0.08265107212475635,684,9,19,56,0.14392641356601837,0.9620163744447117,0.030167176861265743,0.22142739326585517,18,0.0387914230019493,4,0.24074074074074073,0.3111111111111111,0
n3_direct_global_272001,dev_unseen_protein,3040,0.9194963028953502,0.9317425828922149,0.5348940035135734,35,101,372,7.088855507750661,0.8720675400782917,169,3.8299668190972525,5.599457817755045,0.07787524366471736,0.048538011695906436,684,9,26,77,0.06416436123499257,0.24945396965580324,0.02190158173155604,0.2280137186137487,18,0.04590643274853801,1,0.1111111111111111,0.30000000000000004,0
n3_direct_global_272001,dev_unseen_protein,760,0.917834139120736,0.9304160110842447,0.5271695569028167,47,107,378,7.244342126487721,0.8351295895566745,172,3.484331136574826,5.35639645961032,-0.010721247563352822,0.0018518518518518515,684,9,42,87,0.22586927313378913,1.6620594465483889,0.016482967353771985,0.2314377318984278,18,-0.029142300194931765,4,0.16666666666666666,0.2555555555555556,0
n3_direct_global_272001,dev_unseen_protein,exact,1.0,1.0,0.0,0,0,438,6.776078236089213e-14,6.7381677265731646e-15,0,1.4069519180841175e-14,2.7051998686835772e-14,1.0,1.0,684,9,60,45,0.008365837005721619,0.033643696180128635,0.004229097714844927,0.0,18,1.0,18,1.0,1.0,0
n3_direct_global_272001,dev_unseen_protein,reference_only,0.9233298647312663,0.9341499052948343,0.4780546699700413,45,60,423,6.14310829780586,0.8392526365919533,169,3.653764994678006,5.620529663230023,0.13294346978557503,0.19912280701754384,684,9,0,0,0.23250401127957318,1.1241143382740542,0.027548719735882597,0.21684392591625495,18,0.1524366471734893,1,0.2962962962962963,0.37777777777777777,0
n3_direct_global_272001,expansion_sites_not_trained_n3,0,0.9474973913963419,0.9550074337486189,0.49199676298257367,26,49,304,4.668938293626747,0.5621546883359435,132,2.1518439550435486,3.4887987777041545,0.3759502923976608,0.34861111111111115,836,12,0,0,0.1854077350215567,1.1244124175102501,0.06977867523699624,0.17330234451511747,22,0.3927631578947368,6,0.2638888888888889,0.4083333333333334,0
n3_direct_global_272001,expansion_sites_not_trained_n3,1520,0.9390729916439594,0.9476984808795565,0.5874608113855723,21,60,288,12.637390382232356,0.612547482445632,138,2.151515192090086,3.693115741505659,0.11959064327485379,0.13676900584795323,836,12,12,28,0.09364453536290741,0.4740640698423625,0.05663215310623186,0.20834724005924746,22,0.11469298245614036,3,0.15277777777777776,0.2833333333333334,0
n3_direct_global_272001,expansion_sites_not_trained_n3,3040,0.9332402433622643,0.9433085138758414,0.6691129276527285,24,91,260,4.913683360119454,0.6424038951624987,145,2.1921432084644357,3.8256981024677192,0.05986842105263159,0.08121345029239765,836,12,18,62,0.08535040301585567,0.4740640698423625,0.03649656123304761,0.22652730513499,22,0.07141812865497077,2,0.24999999999999997,0.3166666666666667,0
n3_direct_global_272001,expansion_sites_not_trained_n3,760,0.9245734839927388,0.934774544313126,0.7434863114185335,21,78,270,17.817975236151113,0.7771162619076809,169,2.6165672405590903,8.452769321813241,0.11498538011695907,0.12668128654970762,836,12,24,58,0.13267787593406652,1.1082215537664757,0.036252897591404286,0.30349062110638303,22,0.09203216374269006,4,0.2916666666666667,0.30833333333333335,0
n3_direct_global_272001,expansion_sites_not_trained_n3,exact,1.0,1.0,0.0,0,0,327,6.646024138648597e-14,8.192793943315142e-15,0,1.817214355465041e-14,4.230084068974319e-14,1.0,1.0,836,12,49,26,0.033356077437602265,0.15268191004846943,0.009150256468337635,0.0,22,1.0,22,1.0,1.0,0
n3_direct_global_272001,expansion_sites_not_trained_n3,reference_only,0.9474963300138098,0.9550055016149982,0.4919993874349538,26,49,304,4.668960531715811,0.5621582363490795,132,2.1518527178359426,3.4887892211827016,0.3760964912280702,0.34861111111111115,836,12,0,0,0.1854077350215567,1.1244124175102501,0.06977867523699624,0.173307806565938,22,0.3927631578947368,6,0.2638888888888889,0.4083333333333334,0
n3_direct_global_272001,train,0,0.959578807777613,0.9726050849718896,0.30348250045349906,14,6,93,3.151603123000427,0.6129204890982719,31,2.7752849504028956,3.008842465560898,0.04239766081871346,0.2915204678362573,190,3,0,0,0.03576825765731367,0.04595943097313976,0.032507084282281884,0.0381912551188811,5,0.17923976608187134,2,0.2222222222222222,0.43333333333333335,0
n3_direct_global_272001,train,1520,0.9707128192354558,0.9818087905213342,0.2605541346465241,30,6,109,2.8511455571222024,0.525085586704415,26,2.5482311646774134,2.815147263775228,0.47514619883040937,0.49678362573099416,190,3,19,3,0.018223025301623525,0.032507084282281884,0.01208990723936365,0.02755725503634618,5,0.4935672514619884,0,0.5555555555555555,0.5333333333333333,0
n3_direct_global_272001,train,3040,0.9765210107661909,0.9877131610404842,0.1877558661677856,29,14,100,1.6684454227752235,0.32828847071625084,6,0.6182612752741639,1.5351852671348603,0.6251461988304093,0.7774853801169591,190,3,21,14,0.03565355815872475,0.0924231238815949,0.011111414689655208,0.022234767894403193,5,0.7602339181286549,2,0.4444444444444444,0.6,0
n3_direct_global_272001,train,760,0.9653571651526187,0.9781471115835846,0.29430996453354535,15,6,94,3.1420198344331522,0.5644047442288778,27,2.731692434429609,3.0048476499652104,0.21988304093567249,0.32894736842105265,190,3,4,3,0.04415076255885664,0.06392893923685095,0.03473909767934502,0.03351578781901601,5,0.3339181286549708,1,0.38888888888888884,0.4000000000000001,0
n3_direct_global_272001,train,exact,1.0,1.0,0.0,0,0,85,2.8133527281140098e-14,6.0952650670102324e-15,0,1.2508887709219582e-14,2.1140393974524097e-14,1.0,1.0,190,3,6,14,0.032117009734546786,0.0924231238815949,0.003927905322045455,0.0,5,1.0,5,1.0,1.0,0
n3_direct_global_272001,train,reference_only,0.959577696304344,0.9726040189387511,0.3034835647961835,14,6,93,3.1516151089256756,0.6129244429013162,31,2.775298089205761,3.008852626696147,0.04239766081871346,0.2915204678362573,190,3,0,0,0.03576825765731367,0.04595943097313976,0.032507084282281884,0.038189996881293896,5,0.17923976608187134,2,0.2222222222222222,0.43333333333333335,0
n3_direct_global_272003,dev_new_site,0,0.906092026531779,0.9271421382868986,0.8068118942862056,1,8,13,6.268439707960948,2.1741751546557997,37,6.005906871216567,6.211688261783049,-0.3385964912280702,-0.37543859649122807,38,1,0,0,0.20223540319957056,0.20223540319957056,0.20223540319957056,0.08947918150575923,1,-0.3666666666666667,0,0.0,0.0,0
n3_direct_global_272003,dev_new_site,1520,0.8993824611155494,0.9209667572878534,0.8447361321677136,2,11,11,6.418018108998624,2.3060667385430937,33,5.9282393548427645,6.262423772419803,-0.05964912280701754,0.16315789473684209,38,1,2,4,0.20223540319957056,0.20223540319957056,0.20223540319957056,0.0978641667576407,1,0.1842105263157895,0,0.0,0.0,0
n3_direct_global_272003,dev_new_site,3040,0.9000501337286974,0.9211669419488318,0.8419154797262517,1,10,11,6.671609030760269,2.350335421981656,34,6.292118270171376,6.593013611133214,-0.3315789473684211,-0.24736842105263157,38,1,3,5,0.33066699151814105,0.33066699151814105,0.33066699151814105,0.10399469849555426,1,-0.19824561403508772,0,0.0,0.2,0
n3_direct_global_272003,dev_new_site,760,0.9025060914307503,0.9234687627541585,0.8190073216432522,2,9,13,6.118543523144822,2.2041561213284697,34,5.767990321583555,6.032187232227669,0.24912280701754386,0.19824561403508772,38,1,2,2,0.20223540319957056,0.20223540319957056,0.20223540319957056,0.09550345065532313,1,0.30350877192982456,0,0.3333333333333333,0.4,0
n3_direct_global_272003,dev_new_site,exact,1.0,1.0,0.0,0,0,20,1.944482018102587e-14,6.206828807187499e-15,0,1.2749057944072482e-14,1.783977786315972e-14,1.0,1.0,38,1,8,1,0.0,0.0,0.0,0.0,1,1.0,1,1.0,1.0,0
n3_direct_global_272003,dev_new_site,reference_only,0.9060956883105261,0.9271457627069913,0.8068062454381018,1,8,13,6.268505635791662,2.174143076991817,37,6.005931932182911,6.2117624942178455,-0.3385964912280702,-0.37543859649122807,38,1,0,0,0.20223540319957056,0.20223540319957056,0.20223540319957056,0.08947344529542042,1,-0.3666666666666667,0,0.0,0.0,0
n3_direct_global_272003,dev_transition_parent_unseen_n3_seen_n15,0,0.9835195136428448,0.9902590679733827,0.35489387157750285,4,0,40,5.444996852532341,0.36584902391789936,2,0.663146871234467,5.370641649954479,0.6552631578947368,0.3157894736842105,76,2,0,0,0.07763260671225516,0.11349994169438071,0.07763260671225516,0.055988890166047606,2,0.45789473684210524,0,0.3333333333333333,0.5,0
n3_direct_global_272003,dev_transition_parent_unseen_n3_seen_n15,1520,0.9791801288305086,0.9881030524209118,0.38123284486410103,7,1,42,5.409287437532073,0.4045125218125749,2,0.7986228593637027,5.40218237905088,0.4447368421052632,0.13859649122807016,76,2,3,1,0.03592099151288916,0.041765271730129616,0.03592099151288916,0.06270389836312086,2,0.2763157894736842,0,0.3333333333333333,0.5,0
n3_direct_global_272003,dev_transition_parent_unseen_n3_seen_n15,3040,0.9783544771456725,0.9881914565080543,0.385280480963124,9,3,42,5.326489921919129,0.4087566073441243,2,0.6600180674608513,5.3023814069946935,0.5298245614035088,0.22719298245614034,76,2,6,4,0.03592099151288916,0.041765271730129616,0.03592099151288916,0.056308948664700244,2,0.2947368421052632,0,0.3333333333333333,0.5,0
n3_direct_global_272003,dev_transition_parent_unseen_n3_seen_n15,760,0.9819287074643956,0.9892338260469633,0.3648944716517238,5,0,41,5.412869159203782,0.3753988909779798,2,0.6723113622643189,5.3946115950144575,0.48684210526315785,0.09561403508771929,76,2,2,1,0.03483194193160152,0.03958717256755434,0.03483194193160152,0.06030921978713191,2,0.3298245614035088,0,0.16666666666666666,0.30000000000000004,0
n3_direct_global_272003,dev_transition_parent_unseen_n3_seen_n15,exact,1.0,1.0,0.0,0,0,36,3.388636385277026e-14,5.952775357272456e-15,0,1.134922784823569e-14,1.852526318690823e-14,1.0,1.0,76,2,0,4,0.059530770784932324,0.11349994169438071,0.059530770784932324,0.0,2,1.0,2,1.0,1.0,0
n3_direct_global_272003,dev_transition_parent_unseen_n3_seen_n15,reference_only,0.9835193855247013,0.9902590679733827,0.35489533445824584,4,0,40,5.444997543725148,0.36584581053039106,2,0.6631751437884202,5.370657128261085,0.6552631578947368,0.3157894736842105,76,2,0,0,0.07763260671225516,0.11349994169438071,0.07763260671225516,0.05599097181410182,2,0.45789473684210524,0,0.3333333333333333,0.5,0
n3_direct_global_272003,dev_unseen_protein,0,0.9233296253892964,0.9341502857437773,0.4780544907325022,44,60,422,6.1431007465797345,0.8392547549183628,169,3.653781495952542,5.620457609884319,0.13362573099415204,0.20019493177387915,684,9,0,1,0.23250401127957318,1.1241143382740542,0.027548719735882597,0.21684221935650322,18,0.152729044834308,1,0.2962962962962963,0.37777777777777777,0
n3_direct_global_272003,dev_unseen_protein,1520,0.921759251859965,0.9334530810785195,0.5042762110396669,37,98,377,6.181754211465083,0.8443882412872078,168,3.6746132434518577,5.538368088811822,0.12095516569200779,0.10682261208576999,684,9,16,62,0.14634027854934034,0.9291679948390001,0.027474742265040847,0.2239987112114579,18,0.07504873294346977,2,0.12962962962962965,0.24444444444444446,0
n3_direct_global_272003,dev_unseen_protein,3040,0.9204303125291372,0.9322901256376682,0.5107930130333141,41,110,369,6.463974361959043,0.8499625569022952,168,3.568804873122235,5.7618258687104555,0.07202729044834309,0.13109161793372318,684,9,21,75,0.18092380091720794,0.9689700359063396,0.029573855069869502,0.22113833906543434,18,0.09463937621832359,1,0.1111111111111111,0.26666666666666666,0
n3_direct_global_272003,dev_unseen_protein,760,0.9217875662864091,0.9332426257200022,0.5029269342168688,43,86,395,6.507379539053369,0.8332531469982958,170,3.5343782781381843,5.550000027190136,-0.018908382066276812,0.07475633528265108,684,9,23,51,0.16843339164427548,1.1241143382740542,0.029102688434935742,0.22680362732451206,18,0.0012670565302144166,4,0.16666666666666666,0.2777777777777778,0
n3_direct_global_272003,dev_unseen_protein,exact,1.0,1.0,0.0,0,0,438,6.776078236089213e-14,6.7381677265731646e-15,0,1.4069519180841175e-14,2.7051998686835772e-14,1.0,1.0,684,9,60,45,0.008365837005721619,0.033643696180128635,0.004229097714844927,0.0,18,1.0,18,1.0,1.0,0
n3_direct_global_272003,dev_unseen_protein,reference_only,0.9233298647312663,0.9341499052948343,0.4780546699700413,45,60,423,6.14310829780586,0.8392526365919533,169,3.653764994678006,5.620529663230023,0.13294346978557503,0.19912280701754384,684,9,0,0,0.23250401127957318,1.1241143382740542,0.027548719735882597,0.21684392591625495,18,0.1524366471734893,1,0.2962962962962963,0.37777777777777777,0
n3_direct_global_272003,expansion_sites_not_trained_n3,0,0.9474973304064486,0.9550065130656878,0.49199422766655293,26,49,304,4.668882129165944,0.5621591991655817,132,2.1518571940934184,3.488718732033658,0.3753654970760234,0.3470760233918129,836,12,0,0,0.1854077350215567,1.1244124175102501,0.06977867523699624,0.17330706539383356,22,0.3927631578947368,6,0.2638888888888889,0.4083333333333334,0
n3_direct_global_272003,expansion_sites_not_trained_n3,1520,0.9387537041583688,0.9476405588613092,0.5779184680910533,27,69,285,4.758771086474852,0.596519512746404,132,2.168952381832524,3.5655644461836706,0.10394736842105261,0.17653508771929824,836,12,18,37,0.119733630465095,0.7791621783781761,0.05021835070088186,0.20208333453006203,22,0.15394736842105258,2,0.26388888888888884,0.3833333333333333,0
n3_direct_global_272003,expansion_sites_not_trained_n3,3040,0.9351849451955454,0.9448139314285141,0.6344436092638498,27,69,285,7.9019837814265665,0.6335689668832564,146,2.2044422810730384,3.6670033828968402,0.18413742690058477,0.1965643274853801,836,12,22,41,0.14121218723047985,0.8415831136353854,0.06011314958498025,0.2049958094674804,22,0.21820175438596492,6,0.3055555555555555,0.3666666666666667,0
n3_direct_global_272003,expansion_sites_not_trained_n3,760,0.9373855721820524,0.9462324435642362,0.6229126461290854,29,67,289,9.242453972789805,0.6353741370880437,150,2.3033016872092205,3.9383766674110037,0.12149122807017543,0.16900584795321638,836,12,21,36,0.22883702476101433,1.2439339340565057,0.03216852997903923,0.2308789979427642,22,0.17412280701754382,2,0.26388888888888884,0.38333333333333336,0
n3_direct_global_272003,expansion_sites_not_trained_n3,exact,1.0,1.0,0.0,0,0,327,6.646024138648597e-14,8.192793943315142e-15,0,1.817214355465041e-14,4.230084068974319e-14,1.0,1.0,836,12,49,26,0.033356077437602265,0.15268191004846943,0.009150256468337635,0.0,22,1.0,22,1.0,1.0,0
n3_direct_global_272003,expansion_sites_not_trained_n3,reference_only,0.9474963300138098,0.9550055016149982,0.4919993874349538,26,49,304,4.668960531715811,0.5621582363490795,132,2.1518527178359426,3.4887892211827016,0.3760964912280702,0.34861111111111115,836,12,0,0,0.1854077350215567,1.1244124175102501,0.06977867523699624,0.173307806565938,22,0.3927631578947368,6,0.2638888888888889,0.4083333333333334,0
n3_direct_global_272003,train,0,0.9595777069822266,0.9726047033570473,0.3034828710840372,14,6,93,3.1516245596561427,0.6129217808986835,31,2.7753070090806906,3.0088545143923136,0.04239766081871346,0.2915204678362573,190,3,0,0,0.03576825765731367,0.04595943097313976,0.032507084282281884,0.03818831091055592,5,0.17485380116959062,2,0.2222222222222222,0.43333333333333335,0
n3_direct_global_272003,train,1520,0.9703733290534305,0.982751378184644,0.24674869812970623,23,10,98,2.7889023418708843,0.514497386253693,25,2.3960728249398473,2.6512967413679935,0.41929824561403506,0.6880116959064327,190,3,15,10,0.029811882720927562,0.06392893923685095,0.013416801686568086,0.02600937377278273,5,0.5921052631578947,0,0.38888888888888884,0.5,0
n3_direct_global_272003,train,3040,0.9777328359566889,0.9886678662802938,0.18962890766684715,25,4,106,2.262756026960052,0.36092640277636656,6,0.719797706614437,1.9030256161620387,0.6005847953216374,0.7678362573099414,190,3,14,1,0.04091625324492725,0.0924231238815949,0.015516043144287783,0.020529766062945997,5,0.7807017543859649,1,0.5,0.7333333333333334,0
n3_direct_global_272003,train,760,0.9665988144602894,0.9790073485589286,0.28726088870041333,15,6,94,3.1151222355879105,0.5645178458461183,28,2.7384973777096984,2.9820118701021,0.2818713450292398,0.37894736842105264,190,3,1,0,0.04300083422565326,0.06392893923685095,0.033784250760373946,0.027513931709629725,5,0.3476608187134502,1,0.27777777777777773,0.3666666666666667,0
n3_direct_global_272003,train,exact,1.0,1.0,0.0,0,0,85,2.8133527281140098e-14,6.0952650670102324e-15,0,1.2508887709219582e-14,2.1140393974524097e-14,1.0,1.0,190,3,6,14,0.032117009734546786,0.0924231238815949,0.003927905322045455,0.0,5,1.0,5,1.0,1.0,0
n3_direct_global_272003,train,reference_only,0.959577696304344,0.9726040189387511,0.3034835647961835,14,6,93,3.1516151089256756,0.6129244429013162,31,2.775298089205761,3.008852626696147,0.04239766081871346,0.2915204678362573,190,3,0,0,0.03576825765731367,0.04595943097313976,0.032507084282281884,0.038189996881293896,5,0.17923976608187134,2,0.2222222222222222,0.43333333333333335,0
n3_workspace_272001,dev_new_site,0,0.9060935592235968,0.9271421382868986,0.8068049190336443,1,8,13,6.268441847437704,2.1741418060710713,37,6.00584131399504,6.211777119243004,-0.3385964912280702,-0.37543859649122807,38,1,0,0,0.20223540319957056,0.20223540319957056,0.20223540319957056,0.089474854989487,1,-0.3666666666666667,0,0.0,0.0,0
n3_workspace_272001,dev_new_site,1520,0.8871269503727117,0.9089396376913077,0.8686304444041124,1,12,9,6.097490986227258,2.385269194662454,36,5.470991644448923,5.868885257793228,0.4052631578947368,0.32280701754385965,38,1,1,5,0.20223540319957056,0.20223540319957056,0.20223540319957056,0.11954281054384738,1,0.4245614035087719,0,0.3333333333333333,0.4,0
n3_workspace_272001,dev_new_site,3040,0.8909734773658641,0.913600381923036,0.8713099804531448,2,9,13,5.832504002172248,2.363106797273172,35,5.335439285350837,5.682091674228431,-0.04912280701754386,0.15789473684210528,38,1,3,3,0.0,0.0,0.0,0.11086368340493079,1,0.05964912280701754,0,0.3333333333333333,0.4,0
n3_workspace_272001,dev_new_site,760,0.8960949567446389,0.9186639133836334,0.8112461928687129,1,12,9,6.0819551782765275,2.2579874492230014,37,5.5539480859551364,5.927097694329216,0.3508771929824562,0.12456140350877193,38,1,0,4,0.20223540319957056,0.20223540319957056,0.20223540319957056,0.11693000259216993,1,0.3175438596491228,0,0.6666666666666666,0.6,0
n3_workspace_272001,dev_new_site,exact,1.0,1.0,0.0,0,0,20,1.944482018102587e-14,6.206828807187499e-15,0,1.2749057944072482e-14,1.783977786315972e-14,1.0,1.0,38,1,8,1,0.0,0.0,0.0,0.0,1,1.0,1,1.0,1.0,0
n3_workspace_272001,dev_new_site,reference_only,0.9060956883105261,0.9271457627069913,0.8068062454381018,1,8,13,6.268505635791662,2.174143076991817,37,6.005931932182911,6.2117624942178455,-0.3385964912280702,-0.37543859649122807,38,1,0,0,0.20223540319957056,0.20223540319957056,0.20223540319957056,0.08947344529542042,1,-0.3666666666666667,0,0.0,0.0,0
n3_workspace_272001,dev_transition_parent_unseen_n3_seen_n15,0,0.9835189191506684,0.9902590679733827,0.35489842967224894,4,0,40,5.445011579886356,0.36584439260301516,2,0.6632034410336831,5.37064965218013,0.6552631578947368,0.3157894736842105,76,2,0,0,0.07763260671225516,0.11349994169438071,0.07763260671225516,0.05599087905554637,2,0.45789473684210524,0,0.3333333333333333,0.5,0
n3_workspace_272001,dev_transition_parent_unseen_n3_seen_n15,1520,0.9778465307515143,0.9868982166903886,0.39346053631574757,3,7,32,5.424601357113705,0.42030089759429035,3,0.8392874514986194,5.37559061039521,0.34824561403508775,0.22807017543859648,76,2,1,9,0.07654355713096753,0.11349994169438071,0.07654355713096753,0.08212769815519541,2,0.2745614035087719,0,0.0,0.30000000000000004,0
n3_workspace_272001,dev_transition_parent_unseen_n3_seen_n15,3040,0.9727017166851935,0.9849335935776086,0.39330345319600524,6,5,37,5.382136892544421,0.46732179600315077,2,0.8029667344124137,5.22254318065554,0.46578947368421053,0.22192982456140353,76,2,5,8,0.035129491448590316,0.03958717256755434,0.035129491448590316,0.07429418825101528,2,0.34122807017543855,0,0.0,0.4,0
n3_workspace_272001,dev_transition_parent_unseen_n3_seen_n15,760,0.980110879382043,0.9878241176054992,0.3730091317904748,2,5,33,5.439848432023433,0.38379246502262454,2,0.6943360271997672,5.434368734622787,0.38245614035087716,-0.037719298245614034,76,2,1,8,0.08423417025850907,0.11349994169438071,0.08423417025850907,0.06699574790104054,2,0.09473684210526315,0,0.16666666666666666,0.4,0
n3_workspace_272001,dev_transition_parent_unseen_n3_seen_n15,exact,1.0,1.0,0.0,0,0,36,3.388636385277026e-14,5.952775357272456e-15,0,1.134922784823569e-14,1.852526318690823e-14,1.0,1.0,76,2,0,4,0.059530770784932324,0.11349994169438071,0.059530770784932324,0.0,2,1.0,2,1.0,1.0,0
n3_workspace_272001,dev_transition_parent_unseen_n3_seen_n15,reference_only,0.9835193855247013,0.9902590679733827,0.35489533445824584,4,0,40,5.444997543725148,0.36584581053039106,2,0.6631751437884202,5.370657128261085,0.6552631578947368,0.3157894736842105,76,2,0,0,0.07763260671225516,0.11349994169438071,0.07763260671225516,0.05599097181410182,2,0.45789473684210524,0,0.3333333333333333,0.5,0
n3_workspace_272001,dev_unseen_protein,0,0.92332995025421,0.9341500745051007,0.4780552591885988,45,60,423,6.14309999883197,0.8392503678924023,169,3.65374593432709,5.620559514040674,0.13294346978557503,0.20058479532163742,684,9,0,0,0.23250401127957318,1.1241143382740542,0.027548719735882597,0.21684415933549447,18,0.15292397660818713,1,0.2962962962962963,0.37777777777777777,0
n3_workspace_272001,dev_unseen_protein,1520,0.9201440035103781,0.9321400247852996,0.5311283891605234,32,104,366,6.564199010505953,0.8403013168669841,170,3.568728085763632,5.568976439526231,0.03966861598440545,0.023001949317738794,684,9,17,74,0.31132454415868493,1.4403741971207797,0.026859729173003277,0.22782649424178997,18,0.026023391812865497,3,0.1851851851851852,0.24444444444444446,0
n3_workspace_272001,dev_unseen_protein,3040,0.9200012106722255,0.9324626686546215,0.5260752483958497,33,101,370,6.5671535300157045,0.8540617633226399,171,3.538162878009864,5.5509469284501325,0.0682261208576998,0.018421052631578942,684,9,28,81,0.21517290448155002,1.2454278536857257,0.03646722732395448,0.2222140586974125,18,-0.008869395711500978,0,0.14814814814814814,0.32222222222222224,0
n3_workspace_272001,dev_unseen_protein,760,0.92115855447743,0.9326812634839384,0.5018798566720535,29,93,374,6.655679551260953,0.8357545349412833,175,3.4493304894159564,5.4422816146150055,0.012280701754385967,0.0655945419103314,684,9,6,55,0.23207765045260972,1.4403741971207797,0.028174439856314973,0.22563413323611853,18,-0.010623781676413261,1,0.25925925925925924,0.27777777777777785,0
n3_workspace_272001,dev_unseen_protein,exact,1.0,1.0,0.0,0,0,438,6.776078236089213e-14,6.7381677265731646e-15,0,1.4069519180841175e-14,2.7051998686835772e-14,1.0,1.0,684,9,60,45,0.008365837005721619,0.033643696180128635,0.004229097714844927,0.0,18,1.0,18,1.0,1.0,0
n3_workspace_272001,dev_unseen_protein,reference_only,0.9233298647312663,0.9341499052948343,0.4780546699700413,45,60,423,6.14310829780586,0.8392526365919533,169,3.653764994678006,5.620529663230023,0.13294346978557503,0.19912280701754384,684,9,0,0,0.23250401127957318,1.1241143382740542,0.027548719735882597,0.21684392591625495,18,0.1524366471734893,1,0.2962962962962963,0.37777777777777777,0
n3_workspace_272001,expansion_sites_not_trained_n3,0,0.947496920829067,0.955006159856258,0.49199918886325467,26,49,304,4.668986231438533,0.5621581320871759,132,2.151857453910811,3.488726438900553,0.37529239766081873,0.34707602339181287,836,12,0,0,0.18678436843724744,1.1244124175102501,0.06977867523699624,0.17330828218355868,22,0.39283625730994154,6,0.2638888888888889,0.4083333333333334,0
n3_workspace_272001,expansion_sites_not_trained_n3,1520,0.9339491077625076,0.9434773579950119,0.6567645754347565,26,60,293,6.250637823842089,0.6245340255417894,148,2.191298969202633,3.6368231496792003,0.11827485380116957,0.14510233918128654,836,12,17,28,0.22954627991001342,1.8772202967337064,0.035147094575392855,0.24552510113499423,22,0.1516812865497076,6,0.2638888888888889,0.3333333333333333,0
n3_workspace_272001,expansion_sites_not_trained_n3,3040,0.9331540654998124,0.9438130285730403,0.6611256961387225,30,68,289,5.308305839833998,0.6449792879593524,148,2.1148965035107294,4.122032259174019,0.07470760233918128,0.15760233918128655,836,12,19,34,0.1658784341563616,0.9255659189049832,0.04611188715619392,0.235275129111755,22,0.1428362573099415,3,0.23611111111111108,0.3333333333333334,0
n3_workspace_272001,expansion_sites_not_trained_n3,760,0.9403645822618292,0.9490917855190929,0.5456806871624559,24,61,290,4.600532681035724,0.5760924261800616,133,2.1498097969840537,3.3433693087393768,0.1465643274853801,0.19356725146198828,836,12,17,31,0.22396474389193657,1.454331378962388,0.06669554464347913,0.20774161119403942,22,0.18793859649122804,4,0.34722222222222215,0.4000000000000001,0
n3_workspace_272001,expansion_sites_not_trained_n3,exact,1.0,1.0,0.0,0,0,327,6.646024138648597e-14,8.192793943315142e-15,0,1.817214355465041e-14,4.230084068974319e-14,1.0,1.0,836,12,49,26,0.033356077437602265,0.15268191004846943,0.009150256468337635,0.0,22,1.0,22,1.0,1.0,0
n3_workspace_272001,expansion_sites_not_trained_n3,reference_only,0.9474963300138098,0.9550055016149982,0.4919993874349538,26,49,304,4.668960531715811,0.5621582363490795,132,2.1518527178359426,3.4887892211827016,0.3760964912280702,0.34861111111111115,836,12,0,0,0.1854077350215567,1.1244124175102501,0.06977867523699624,0.173307806565938,22,0.3927631578947368,6,0.2638888888888889,0.4083333333333334,0
n3_workspace_272001,train,0,0.9595773707382609,0.9726054704439621,0.3034827836221306,14,6,93,3.1516304979439647,0.6129239043009794,31,2.775298580789758,3.008854682668797,0.04239766081871346,0.2915204678362573,190,3,0,0,0.03576825765731367,0.04595943097313976,0.032507084282281884,0.038189479643566476,5,0.17485380116959062,2,0.2222222222222222,0.43333333333333335,0
n3_workspace_272001,train,1520,0.9690640906095983,0.9813248833541305,0.2684396427545433,22,5,102,2.991543858501209,0.5381746041052632,26,2.568554048920703,2.867514793530299,0.43245614035087715,0.5242690058479532,190,3,15,6,0.037783325496605784,0.06864386212351437,0.03128931267973489,0.029098108647218845,5,0.531578947368421,0,0.3888888888888889,0.5333333333333333,0
n3_workspace_272001,train,3040,0.9703097790453133,0.9824664854922925,0.24729429146210521,29,21,93,3.002435670689456,0.5806605046060979,32,2.2887332768020205,2.9465109787814616,0.34502923976608185,0.47076023391812866,190,3,20,20,0.038380866021013454,0.06392893923685095,0.03455193641862561,0.02806747891712082,5,0.4970760233918128,2,0.27777777777777773,0.3333333333333333,0
n3_workspace_272001,train,760,0.9645713927445679,0.977369693885068,0.2965835496559059,20,4,101,3.1175337649371815,0.5682365166905876,28,2.730393291141339,2.9811666442477844,0.2342105263157895,0.2859649122807017,190,3,8,0,0.052632606965648254,0.0924231238815949,0.03941330810454896,0.029510501586182836,5,0.2842105263157894,1,0.27777777777777773,0.3666666666666667,0
n3_workspace_272001,train,exact,1.0,1.0,0.0,0,0,85,2.8133527281140098e-14,6.0952650670102324e-15,0,1.2508887709219582e-14,2.1140393974524097e-14,1.0,1.0,190,3,6,14,0.032117009734546786,0.0924231238815949,0.003927905322045455,0.0,5,1.0,5,1.0,1.0,0
n3_workspace_272001,train,reference_only,0.959577696304344,0.9726040189387511,0.3034835647961835,14,6,93,3.1516151089256756,0.6129244429013162,31,2.775298089205761,3.008852626696147,0.04239766081871346,0.2915204678362573,190,3,0,0,0.03576825765731367,0.04595943097313976,0.032507084282281884,0.038189996881293896,5,0.17923976608187134,2,0.2222222222222222,0.43333333333333335,0
n3_workspace_272003,dev_new_site,0,0.9060915048777617,0.9271320787825151,0.8068089819663222,1,8,13,6.268393739710453,2.174200562417736,37,6.005557482513359,6.211609136468255,-0.3385964912280702,-0.37543859649122807,38,1,0,0,0.20223540319957056,0.20223540319957056,0.20223540319957056,0.08948524052523524,1,-0.3666666666666667,0,0.0,0.0,0
n3_workspace_272003,dev_new_site,1520,0.9009323568205932,0.9225578840748084,0.8095725161879033,2,8,14,6.1535477963385565,2.187119292462418,35,5.483626065911608,6.019556013653996,-0.16140350877192983,0.01754385964912281,38,1,2,1,0.20223540319957056,0.20223540319957056,0.20223540319957056,0.08809285536670859,1,-0.09649122807017543,0,0.0,0.0,0
n3_workspace_272003,dev_new_site,3040,0.8871080075302914,0.9080386856002612,0.8914076057590887,1,11,10,6.1934918928126335,2.633787838767506,34,5.8340318594125655,6.069395898271071,0.28421052631578947,0.21228070175438596,38,1,1,4,0.11707544946969906,0.11707544946969906,0.11707544946969906,0.11270504005469931,1,0.3175438596491228,0,0.0,0.2,0
n3_workspace_272003,dev_new_site,760,0.9006553034180604,0.9227069227024969,0.8046330416671257,1,15,6,6.182595183875254,2.2490284997662577,37,5.607774414681142,6.042694082985364,0.5403508771929825,0.24912280701754386,38,1,0,7,0.20223540319957056,0.20223540319957056,0.20223540319957056,0.10642257302501718,1,0.5017543859649122,0,0.3333333333333333,0.4,0
n3_workspace_272003,dev_new_site,exact,1.0,1.0,0.0,0,0,20,1.944482018102587e-14,6.206828807187499e-15,0,1.2749057944072482e-14,1.783977786315972e-14,1.0,1.0,38,1,8,1,0.0,0.0,0.0,0.0,1,1.0,1,1.0,1.0,0
n3_workspace_272003,dev_new_site,reference_only,0.9060956883105261,0.9271457627069913,0.8068062454381018,1,8,13,6.268505635791662,2.174143076991817,37,6.005931932182911,6.2117624942178455,-0.3385964912280702,-0.37543859649122807,38,1,0,0,0.20223540319957056,0.20223540319957056,0.20223540319957056,0.08947344529542042,1,-0.3666666666666667,0,0.0,0.0,0
n3_workspace_272003,dev_transition_parent_unseen_n3_seen_n15,0,0.9835198646745403,0.9902590679733827,0.3548941371207578,4,0,40,5.445008867790435,0.36584982121234755,2,0.6631644897130957,5.370655086877074,0.6552631578947368,0.3157894736842105,76,2,0,0,0.07763260671225516,0.11349994169438071,0.07763260671225516,0.05599064817713026,2,0.45789473684210524,0,0.3333333333333333,0.5,0
n3_workspace_272003,dev_transition_parent_unseen_n3_seen_n15,1520,0.9787416359475143,0.9873864637310432,0.3806493561062893,3,2,37,5.547450691244566,0.3953373589814634,2,0.6940957978909612,5.4848818415488205,0.6429824561403508,0.3403508771929825,76,2,0,3,0.4592869345107942,0.8884971577259397,0.4592869345107942,0.057305292576314865,2,0.4964912280701754,1,0.6666666666666666,0.6000000000000001,0
n3_workspace_272003,dev_transition_parent_unseen_n3_seen_n15,3040,0.9729231507452365,0.9833531393026701,0.43150690864986135,10,12,34,5.473226984229821,0.45031898627729516,2,0.8610757631393009,5.461121941397465,0.5675438596491228,0.2850877192982456,76,2,7,13,0.06427760111527117,0.11349994169438071,0.06427760111527117,0.07039326129293572,2,0.47192982456140353,0,0.5,0.6,0
n3_workspace_272003,dev_transition_parent_unseen_n3_seen_n15,760,0.9787677491781694,0.9877452181097812,0.3749722844747513,5,7,34,5.515305811781488,0.4024718549996906,2,0.6577091123457921,5.460900125051393,0.5298245614035088,0.06842105263157895,76,2,2,8,0.5009985497101602,0.8884971577259397,0.5009985497101602,0.06425631038724826,2,0.3508771929824561,0,0.16666666666666666,0.4,0
n3_workspace_272003,dev_transition_parent_unseen_n3_seen_n15,exact,1.0,1.0,0.0,0,0,36,3.388636385277026e-14,5.952775357272456e-15,0,1.134922784823569e-14,1.852526318690823e-14,1.0,1.0,76,2,0,4,0.059530770784932324,0.11349994169438071,0.059530770784932324,0.0,2,1.0,2,1.0,1.0,0
n3_workspace_272003,dev_transition_parent_unseen_n3_seen_n15,reference_only,0.9835193855247013,0.9902590679733827,0.35489533445824584,4,0,40,5.444997543725148,0.36584581053039106,2,0.6631751437884202,5.370657128261085,0.6552631578947368,0.3157894736842105,76,2,0,0,0.07763260671225516,0.11349994169438071,0.07763260671225516,0.05599097181410182,2,0.45789473684210524,0,0.3333333333333333,0.5,0
n3_workspace_272003,dev_unseen_protein,0,0.9233299956575163,0.9341491483405258,0.47805422157323524,45,60,423,6.143109802074022,0.8392499029320342,169,3.653756952077298,5.620582076165231,0.13352826510721247,0.20009746588693958,684,9,0,0,0.23250401127957318,1.1241143382740542,0.027548719735882597,0.2168446625215624,18,0.1524366471734893,1,0.2962962962962963,0.37777777777777777,0
n3_workspace_272003,dev_unseen_protein,1520,0.9219294188261828,0.9336053475744992,0.4973068038066002,35,74,399,6.123962703634121,0.8377809050155195,173,3.72927426906255,5.583650116205211,0.17855750487329433,0.13148148148148145,684,9,17,41,0.1610769767961987,1.158125898908175,0.028174439856314973,0.2241443344221371,18,0.15769980506822615,3,0.35185185185185186,0.3888888888888889,0
n3_workspace_272003,dev_unseen_protein,3040,0.9191944271459828,0.931210013794834,0.5290119137402535,34,105,367,6.292191848063588,0.8678564234063947,167,3.8668192449056185,5.674662780618142,0.010623781676413245,0.04736842105263159,684,9,23,79,0.16405938976757317,1.0823085806901844,0.026859729173003277,0.223389786583105,18,0.024463937621832348,1,0.12962962962962962,0.3111111111111111,0
n3_workspace_272003,dev_unseen_protein,760,0.9201917989856714,0.9320844105044007,0.5025329578539537,41,103,376,6.801809477872211,0.8346130721781558,173,3.539492332660626,5.439478491572077,0.04931773879142301,0.08031189083820663,684,9,24,71,0.2561644303318814,1.158125898908175,0.027548719735882597,0.22699961046225026,18,0.025146198830409364,2,0.2222222222222222,0.3333333333333333,0
n3_workspace_272003,dev_unseen_protein,exact,1.0,1.0,0.0,0,0,438,6.776078236089213e-14,6.7381677265731646e-15,0,1.4069519180841175e-14,2.7051998686835772e-14,1.0,1.0,684,9,60,45,0.008365837005721619,0.033643696180128635,0.004229097714844927,0.0,18,1.0,18,1.0,1.0,0
n3_workspace_272003,dev_unseen_protein,reference_only,0.9233298647312663,0.9341499052948343,0.4780546699700413,45,60,423,6.14310829780586,0.8392526365919533,169,3.653764994678006,5.620529663230023,0.13294346978557503,0.19912280701754384,684,9,0,0,0.23250401127957318,1.1241143382740542,0.027548719735882597,0.21684392591625495,18,0.1524366471734893,1,0.2962962962962963,0.37777777777777777,0
n3_workspace_272003,expansion_sites_not_trained_n3,0,0.9474956985256376,0.9550054406302046,0.4919947250563523,26,49,304,4.668896868787502,0.5621580126224914,132,2.1518475187588115,3.488677948344925,0.3758771929824561,0.34897660818713455,836,12,0,0,0.1854077350215567,1.1244124175102501,0.06977867523699624,0.17330540552976936,22,0.3925438596491228,6,0.2638888888888889,0.4083333333333334,0
n3_workspace_272003,expansion_sites_not_trained_n3,1520,0.9388442829447315,0.9476263032255932,0.5717116525292009,28,48,307,4.596292315226328,0.5841937945395995,138,2.0948240150547175,3.372365635449454,0.196125730994152,0.22105263157894736,836,12,19,16,0.294654464575602,1.8772202967337064,0.04389214771309773,0.20963267005946698,22,0.23055555555555554,2,0.2638888888888889,0.34166666666666673,0
n3_workspace_272003,expansion_sites_not_trained_n3,3040,0.9293198831805375,0.939355143278243,0.7006360332651282,24,83,268,18.038759727634613,0.6779566750212137,161,2.151194818251034,3.760888954519535,0.03757309941520468,0.09166666666666667,836,12,21,57,0.1967919449383234,0.8936658720395521,0.06026207681658795,0.2507427083111775,22,0.09766081871345028,3,0.15277777777777776,0.35000000000000003,0
n3_workspace_272003,expansion_sites_not_trained_n3,760,0.9309493020033083,0.9407099685182713,0.6229399600225486,25,67,285,18.62301599562548,0.6533953298099148,153,2.2364453412811973,3.806590342991456,0.15211988304093568,0.1413011695906433,836,12,24,43,0.24937769550962344,1.8772202967337064,0.04356772713650882,0.2478872423945249,22,0.17214912280701755,4,0.34722222222222215,0.36666666666666664,0
n3_workspace_272003,expansion_sites_not_trained_n3,exact,1.0,1.0,0.0,0,0,327,6.646024138648597e-14,8.192793943315142e-15,0,1.817214355465041e-14,4.230084068974319e-14,1.0,1.0,836,12,49,26,0.033356077437602265,0.15268191004846943,0.009150256468337635,0.0,22,1.0,22,1.0,1.0,0
n3_workspace_272003,expansion_sites_not_trained_n3,reference_only,0.9474963300138098,0.9550055016149982,0.4919993874349538,26,49,304,4.668960531715811,0.5621582363490795,132,2.1518527178359426,3.4887892211827016,0.3760964912280702,0.34861111111111115,836,12,0,0,0.1854077350215567,1.1244124175102501,0.06977867523699624,0.173307806565938,22,0.3927631578947368,6,0.2638888888888889,0.4083333333333334,0
n3_workspace_272003,train,0,0.9595775032665873,0.9726054694079727,0.30348282818031297,14,6,93,3.1516267797240287,0.6129238498687024,31,2.7753070082372724,3.008853620414325,0.04239766081871346,0.2915204678362573,190,3,0,0,0.03576825765731367,0.04595943097313976,0.032507084282281884,0.038185680435118434,5,0.17485380116959062,2,0.2222222222222222,0.43333333333333335,0
n3_workspace_272003,train,1520,0.9653989059586467,0.9775890708658066,0.29103750262601263,14,6,93,3.01223405150005,0.55838042957812,27,2.6187092093728657,2.888013000493191,0.12017543859649121,0.2619883040935672,190,3,0,0,0.03961998813122203,0.10513232013448648,0.013727644259179606,0.0379679791585539,5,0.1827485380116959,1,0.3333333333333333,0.5,0
n3_workspace_272003,train,3040,0.9748634820096601,0.9858781528840842,0.21364068726575972,21,16,90,1.6324117420123287,0.39193417477819176,13,1.0890666004316065,1.5297462672418576,0.5783625730994152,0.6821637426900584,190,3,15,18,0.03814167360026697,0.0924231238815949,0.018073991597160555,0.025757484721594875,5,0.631578947368421,1,0.3333333333333333,0.5,0
n3_workspace_272003,train,760,0.9636024095024286,0.9765212673922509,0.2984611490637632,15,5,95,3.1226220510742144,0.5734411616006788,28,2.735944736165481,2.987015255644656,0.09941520467836257,0.2625730994152047,190,3,4,2,0.04313454541740027,0.06392893923685095,0.03941330810454896,0.02930842631567865,5,0.19152046783625729,0,0.27777777777777773,0.39999999999999997,0
n3_workspace_272003,train,exact,1.0,1.0,0.0,0,0,85,2.8133527281140098e-14,6.0952650670102324e-15,0,1.2508887709219582e-14,2.1140393974524097e-14,1.0,1.0,190,3,6,14,0.032117009734546786,0.0924231238815949,0.003927905322045455,0.0,5,1.0,5,1.0,1.0,0
n3_workspace_272003,train,reference_only,0.959577696304344,0.9726040189387511,0.3034835647961835,14,6,93,3.1516151089256756,0.6129244429013162,31,2.775298089205761,3.008852626696147,0.04239766081871346,0.2915204678362573,190,3,0,0,0.03576825765731367,0.04595943097313976,0.032507084282281884,0.038189996881293896,5,0.17923976608187134,2,0.2222222222222222,0.43333333333333335,0
