run_id,step,candidate_exposures_per_site,mean_loss,gradient_median,clip_fraction
n15_direct_global_272001,513,38.0,1.6114261571606567,0.12922555208206177,0.18908382066276802
n15_direct_global_272001,1026,76.0,1.0270582261330994,0.11010975390672684,0.2378167641325536
n15_direct_global_272001,1539,114.0,0.9062420340803167,0.11084142327308655,0.24951267056530213
n15_direct_global_272001,2052,152.0,0.8101011785296415,0.11589331924915314,0.24951267056530213
n15_direct_global_272001,2565,190.0,0.7989967519805002,0.12310632318258286,0.2553606237816764
n15_direct_global_272001,3078,228.0,0.7557647097497256,0.1375298649072647,0.2475633528265107
n15_direct_global_272001,3591,266.0,0.728144542533327,0.1405138522386551,0.2475633528265107
n15_direct_global_272001,4104,304.0,0.7143507615815609,0.13661357760429382,0.253411306042885
n15_direct_global_272001,4617,342.0,0.6552356792101909,0.14693830907344818,0.25146198830409355
n15_direct_global_272001,5130,380.0,0.6231970510592586,0.15128923952579498,0.2553606237816764
n15_direct_global_272001,5643,418.0,0.5595391602450565,0.15060190856456757,0.2475633528265107
n15_direct_global_272001,6156,456.0,0.5465078757681882,0.16262982785701752,0.24561403508771928
n15_direct_global_272001,6669,494.0,0.5517229057118191,0.15078367292881012,0.24561403508771928
n15_direct_global_272001,7182,532.0,0.5185503791168978,0.14329573512077332,0.25146198830409355
n15_direct_global_272001,7695,570.0,0.5032105590380206,0.15082544088363647,0.2378167641325536
n15_direct_global_272001,8208,608.0,0.48863121059080533,0.1448601633310318,0.24366471734892786
n15_direct_global_272001,8721,646.0,0.4478884963518404,0.15283608436584473,0.24366471734892786
n15_direct_global_272001,9234,684.0,0.43418361646301146,0.1486918181180954,0.2475633528265107
n15_direct_global_272001,9747,722.0,0.4391306289226601,0.15489114820957184,0.24171539961013644
n15_direct_global_272001,10260,760.0,0.40457723300666215,0.16130048036575317,0.24366471734892786
n15_direct_global_272001,10773,798.0,0.44062934138768556,0.15674449503421783,0.2573099415204678
n15_direct_global_272001,11286,836.0,0.40056125438439916,0.15377673506736755,0.25146198830409355
n15_direct_global_272001,11799,874.0,0.37047572729185035,0.15653535723686218,0.24171539961013644
n15_direct_global_272001,12312,912.0,0.35728942492561955,0.177676260471344,0.24951267056530213
n15_direct_global_272001,12825,950.0,0.3518340766657285,0.1564290076494217,0.24951267056530213
n15_direct_global_272001,13338,988.0,0.3417880619085461,0.16014210879802704,0.24951267056530213
n15_direct_global_272001,13851,1026.0,0.34482616834663815,0.18534493446350098,0.24951267056530213
n15_direct_global_272001,14364,1064.0,0.3217904966256035,0.16706876456737518,0.24951267056530213
n15_direct_global_272001,14877,1102.0,0.319857562803863,0.1503394991159439,0.2631578947368421
n15_direct_global_272001,15390,1140.0,0.31975188589342607,0.17312957346439362,0.2553606237816764
n15_direct_global_272001,15903,1178.0,0.301601198008992,0.16416490077972412,0.26120857699805067
n15_direct_global_272001,16416,1216.0,0.28663622403334005,0.15263672173023224,0.24171539961013644
n15_direct_global_272003,513,38.0,1.5612216911661723,0.16608372330665588,0.20662768031189083
n15_direct_global_272003,1026,76.0,0.9838799907114233,0.14696760475635529,0.2651072124756335
n15_direct_global_272003,1539,114.0,0.9363505403124537,0.12165476381778717,0.2553606237816764
n15_direct_global_272003,2052,152.0,0.8735663684822081,0.11974895745515823,0.25146198830409355
n15_direct_global_272003,2565,190.0,0.7873614734786674,0.12410061806440353,0.2475633528265107
n15_direct_global_272003,3078,228.0,0.7528525499184934,0.1335286796092987,0.24561403508771928
n15_direct_global_272003,3591,266.0,0.7501544146040603,0.13784533739089966,0.24561403508771928
n15_direct_global_272003,4104,304.0,0.7519707278331259,0.14735804498195648,0.253411306042885
n15_direct_global_272003,4617,342.0,0.6720837564166766,0.14846588671207428,0.24171539961013644
n15_direct_global_272003,5130,380.0,0.6136008269107242,0.1484762281179428,0.24951267056530213
n15_direct_global_272003,5643,418.0,0.5985630122848494,0.15191806852817535,0.2378167641325536
n15_direct_global_272003,6156,456.0,0.5518149712978958,0.1541244089603424,0.24171539961013644
n15_direct_global_272003,6669,494.0,0.5050420332114534,0.16112574934959412,0.25146198830409355
n15_direct_global_272003,7182,532.0,0.4773239082743942,0.14572615921497345,0.2475633528265107
n15_direct_global_272003,7695,570.0,0.4953738423645293,0.15015719830989838,0.2475633528265107
n15_direct_global_272003,8208,608.0,0.45736250344829066,0.16260264813899994,0.24561403508771928
n15_direct_global_272003,8721,646.0,0.4622376974577676,0.1710285246372223,0.24561403508771928
n15_direct_global_272003,9234,684.0,0.4085183435933915,0.1668483316898346,0.24951267056530213
n15_direct_global_272003,9747,722.0,0.43990771660216327,0.19200530648231506,0.2553606237816764
n15_direct_global_272003,10260,760.0,0.3687456739752337,0.1756119728088379,0.24561403508771928
n15_direct_global_272003,10773,798.0,0.3758442368431899,0.1805359125137329,0.26705653021442494
n15_direct_global_272003,11286,836.0,0.46817421630255474,0.1775655597448349,0.25925925925925924
n15_direct_global_272003,11799,874.0,0.34311290641476855,0.16446168720722198,0.2709551656920078
n15_direct_global_272003,12312,912.0,0.34889271874098765,0.1639331877231598,0.253411306042885
n15_direct_global_272003,12825,950.0,0.34297837343563453,0.18645162880420685,0.25925925925925924
n15_direct_global_272003,13338,988.0,0.323604401891786,0.16725319623947144,0.2475633528265107
n15_direct_global_272003,13851,1026.0,0.3140715161664321,0.14972278475761414,0.253411306042885
n15_direct_global_272003,14364,1064.0,0.3115865936326716,0.15864986181259155,0.24366471734892786
n15_direct_global_272003,14877,1102.0,0.31194513587900174,0.16929498314857483,0.25925925925925924
n15_direct_global_272003,15390,1140.0,0.29221174178724896,0.1613229215145111,0.25925925925925924
n15_direct_global_272003,15903,1178.0,0.29761581462907805,0.1622139811515808,0.26705653021442494
n15_direct_global_272003,16416,1216.0,0.29814438935647014,0.15862682461738586,0.2573099415204678
n15_workspace_272001,513,38.0,1.6475078839364827,0.06278161704540253,0.17153996101364521
n15_workspace_272001,1026,76.0,1.1148128751229647,0.09462802857160568,0.24171539961013644
n15_workspace_272001,1539,114.0,0.9995753383976507,0.10996710509061813,0.23196881091617932
n15_workspace_272001,2052,152.0,0.9192392664133675,0.11672183871269226,0.24171539961013644
n15_workspace_272001,2565,190.0,0.8424700874173524,0.1024751216173172,0.24366471734892786
n15_workspace_272001,3078,228.0,0.9040105768990454,0.11281862109899521,0.23976608187134502
n15_workspace_272001,3591,266.0,0.8006953862336869,0.11608853191137314,0.2378167641325536
n15_workspace_272001,4104,304.0,0.7934715936072062,0.12079865485429764,0.23976608187134502
n15_workspace_272001,4617,342.0,0.7172105534784641,0.1151166781783104,0.2475633528265107
n15_workspace_272001,5130,380.0,0.6989825966465696,0.11209100484848022,0.24171539961013644
n15_workspace_272001,5643,418.0,0.718069302499091,0.10683358460664749,0.2378167641325536
n15_workspace_272001,6156,456.0,0.6784804585906287,0.10508411377668381,0.24366471734892786
n15_workspace_272001,6669,494.0,0.6336556305490674,0.1166759580373764,0.24171539961013644
n15_workspace_272001,7182,532.0,0.6185569942617503,0.11598429083824158,0.23976608187134502
n15_workspace_272001,7695,570.0,0.5924358022472772,0.11812159419059753,0.24366471734892786
n15_workspace_272001,8208,608.0,0.5961170237262681,0.10039427131414413,0.23586744639376217
n15_workspace_272001,8721,646.0,0.5651155618653899,0.10965216904878616,0.24171539961013644
n15_workspace_272001,9234,684.0,0.5710771553518821,0.11171448975801468,0.24171539961013644
n15_workspace_272001,9747,722.0,0.5489152914687417,0.11475662142038345,0.24171539961013644
n15_workspace_272001,10260,760.0,0.5456091443559637,0.11929932981729507,0.2378167641325536
n15_workspace_272001,10773,798.0,0.5316342581208744,0.11698231101036072,0.24366471734892786
n15_workspace_272001,11286,836.0,0.5058412102652898,0.11441643536090851,0.23586744639376217
n15_workspace_272001,11799,874.0,0.5063777379709755,0.11582200974225998,0.2378167641325536
n15_workspace_272001,12312,912.0,0.4717885301560508,0.11935888975858688,0.23391812865497075
n15_workspace_272001,12825,950.0,0.4776020561622685,0.12824124097824097,0.2378167641325536
n15_workspace_272001,13338,988.0,0.46811843261242525,0.11681804060935974,0.2300194931773879
n15_workspace_272001,13851,1026.0,0.4557008374905392,0.13937658071517944,0.2300194931773879
n15_workspace_272001,14364,1064.0,0.4221571034068318,0.13848869502544403,0.22417153996101363
n15_workspace_272001,14877,1102.0,0.3973793598658044,0.1477179080247879,0.22612085769980506
n15_workspace_272001,15390,1140.0,0.4250781645739204,0.1551230102777481,0.21637426900584794
n15_workspace_272001,15903,1178.0,0.40084086795206786,0.14652596414089203,0.23586744639376217
n15_workspace_272001,16416,1216.0,0.3908641344103345,0.13133449852466583,0.21442495126705652
n15_workspace_272003,513,38.0,1.6696031069252313,0.06264399737119675,0.17348927875243664
n15_workspace_272003,1026,76.0,1.0929581595795341,0.10916491597890854,0.24561403508771928
n15_workspace_272003,1539,114.0,0.9523268608566098,0.10349205136299133,0.23586744639376217
n15_workspace_272003,2052,152.0,0.8552366412547916,0.09608738869428635,0.23391812865497075
n15_workspace_272003,2565,190.0,0.8615909384551765,0.08952789008617401,0.24171539961013644
n15_workspace_272003,3078,228.0,0.8709819073848731,0.09170758724212646,0.2378167641325536
n15_workspace_272003,3591,266.0,0.781949948275745,0.10145280510187149,0.2378167641325536
n15_workspace_272003,4104,304.0,0.7703479158639414,0.09514997154474258,0.23196881091617932
n15_workspace_272003,4617,342.0,0.7328721577266221,0.09570598602294922,0.2300194931773879
n15_workspace_272003,5130,380.0,0.7040202554849069,0.09994226694107056,0.22612085769980506
n15_workspace_272003,5643,418.0,0.6942377042294922,0.1064251959323883,0.22807017543859648
n15_workspace_272003,6156,456.0,0.6906705455614897,0.1169951781630516,0.23586744639376217
n15_workspace_272003,6669,494.0,0.7329151224477496,0.12031111866235733,0.23976608187134502
n15_workspace_272003,7182,532.0,0.6222223993440723,0.11704801023006439,0.23586744639376217
n15_workspace_272003,7695,570.0,0.6274586699986522,0.11634476482868195,0.23976608187134502
n15_workspace_272003,8208,608.0,0.5751879717700807,0.11541502922773361,0.23586744639376217
n15_workspace_272003,8721,646.0,0.5385446293991183,0.11931238323450089,0.23196881091617932
n15_workspace_272003,9234,684.0,0.5366932108515391,0.11076347529888153,0.24561403508771928
n15_workspace_272003,9747,722.0,0.5017012027938729,0.11065296083688736,0.23391812865497075
n15_workspace_272003,10260,760.0,0.49006373631372163,0.11587243527173996,0.23586744639376217
n15_workspace_272003,10773,798.0,0.46166451513285245,0.12423449754714966,0.24171539961013644
n15_workspace_272003,11286,836.0,0.43683536861456757,0.1258527934551239,0.23976608187134502
n15_workspace_272003,11799,874.0,0.42620699500463555,0.12836071848869324,0.23391812865497075
n15_workspace_272003,12312,912.0,0.44233727646986165,0.12727713584899902,0.23391812865497075
n15_workspace_272003,12825,950.0,0.39352507772741996,0.13068100810050964,0.23976608187134502
n15_workspace_272003,13338,988.0,0.3874700670312095,0.12225837260484695,0.2300194931773879
n15_workspace_272003,13851,1026.0,0.3542472680678435,0.13264018297195435,0.23586744639376217
n15_workspace_272003,14364,1064.0,0.38651715170730044,0.1400236338376999,0.23976608187134502
n15_workspace_272003,14877,1102.0,0.35467605577163636,0.14189289510250092,0.23586744639376217
n15_workspace_272003,15390,1140.0,0.3462437565168856,0.13243523240089417,0.2378167641325536
n15_workspace_272003,15903,1178.0,0.33751940824450893,0.1460716724395752,0.24171539961013644
n15_workspace_272003,16416,1216.0,0.3277357240928224,0.14679734408855438,0.24561403508771928
n3_direct_global_272001,95,38.0,0.15966093639205944,0.09828859567642212,0.010526315789473684
n3_direct_global_272001,190,76.0,0.15057313129501906,0.17179498076438904,0.031578947368421054
n3_direct_global_272001,285,114.0,0.14464672473504356,0.1549869328737259,0.07368421052631578
n3_direct_global_272001,380,152.0,0.14372599633704675,0.14794641733169556,0.07368421052631578
n3_direct_global_272001,475,190.0,0.13667475766453305,0.1407575011253357,0.05263157894736842
n3_direct_global_272001,570,228.0,0.13046001440012142,0.1574481576681137,0.07368421052631578
n3_direct_global_272001,665,266.0,0.1266729382602008,0.13433755934238434,0.06315789473684211
n3_direct_global_272001,760,304.0,0.12707265861528486,0.17257723212242126,0.10526315789473684
n3_direct_global_272001,855,342.0,0.1249975914723779,0.17743463814258575,0.14736842105263157
n3_direct_global_272001,950,380.0,0.12244487326396139,0.1505090445280075,0.09473684210526316
n3_direct_global_272001,1045,418.0,0.11551662009503497,0.16533321142196655,0.08421052631578947
n3_direct_global_272001,1140,456.0,0.11237556075579241,0.15846838057041168,0.042105263157894736
n3_direct_global_272001,1235,494.0,0.10709736018784737,0.18439340591430664,0.042105263157894736
n3_direct_global_272001,1330,532.0,0.10409717607360922,0.21960851550102234,0.10526315789473684
n3_direct_global_272001,1425,570.0,0.10348599517815991,0.2542421519756317,0.12631578947368421
n3_direct_global_272001,1520,608.0,0.10168769514482272,0.2600012421607971,0.1368421052631579
n3_direct_global_272001,1615,646.0,0.09683691081836035,0.22405701875686646,0.10526315789473684
n3_direct_global_272001,1710,684.0,0.09530229458683416,0.22922241687774658,0.11578947368421053
n3_direct_global_272001,1805,722.0,0.09129287505914506,0.2403246909379959,0.10526315789473684
n3_direct_global_272001,1900,760.0,0.08436437926598285,0.2516196370124817,0.09473684210526316
n3_direct_global_272001,1995,798.0,0.08826138561493473,0.3148391842842102,0.16842105263157894
n3_direct_global_272001,2090,836.0,0.07302297204242725,0.25647056102752686,0.17894736842105263
n3_direct_global_272001,2185,874.0,0.06648922473388283,0.27265873551368713,0.17894736842105263
n3_direct_global_272001,2280,912.0,0.05907285314445433,0.24815702438354492,0.17894736842105263
n3_direct_global_272001,2375,950.0,0.056387971116131856,0.26862338185310364,0.11578947368421053
n3_direct_global_272001,2470,988.0,0.052690674737095836,0.2593492567539215,0.12631578947368421
n3_direct_global_272001,2565,1026.0,0.049123497547483755,0.24377650022506714,0.07368421052631578
n3_direct_global_272001,2660,1064.0,0.04862333217047547,0.23213988542556763,0.06315789473684211
n3_direct_global_272001,2755,1102.0,0.04543571787347135,0.2621876895427704,0.10526315789473684
n3_direct_global_272001,2850,1140.0,0.04685593933651322,0.2539640963077545,0.09473684210526316
n3_direct_global_272001,2945,1178.0,0.04462678893224189,0.22019967436790466,0.08421052631578947
n3_direct_global_272001,3040,1216.0,0.04241204987231054,0.24930831789970398,0.10526315789473684
n3_direct_global_272003,95,38.0,0.16127275756903384,0.06021039932966232,0.0
n3_direct_global_272003,190,76.0,0.1535653133141367,0.1321655958890915,0.031578947368421054
n3_direct_global_272003,285,114.0,0.150692652469795,0.13386905193328857,0.07368421052631578
n3_direct_global_272003,380,152.0,0.14494478828028629,0.1318815052509308,0.05263157894736842
n3_direct_global_272003,475,190.0,0.13843683187702768,0.1448352336883545,0.06315789473684211
n3_direct_global_272003,570,228.0,0.13357274053422244,0.16931913793087006,0.042105263157894736
n3_direct_global_272003,665,266.0,0.13144507922330184,0.15075840055942535,0.07368421052631578
n3_direct_global_272003,760,304.0,0.12877937963624533,0.16687524318695068,0.07368421052631578
n3_direct_global_272003,855,342.0,0.12109610781465706,0.15996156632900238,0.06315789473684211
n3_direct_global_272003,950,380.0,0.11970177307038715,0.1856958419084549,0.09473684210526316
n3_direct_global_272003,1045,418.0,0.11531782826212676,0.1908842921257019,0.06315789473684211
n3_direct_global_272003,1140,456.0,0.11119623222927513,0.235395148396492,0.08421052631578947
n3_direct_global_272003,1235,494.0,0.10828754571511558,0.277641624212265,0.11578947368421053
n3_direct_global_272003,1330,532.0,0.10451910211459586,0.2260233610868454,0.10526315789473684
n3_direct_global_272003,1425,570.0,0.09860617500778876,0.25127190351486206,0.08421052631578947
n3_direct_global_272003,1520,608.0,0.09489658798434232,0.2608589231967926,0.09473684210526316
n3_direct_global_272003,1615,646.0,0.09043823240913058,0.2801899015903473,0.14736842105263157
n3_direct_global_272003,1710,684.0,0.08568521248862931,0.2427072823047638,0.1368421052631579
n3_direct_global_272003,1805,722.0,0.08218154872914678,0.3004331588745117,0.12631578947368421
n3_direct_global_272003,1900,760.0,0.09103149120744906,0.3430290222167969,0.25263157894736843
n3_direct_global_272003,1995,798.0,0.08017677477511921,0.27489274740219116,0.15789473684210525
n3_direct_global_272003,2090,836.0,0.07159152341712462,0.3268439769744873,0.24210526315789474
n3_direct_global_272003,2185,874.0,0.06496187408797835,0.3251631259918213,0.15789473684210525
n3_direct_global_272003,2280,912.0,0.05979365011383044,0.2942834496498108,0.14736842105263157
n3_direct_global_272003,2375,950.0,0.061604224498334685,0.2874479591846466,0.17894736842105263
n3_direct_global_272003,2470,988.0,0.05628330346294924,0.29044201970100403,0.10526315789473684
n3_direct_global_272003,2565,1026.0,0.05888868350731699,0.2911439538002014,0.17894736842105263
n3_direct_global_272003,2660,1064.0,0.05391773783944939,0.2792694866657257,0.1368421052631579
n3_direct_global_272003,2755,1102.0,0.05041708679575669,0.28471770882606506,0.09473684210526316
n3_direct_global_272003,2850,1140.0,0.047978425320041804,0.27475130558013916,0.10526315789473684
n3_direct_global_272003,2945,1178.0,0.04639960515655969,0.2857685387134552,0.08421052631578947
n3_direct_global_272003,3040,1216.0,0.04442213363455314,0.22066961228847504,0.042105263157894736
n3_workspace_272001,95,38.0,0.16042033899575472,0.12216424942016602,0.010526315789473684
n3_workspace_272001,190,76.0,0.15327924791429387,0.1464162915945053,0.031578947368421054
n3_workspace_272001,285,114.0,0.14945136725804523,0.20244832336902618,0.042105263157894736
n3_workspace_272001,380,152.0,0.14449344005337672,0.167933851480484,0.05263157894736842
n3_workspace_272001,475,190.0,0.1430233300467463,0.1610289067029953,0.07368421052631578
n3_workspace_272001,570,228.0,0.13866816044441962,0.1866740882396698,0.07368421052631578
n3_workspace_272001,665,266.0,0.13795267294013971,0.17750297486782074,0.10526315789473684
n3_workspace_272001,760,304.0,0.13366015027032085,0.16508837044239044,0.09473684210526316
n3_workspace_272001,855,342.0,0.1318037275666077,0.17356935143470764,0.06315789473684211
n3_workspace_272001,950,380.0,0.12970463640399668,0.18173709511756897,0.05263157894736842
n3_workspace_272001,1045,418.0,0.12592702496208644,0.18232880532741547,0.07368421052631578
n3_workspace_272001,1140,456.0,0.12409929136598581,0.19736169278621674,0.08421052631578947
n3_workspace_272001,1235,494.0,0.11976999799769959,0.17988190054893494,0.042105263157894736
n3_workspace_272001,1330,532.0,0.11663219274854973,0.20234093070030212,0.06315789473684211
n3_workspace_272001,1425,570.0,0.11573619703321081,0.21408000588417053,0.09473684210526316
n3_workspace_272001,1520,608.0,0.1114906339955173,0.23359666764736176,0.06315789473684211
n3_workspace_272001,1615,646.0,0.10596295603992123,0.2212994545698166,0.05263157894736842
n3_workspace_272001,1710,684.0,0.10504321083916646,0.2223271280527115,0.09473684210526316
n3_workspace_272001,1805,722.0,0.10455807784670278,0.23318400979042053,0.09473684210526316
n3_workspace_272001,1900,760.0,0.10180764826700876,0.21689219772815704,0.05263157894736842
n3_workspace_272001,1995,798.0,0.0938007591243245,0.24331775307655334,0.031578947368421054
n3_workspace_272001,2090,836.0,0.09219500756773509,0.22358088195323944,0.07368421052631578
n3_workspace_272001,2185,874.0,0.09152003916862764,0.28437837958335876,0.11578947368421053
n3_workspace_272001,2280,912.0,0.08776867647998426,0.26623809337615967,0.11578947368421053
n3_workspace_272001,2375,950.0,0.08362076931486004,0.27184438705444336,0.16842105263157894
n3_workspace_272001,2470,988.0,0.07814053361745257,0.25123366713523865,0.16842105263157894
n3_workspace_272001,2565,1026.0,0.07394182532045403,0.26962441205978394,0.12631578947368421
n3_workspace_272001,2660,1064.0,0.07564818984583804,0.28167417645454407,0.1368421052631579
n3_workspace_272001,2755,1102.0,0.06709059977805928,0.2695182263851166,0.10526315789473684
n3_workspace_272001,2850,1140.0,0.06516906180860181,0.2876567542552948,0.1368421052631579
n3_workspace_272001,2945,1178.0,0.06866338411836248,0.28771671652793884,0.16842105263157894
n3_workspace_272001,3040,1216.0,0.07256248045810744,0.2859477698802948,0.15789473684210525
n3_workspace_272003,95,38.0,0.16213541013727847,0.10185643285512924,0.031578947368421054
n3_workspace_272003,190,76.0,0.15345239145191092,0.15994882583618164,0.031578947368421054
n3_workspace_272003,285,114.0,0.15002771754700103,0.1695680469274521,0.06315789473684211
n3_workspace_272003,380,152.0,0.14652558110262218,0.13782170414924622,0.05263157894736842
n3_workspace_272003,475,190.0,0.14288583286106588,0.17591074109077454,0.06315789473684211
n3_workspace_272003,570,228.0,0.14366175120598393,0.18471360206604004,0.05263157894736842
n3_workspace_272003,665,266.0,0.13745202641738088,0.17615969479084015,0.06315789473684211
n3_workspace_272003,760,304.0,0.135269338887577,0.16439250111579895,0.07368421052631578
n3_workspace_272003,855,342.0,0.13074203583558924,0.16895541548728943,0.07368421052631578
n3_workspace_272003,950,380.0,0.12650775603067718,0.16141459345817566,0.06315789473684211
n3_workspace_272003,1045,418.0,0.12498697667921845,0.171961709856987,0.07368421052631578
n3_workspace_272003,1140,456.0,0.12189123558468724,0.20814204216003418,0.05263157894736842
n3_workspace_272003,1235,494.0,0.11910590551989643,0.17723049223423004,0.05263157894736842
n3_workspace_272003,1330,532.0,0.11799514571596917,0.2006494402885437,0.06315789473684211
n3_workspace_272003,1425,570.0,0.11790066546711482,0.2360873520374298,0.10526315789473684
n3_workspace_272003,1520,608.0,0.12474117336892768,0.22359101474285126,0.1368421052631579
n3_workspace_272003,1615,646.0,0.11573600201426368,0.25725042819976807,0.06315789473684211
n3_workspace_272003,1710,684.0,0.10883971123809093,0.21432243287563324,0.05263157894736842
n3_workspace_272003,1805,722.0,0.10708276771107002,0.22200918197631836,0.11578947368421053
n3_workspace_272003,1900,760.0,0.10325229552231337,0.2234889566898346,0.05263157894736842
n3_workspace_272003,1995,798.0,0.0994015800423528,0.2490086555480957,0.07368421052631578
n3_workspace_272003,2090,836.0,0.09608095539243598,0.2792600095272064,0.05263157894736842
n3_workspace_272003,2185,874.0,0.0982308768079077,0.3201000690460205,0.11578947368421053
n3_workspace_272003,2280,912.0,0.09094234567723776,0.25565028190612793,0.12631578947368421
n3_workspace_272003,2375,950.0,0.08694991231650899,0.2748875916004181,0.11578947368421053
n3_workspace_272003,2470,988.0,0.08705513138127954,0.288053035736084,0.17894736842105263
n3_workspace_272003,2565,1026.0,0.07882978650496195,0.2891136705875397,0.15789473684210525
n3_workspace_272003,2660,1064.0,0.07212999145941515,0.28104451298713684,0.16842105263157894
n3_workspace_272003,2755,1102.0,0.0686784843669126,0.30129969120025635,0.2
n3_workspace_272003,2850,1140.0,0.07689106681041027,0.30325043201446533,0.2
n3_workspace_272003,2945,1178.0,0.06241909304241601,0.2945571541786194,0.10526315789473684
n3_workspace_272003,3040,1216.0,0.0681439470254669,0.2902090549468994,0.10526315789473684
