pdb_id,seed,source_slot,metric,stage,score,gt_distance_mae,raw_distance_mae
3ie9,12345,0,aa,raw,0.7665659279741145,0.9520843407261137,0.0
3ie9,12345,0,aa,local,0.7525416821403348,1.0017372033358034,0.23270960592331205
3ie9,12345,0,aa,start,0.7559655244142609,0.9966170319620825,0.20780713404804646
3ie9,12345,0,aa,zero_final,0.7543926286307285,0.9914764840692595,0.31053173802018996
3ie9,12345,0,aa,warm_final,0.7552602929468917,0.9900551526009932,0.3032040925492794
3ie9,12345,0,ca,raw,0.8130854936457046,0.7720263565674487,0.0
3ie9,12345,0,ca,local,0.8130854936457046,0.7720263565674487,0.0
3ie9,12345,0,ca,start,0.8130854936457046,0.7720263565674487,0.0
3ie9,12345,0,ca,zero_final,0.8109448421776879,0.7754110653278312,0.2029893150351211
3ie9,12345,0,ca,warm_final,0.8108585460047122,0.7731695025988811,0.19841494218565844
3ie9,54321,0,aa,raw,0.7630775159311295,0.9809285874030215,0.0
3ie9,54321,0,aa,local,0.7513737448649758,1.0301951707751085,0.2406021953243761
3ie9,54321,0,aa,start,0.7533527810966316,1.0177153819841156,0.2049556980181804
3ie9,54321,0,aa,zero_final,0.7526167027327095,1.0291993227574052,0.3125575862429169
3ie9,54321,0,aa,warm_final,0.7516647708042872,1.02108731231172,0.2928294079097865
3ie9,54321,0,ca,raw,0.8093014493511954,0.7927650222605076,0.0
3ie9,54321,0,ca,local,0.8093014493511954,0.7927650222605076,0.0
3ie9,54321,0,ca,start,0.8093014493511954,0.7927650222605076,0.0
3ie9,54321,0,ca,zero_final,0.8072965884010523,0.8018113784866571,0.1935387194684373
3ie9,54321,0,ca,warm_final,0.8071924151589265,0.800025564661495,0.18547071450231356
4a02,12345,1,aa,raw,0.8642884532855936,0.5622492451132743,0.0
4a02,12345,1,aa,local,0.8448633834221095,0.621291067996755,0.22501714094366843
4a02,12345,1,aa,start,0.8530096401115885,0.5970441915053954,0.16682222728181395
4a02,12345,1,aa,zero_final,0.8536630235572495,0.5989554848832771,0.21130637417491374
4a02,12345,1,aa,warm_final,0.8550483548300294,0.5957313524812592,0.19379274084231038
4a02,12345,1,ca,raw,0.9342232620630295,0.3610412977999496,0.0
4a02,12345,1,ca,local,0.9342232620630295,0.3610412977999496,0.0
4a02,12345,1,ca,start,0.9342232620630295,0.3610412977999496,0.0
4a02,12345,1,ca,zero_final,0.9313452841288598,0.3743716619529805,0.09293748020974035
4a02,12345,1,ca,warm_final,0.9315067858326181,0.3741864807159375,0.09025113235934566
4a02,54321,1,aa,raw,0.8723191067732465,0.5390930180036984,0.0
4a02,54321,1,aa,local,0.8572845482475322,0.5859514107737884,0.1922690244088152
4a02,54321,1,aa,start,0.8622840064040229,0.5730447511886545,0.15416962685828606
4a02,54321,1,aa,zero_final,0.8608580346397687,0.5841783645965919,0.19373957071938455
4a02,54321,1,aa,warm_final,0.8604113436063112,0.5914816735134107,0.19239410685829764
4a02,54321,1,ca,raw,0.9367965083108861,0.34630731059701925,0.0
4a02,54321,1,ca,local,0.9367965083108861,0.34630731059701925,0.0
4a02,54321,1,ca,start,0.9367965083108861,0.34630731059701925,0.0
4a02,54321,1,ca,zero_final,0.9314218149551864,0.3711286726380937,0.08886922596957067
4a02,54321,1,ca,warm_final,0.9312582077909144,0.37444924372135546,0.09496988334405787
5gu9,12345,2,aa,raw,0.8534952327545685,0.6282946981590389,0.0
5gu9,12345,2,aa,local,0.8379127766107126,0.6967871366823057,0.20592788292284495
5gu9,12345,2,aa,start,0.8457937227637888,0.6614960390505583,0.1659537029825809
5gu9,12345,2,aa,zero_final,0.8441041506823213,0.6679740322331237,0.19608582109664538
5gu9,12345,2,aa,warm_final,0.8481876497624816,0.6526614570458906,0.1750041201058075
5gu9,12345,2,ca,raw,0.9427097477555217,0.3351076565350598,0.0
5gu9,12345,2,ca,local,0.9427097477555217,0.3351076565350598,0.0
5gu9,12345,2,ca,start,0.9427097477555217,0.3351076565350598,0.0
5gu9,12345,2,ca,zero_final,0.9453293174062061,0.32630006118857346,0.049489690104296984
5gu9,12345,2,ca,warm_final,0.9451099433248034,0.327873405143366,0.045069862013710084
5gu9,54321,2,aa,raw,0.8556982766495385,0.6216546408139751,0.0
5gu9,54321,2,aa,local,0.8379700696672768,0.6912171390710299,0.24772096408147376
5gu9,54321,2,aa,start,0.8454152459383474,0.6641381006691095,0.19435273390760527
5gu9,54321,2,aa,zero_final,0.8436623959073569,0.6731071875677196,0.23145666904340859
5gu9,54321,2,aa,warm_final,0.8474540043968752,0.6618748328819861,0.21090487142244363
5gu9,54321,2,ca,raw,0.9410416744171972,0.33453379943637607,0.0
5gu9,54321,2,ca,local,0.9410416744171972,0.33453379943637607,0.0
5gu9,54321,2,ca,start,0.9410416744171972,0.33453379943637607,0.0
5gu9,54321,2,ca,zero_final,0.9444506578446721,0.32977646623749235,0.07582042416939819
5gu9,54321,2,ca,warm_final,0.9433161501859956,0.32917507075299907,0.06435303268950089
2fc3,12345,3,aa,raw,0.8866656666584768,0.4588614706385958,0.0
2fc3,12345,3,aa,local,0.873636004369977,0.5011990334702808,0.20790081290582796
2fc3,12345,3,aa,start,0.8740164497155642,0.4997468264091361,0.1622750393706339
2fc3,12345,3,aa,zero_final,0.8799792428354,0.4823728710092301,0.16771565011377496
2fc3,12345,3,aa,warm_final,0.8780666793829164,0.487072623810061,0.14986775726789128
2fc3,12345,3,ca,raw,0.9690132012708462,0.21074305534349463,0.0
2fc3,12345,3,ca,local,0.9690132012708462,0.21074305534349463,0.0
2fc3,12345,3,ca,start,0.9690132012708462,0.21074305534349463,0.0
2fc3,12345,3,ca,zero_final,0.9699169765048844,0.20572251733599586,0.039146108560628695
2fc3,12345,3,ca,warm_final,0.9696098731128326,0.20589201498904822,0.0314955266127273
2fc3,54321,3,aa,raw,0.8873728641998597,0.46047280886734365,0.0
2fc3,54321,3,aa,local,0.8742491156706181,0.50194497102542,0.21822059241794228
2fc3,54321,3,aa,start,0.8743164946944149,0.5030388578297269,0.16738980173473583
2fc3,54321,3,aa,zero_final,0.8808691480429436,0.4822815923083014,0.17592771291592904
2fc3,54321,3,aa,warm_final,0.8783931362755264,0.48936316865069573,0.15305894210058926
2fc3,54321,3,ca,raw,0.9727876884533817,0.21185109884694245,0.0
2fc3,54321,3,ca,local,0.9727876884533817,0.21185109884694245,0.0
2fc3,54321,3,ca,start,0.9727876884533817,0.21185109884694245,0.0
2fc3,54321,3,ca,zero_final,0.9731806798604192,0.206244262936593,0.045375904988207635
2fc3,54321,3,ca,warm_final,0.9739725069089723,0.20589495739051453,0.03478552299763767
4b9p,12345,4,aa,raw,0.7734536912339212,0.9889449135000151,0.0
4b9p,12345,4,aa,local,0.764326850719867,1.0243851415332519,0.2301434015903418
4b9p,12345,4,aa,start,0.7667360324131229,1.0174236944006503,0.1961474508640439
4b9p,12345,4,aa,zero_final,0.7670432312751506,1.0262857719997327,0.2516678414028624
4b9p,12345,4,aa,warm_final,0.7666767631132396,1.0267691470981632,0.24389273039214932
4b9p,12345,4,ca,raw,0.8500183201280334,0.6764274245208995,0.0
4b9p,12345,4,ca,local,0.8500183201280334,0.6764274245208995,0.0
4b9p,12345,4,ca,start,0.8500183201280334,0.6764274245208995,0.0
4b9p,12345,4,ca,zero_final,0.8497770729734815,0.686146568977886,0.11387684776644366
4b9p,12345,4,ca,warm_final,0.8489872076783211,0.6856763062790977,0.11166443575657829
4b9p,54321,4,aa,raw,0.7814038407644858,0.95956789433673,0.0
4b9p,54321,4,aa,local,0.7709423203582523,1.004849082836929,0.21946121666600907
4b9p,54321,4,aa,start,0.7718335315813962,1.0021715295519908,0.18760573038152867
4b9p,54321,4,aa,zero_final,0.7751486413388528,0.9999775073199554,0.23045510429042643
4b9p,54321,4,aa,warm_final,0.7730061669384238,1.0086190057039266,0.21889367097896295
4b9p,54321,4,ca,raw,0.8549430769684618,0.6564545540498306,0.0
4b9p,54321,4,ca,local,0.8549430769684618,0.6564545540498306,0.0
4b9p,54321,4,ca,start,0.8549430769684618,0.6564545540498306,0.0
4b9p,54321,4,ca,zero_final,0.8575998055624501,0.6615488445833103,0.08969819931524739
4b9p,54321,4,ca,warm_final,0.856500530243175,0.6610743266341512,0.08777556816243752
3d8l,12345,6,aa,raw,0.714161160900638,1.2283927173522442,0.0
3d8l,12345,6,aa,local,0.7006476801295116,1.2883474166573243,0.2572781852711673
3d8l,12345,6,aa,start,0.7073838554782386,1.2624376890617135,0.19855811957241531
3d8l,12345,6,aa,zero_final,0.7023446059968544,1.2853491464693678,0.31090465270317635
3d8l,12345,6,aa,warm_final,0.7064041406976245,1.267485559699993,0.269981170203658
3d8l,12345,6,ca,raw,0.8042104217189862,0.8904879527998276,0.0
3d8l,12345,6,ca,local,0.8042104217189862,0.8904879527998276,0.0
3d8l,12345,6,ca,start,0.8042104217189862,0.8904879527998276,0.0
3d8l,12345,6,ca,zero_final,0.8071003037289536,0.8762442979200046,0.16059847572756386
3d8l,12345,6,ca,warm_final,0.8048079012630852,0.8741736516317339,0.15061575532239688
3d8l,54321,6,aa,raw,0.7240455971809914,1.1680010452617244,0.0
3d8l,54321,6,aa,local,0.7120778465671534,1.21812044534257,0.261921497009473
3d8l,54321,6,aa,start,0.717325329329263,1.1989055178603103,0.1962342552034721
3d8l,54321,6,aa,zero_final,0.7146245799328949,1.20745594998569,0.2933942911706077
3d8l,54321,6,aa,warm_final,0.7172911153838122,1.1961105217828794,0.2614348073733531
3d8l,54321,6,ca,raw,0.815717528319375,0.8268165230931209,0.0
3d8l,54321,6,ca,local,0.815717528319375,0.8268165230931209,0.0
3d8l,54321,6,ca,start,0.815717528319375,0.8268165230931209,0.0
3d8l,54321,6,ca,zero_final,0.8212279986109355,0.8052061154412752,0.1490478206467531
3d8l,54321,6,ca,warm_final,0.8207266284934118,0.8059515029637071,0.14823044033943186
1j7b,12345,7,aa,raw,0.9040740815370035,0.44258626650675326,0.0
1j7b,12345,7,aa,local,0.8932158816051908,0.4803324339447779,0.17415650769398544
1j7b,12345,7,aa,start,0.896236258920782,0.4677511375373071,0.13887744717892034
1j7b,12345,7,aa,zero_final,0.8989692699800687,0.4599921452739192,0.1393659581836086
1j7b,12345,7,aa,warm_final,0.8988255173609327,0.459263080650323,0.1279226608996023
1j7b,12345,7,ca,raw,0.9783771569319836,0.20581389611122,0.0
1j7b,12345,7,ca,local,0.9783771569319836,0.20581389611122,0.0
1j7b,12345,7,ca,start,0.9783771569319836,0.20581389611122,0.0
1j7b,12345,7,ca,zero_final,0.9783640699782321,0.20508914217805319,0.041684642499834966
1j7b,12345,7,ca,warm_final,0.97901593139287,0.20364910158451877,0.03513541097340481
1j7b,54321,7,aa,raw,0.9055784504563527,0.43884044417115914,0.0
1j7b,54321,7,aa,local,0.8913790440492247,0.4835057373834845,0.16804243647249778
1j7b,54321,7,aa,start,0.8951363917858768,0.471150400228657,0.13975893660171196
1j7b,54321,7,aa,zero_final,0.8984802135161671,0.46174202588243785,0.1396399550335834
1j7b,54321,7,aa,warm_final,0.8992601328388492,0.45881155119721767,0.12796639082288544
1j7b,54321,7,ca,raw,0.9797601497004126,0.20565907009169387,0.0
1j7b,54321,7,ca,local,0.9797601497004126,0.20565907009169387,0.0
1j7b,54321,7,ca,start,0.9797601497004126,0.20565907009169387,0.0
1j7b,54321,7,ca,zero_final,0.9799224630702505,0.20417990363766364,0.04037278101608929
1j7b,54321,7,ca,warm_final,0.9799485942928559,0.2040114035893454,0.035349710015782375
