pdb_id,seed,source_slot,arm,anchor,rotation,torsion,connection_cn,connection_angle_c,connection_angle_n,connection_omega,connection_carbonyl,repulsion,tail,budget,total
3ie9,12345,0,zero,0.5211742689279888,0.005485042472422202,0.00011748270633956984,0.0,3.280273774653794e-05,3.189469001183377e-05,2.511904896391567e-05,0.00022233808897076786,0.12519819287648984,0.0,0,0.6522871415489334
3ie9,12345,0,warm,0.49454373152913156,0.005348285494318484,0.00031476978091845827,0.0,0.0,9.101180069077094e-07,7.322519488126404e-05,0.001390593585806644,0.15954981060180962,0.0,0,0.661221326304873
3ie9,54321,0,zero,0.5008565067950348,0.004073253683516343,0.00012464533514122927,0.00011674098632783429,0.0,3.743117144660044e-05,0.0,0.0,0.03232751739145494,0.0,0,0.5375360953629218
3ie9,54321,0,warm,0.4371158995724986,0.003312968265040796,0.0004942688485959821,5.87734557978044e-05,7.87741527244753e-05,0.00022776748358622806,0.0,0.0006774175486669992,0.02065115741864244,0.0,0,0.46261702674555333
4a02,12345,1,zero,0.19239498623804457,0.0014099822124781372,1.173506794840199e-05,0.0,1.1371558867588624e-05,2.482274293757838e-06,1.9677635377465307e-05,2.950850838125246e-06,0.0,0.0,0,0.19385318583784805
4a02,12345,1,warm,0.16499945159640328,0.0012992044452497392,0.0003986209433240093,9.570119268518015e-06,1.6946696286550176e-05,1.868217207973622e-05,9.841830735941137e-07,2.3164596520420746e-06,0.0,0.0,0,0.16674577661533746
4a02,54321,1,zero,0.22344373766347195,0.00186752001082444,3.643435489277291e-05,3.520004764210481e-05,2.5864675058852572e-05,8.293859014222905e-05,8.841363260921876e-06,0.0001548394786638173,2.3074859833008508e-08,0.0,0,0.22565539925881692
4a02,54321,1,warm,0.24456321662728503,0.0033120521298776167,0.00017105751920418338,1.6854873740379006e-07,7.202834159779508e-05,0.00021484197698380542,0.0003300789196004576,9.96461567775815e-08,0.02791590933438125,0.0,0,0.2765794530438243
5gu9,12345,2,zero,0.2104652103189943,0.0008557226098974548,7.431275194977543e-06,3.959704514533931e-08,2.076157279328514e-06,1.4913961586022853e-07,8.542873774677172e-06,1.5496945226788093e-07,0.0,0.0,0,0.211339326941254
5gu9,12345,2,warm,0.14411350917853064,0.0004050516092513393,0.0008172689688414961,2.6281277736465823e-06,1.7877729583921933e-07,5.246126755832662e-06,1.3152560970292913e-05,5.12643760987167e-08,0.0,0.0,0,0.14535708661379518
5gu9,54321,2,zero,0.2895665773876779,0.0007244829521201508,9.942961089029823e-06,6.988811487464847e-06,0.0,0.0,3.359243078584744e-05,3.413967064216945e-05,0.000415296066309176,0.0,0,0.2907910202801117
5gu9,54321,2,warm,0.19555450714984612,0.00036784944345719686,0.0006601305707810279,1.87105965891538e-06,1.36996239472959e-05,0.0,6.252483386797319e-06,0.0,7.387289183699275e-05,0.0,0,0.19667818322291436
2fc3,12345,3,zero,0.1302405238314966,0.0004665605347816797,5.3116760249177676e-06,0.0,9.033618431651472e-06,9.396676999960641e-07,2.9270730237700657e-07,4.639308304230218e-07,0.0,0.0,0,0.13072312596656763
2fc3,12345,3,warm,0.08313308894961313,0.0002518007731424317,0.00036620456466694424,9.885528278430259e-07,1.265510227557476e-06,0.0,1.0559961988536801e-06,1.2733642679233572e-06,0.0,0.0,0,0.08375567771094468
2fc3,54321,3,zero,0.13753211102148324,0.0005259664904318414,6.552029660127366e-06,1.6182866076948748e-08,0.0,0.0,0.0,1.0679889710592511e-07,0.0,0.0,0,0.13806475252333839
2fc3,54321,3,warm,0.08934019993672672,0.00030167707240637753,0.00040462115361433515,3.253644455563494e-06,6.006454421120023e-07,8.975865755282783e-06,0.0,3.509925455485031e-05,0.0,0.0,0,0.09009442757295524
4b9p,12345,4,zero,0.2608361966449634,0.001140323965576263,2.853352616192731e-05,4.1317757462647344e-05,5.021325240030149e-07,5.3161767848143354e-06,2.5367646237747955e-07,8.876225101480165e-07,0.0,0.0,0,0.2620533315024456
4b9p,12345,4,warm,0.23567496598042464,0.0010562152097528567,0.00029969250119787113,1.0165191225519854e-06,1.6235481670159554e-05,5.8708879833619913e-08,5.179576140749867e-08,5.3259057982216665e-09,3.9422794050829724e-05,0.0,0,0.23708766431676595
4b9p,54321,4,zero,0.24494348746276753,0.001088872718335489,1.558659007240581e-05,3.828830774201626e-07,1.503022722077204e-06,2.0871785186171538e-05,4.293899405907648e-06,1.2904916282048722e-06,0.0001195824041652714,0.0,0,0.24619587125736048
4b9p,54321,4,warm,0.21044481872381907,0.0009676398683824882,0.00020452698237966445,1.4874418953466673e-07,2.4752777057691013e-05,5.6896012653582255e-08,0.0,4.691926424945123e-05,0.00455018814954403,0.0,0,0.21623905140563457
3d8l,12345,6,zero,0.3810925943822004,0.0014488360388844777,1.9341895920851755e-05,0.0,5.220402212847404e-06,0.0,8.668974159874206e-06,6.384771101670421e-05,0.003166948661178827,0.0,0,0.385805458065574
3d8l,12345,6,warm,0.2691501042166729,0.0013813538928880596,0.0006616853428312049,7.807530200453393e-07,4.303866052210439e-06,0.0,3.443414348814059e-07,1.3370196425326685e-06,0.0007117327454923106,0.0,0,0.27191164217803415
3d8l,54321,6,zero,0.3600587595614105,0.0020272064994419857,4.19403791786637e-05,0.0,0.0,2.819834526446703e-05,1.7186825826875465e-05,2.8149463210011547e-06,5.6377146848563616e-05,0.0,0,0.36223248370429206
3d8l,54321,6,warm,0.2770116433500485,0.0019088509579311087,0.0007094738311949343,0.0,1.5302538281116847e-05,1.025598791099467e-05,4.38205880550293e-05,1.8246853145388309e-06,0.0,0.0,0,0.2797011719387362
1j7b,12345,7,zero,0.08870413237603354,0.00041756654553147066,4.289983138810591e-06,1.3335477564003056e-07,9.065566326333214e-06,1.1767991037387346e-06,1.6157788636432636e-06,2.929689087921737e-06,0.0,0.0,0,0.0891409100928611
1j7b,12345,7,warm,0.0652741800315856,0.0002806240465160034,0.00031372171002506363,7.805586483403284e-07,9.176306549187173e-07,5.935243120503386e-07,3.3888832858224294e-07,3.4466390675574465e-06,0.0,0.0,0,0.06587460302913811
1j7b,54321,7,zero,0.08689585113544258,0.00033490463013174205,3.114769236335996e-06,1.62367485699018e-06,2.861433420357642e-06,1.681270641213417e-06,4.178931718995348e-08,3.568836476251972e-06,0.0,0.0,0,0.08724364753952267
1j7b,54321,7,warm,0.06374798801766343,0.0002637661145385641,0.0001557271571820495,5.782652339603601e-06,4.540280100609327e-06,4.101177008689533e-06,5.994224007384636e-07,1.186032920057857e-06,0.0,0.0,0,0.06418369085415375
