source_slot,seed,paired,group_id,pdb_id,raw_aa,raw_ca,delta_aa,delta_ca,ideal_ref_vs_raw_aa,native_ref_aa,native_ref_ca,native_ref_joint,native_ref_safety,native_ref_max_penetration,ideal_ref_aa,ideal_ref_ca,ideal_ref_joint,ideal_ref_safety,ideal_ref_max_penetration
0,12345,True,0072dd8add7a9d9ae2c92c66ffd4af7849b91cc6bd4ee4b24e156e77cb83a832,3ie9,0.7665659279741146,0.8130854936457046,-0.0003618911080437437,-0.0012382223062850084,-0.01217329934338629,0.7547545197387721,0.8121830644839729,False,True,1.7950344539857208,0.7543926286307283,0.8109448421776879,False,True,1.8095881640604201
0,54321,True,0072dd8add7a9d9ae2c92c66ffd4af7849b91cc6bd4ee4b24e156e77cb83a832,3ie9,0.7630775159311295,0.8093014493511954,-0.0019463893434088497,-0.0011366051434172908,-0.01046081319841996,0.7545630920761184,0.8084331935444696,False,True,1.7198701778208334,0.7526167027327095,0.8072965884010523,False,True,1.671888269473776
1,12345,True,01346c25afe3e7dece8308723752e3816befcc83a75c9126d1d8faf1debe7f11,4a02,0.8642884532855938,0.9342232620630294,0.0016320468907372598,-0.0003396706331344479,-0.01062542972834446,0.8520309766665121,0.9316849547619941,False,True,1.5069900147854958,0.8536630235572493,0.9313452841288596,False,True,1.4876969888077263
1,54321,True,01346c25afe3e7dece8308723752e3816befcc83a75c9126d1d8faf1debe7f11,4a02,0.8723191067732465,0.9367965083108862,0.0041601840932022904,-0.001054309551395738,-0.01146107213347769,0.8566978505465666,0.9324761245065822,False,True,1.5266662073749437,0.8608580346397688,0.9314218149551865,False,True,1.500273849035889
2,12345,True,01bd6cfdb3f2d3019c1e7489787d722d4b8e9e703a25f4899f8d7228c0f4c6da,5gu9,0.8534952327545684,0.9427097477555219,0.007813403656595774,0.0017190617638717098,-0.009391082072247259,0.8362907470257254,0.9436102556423341,False,True,1.0310826651212301,0.8441041506823211,0.9453293174062058,False,True,1.0241491218328527
2,54321,True,01bd6cfdb3f2d3019c1e7489787d722d4b8e9e703a25f4899f8d7228c0f4c6da,5gu9,0.8556982766495385,0.9410416744171973,0.007806483009930476,-0.0007976353386038859,-0.012035880742181537,0.8358559128974264,0.9452482931832761,False,True,1.5307327493565495,0.8436623959073569,0.9444506578446722,False,True,1.5236561080770192
3,12345,True,022901870b670cb8a8f68c4588c6da43aa3fa2cc58a81137cc5afd8a7aa061f8,2fc3,0.8866656666584768,0.9690132012708464,0.00445524646155282,-0.00013528688605424222,-0.006686423823076826,0.8755239963738471,0.9700522633909386,False,True,1.1318506762415508,0.8799792428354,0.9699169765048844,False,True,1.2548367802893436
3,54321,True,022901870b670cb8a8f68c4588c6da43aa3fa2cc58a81137cc5afd8a7aa061f8,2fc3,0.8873728641998598,0.9727876884533818,0.0038700793936381483,-0.000265795109187672,-0.0065037161569162505,0.8769990686493054,0.9734464749696069,False,True,1.1461467642867111,0.8808691480429436,0.9731806798604192,False,True,1.19724286932688
4,12345,True,02713dc891a01ad3eb8e81a43a282cbb37d7e12a617c86bff3d91bbd9204dfe8,4b9p,0.773453691233921,0.8500183201280331,0.0014372556826091065,0.00046457164192359457,-0.006410459958770431,0.7656059755925415,0.8493125013315578,False,True,1.4778384742098452,0.7670432312751506,0.8497770729734814,False,True,1.4395516099598225
4,54321,True,02713dc891a01ad3eb8e81a43a282cbb37d7e12a617c86bff3d91bbd9204dfe8,4b9p,0.7814038407644858,0.854943076968462,0.0032898415703547235,-6.190570203457035e-06,-0.006255199425633018,0.771858799768498,0.8576059961326535,False,True,1.5289712858082696,0.7751486413388528,0.8575998055624501,False,True,1.5184639315014525
5,12345,False,,,,,,,,,,,,,,,,,
5,54321,False,,,,,,,,,,,,,,,,,
6,12345,True,06ae9c160e97843eff74a485534ecc35e7e28ab988afb09701cb838d2f9c891c,3d8l,0.7141611609006381,0.8042104217189863,0.0033676692360699034,0.003955618368207792,-0.011816554903783527,0.6989769367607847,0.8031446853607458,False,True,1.5196241259708232,0.7023446059968546,0.8071003037289536,False,True,1.5512659405586808
6,54321,True,06ae9c160e97843eff74a485534ecc35e7e28ab988afb09701cb838d2f9c891c,3d8l,0.7240455971809914,0.8157175283193749,0.0032196309652036126,-0.0018503911771096115,-0.00942101724809652,0.7114049489676912,0.8230783897880453,False,True,1.5565499175858488,0.7146245799328949,0.8212279986109356,False,True,1.5080041142113698
7,12345,True,099569e958ae139a87cc08f1ba8a3f537f540fb6684feb2fefacb373339e330e,1j7b,0.9040740815370036,0.9783771569319836,0.00545389763807369,-0.00010418674601397893,-0.005104811556934985,0.893515372341995,0.9784682567242461,False,True,1.4931711669673695,0.8989692699800687,0.9783640699782321,False,True,1.4946592894261124
7,54321,True,099569e958ae139a87cc08f1ba8a3f537f540fb6684feb2fefacb373339e330e,1j7b,0.9055784504563525,0.9797601497004127,0.004789305243606545,0.00039196377073658084,-0.0070982369401854095,0.8936909082725606,0.9795304992995141,False,True,1.344576607150683,0.8984802135161671,0.9799224630702507,False,True,1.338157660872473
