source_slot,seed,paired,group_id,pdb_id,raw_aa,raw_ca,delta_aa,delta_ca,length_ref_vs_raw_aa,native_ref_aa,native_ref_ca,native_ref_joint,native_ref_safety,native_ref_max_penetration,length_ref_aa,length_ref_ca,length_ref_joint,length_ref_safety,length_ref_max_penetration
0,12345,True,0072dd8add7a9d9ae2c92c66ffd4af7849b91cc6bd4ee4b24e156e77cb83a832,3ie9,0.7665659279741146,0.8130854936457046,0.00024656089963681627,3.8647724589502275e-05,-0.01156484733570573,0.7547545197387721,0.8121830644839729,False,True,1.7950344539857208,0.7550010806384089,0.8122217122085624,False,True,1.8099864639773737
0,54321,True,0072dd8add7a9d9ae2c92c66ffd4af7849b91cc6bd4ee4b24e156e77cb83a832,3ie9,0.7630775159311295,0.8093014493511954,-0.00030658497385394057,0.00033428132942558975,-0.008821008828865051,0.7545630920761184,0.8084331935444696,False,True,1.7198701778208334,0.7542565071022644,0.8087674748738952,False,True,1.7398475712399053
1,12345,True,01346c25afe3e7dece8308723752e3816befcc83a75c9126d1d8faf1debe7f11,4a02,0.8642884532855938,0.9342232620630294,-0.00036287227490716667,-7.452565849530579e-05,-0.012620348893988886,0.8520309766665121,0.9316849547619941,False,True,1.5069900147854958,0.8516681043916049,0.9316104291034988,False,True,1.5218613256481741
1,54321,True,01346c25afe3e7dece8308723752e3816befcc83a75c9126d1d8faf1debe7f11,4a02,0.8723191067732465,0.9367965083108862,-0.0009084319815937381,-0.0003117997957239327,-0.01652968820827372,0.8566978505465666,0.9324761245065822,False,True,1.5266662073749437,0.8557894185649728,0.9321643247108583,False,True,1.5114172213097028
2,12345,True,01bd6cfdb3f2d3019c1e7489787d722d4b8e9e703a25f4899f8d7228c0f4c6da,5gu9,0.8534952327545684,0.9427097477555219,-0.0003422339450609435,0.0008026462538219814,-0.017546719673903977,0.8362907470257254,0.9436102556423341,False,True,1.0310826651212301,0.8359485130806644,0.9444129018961561,False,True,1.079648275170964
2,54321,True,01bd6cfdb3f2d3019c1e7489787d722d4b8e9e703a25f4899f8d7228c0f4c6da,5gu9,0.8556982766495385,0.9410416744171973,-0.00037526990386882453,-0.0013723007936282672,-0.020217633655980838,0.8358559128974264,0.9452482931832761,False,True,1.5307327493565495,0.8354806429935576,0.9438759923896478,False,True,1.514976035228598
3,12345,True,022901870b670cb8a8f68c4588c6da43aa3fa2cc58a81137cc5afd8a7aa061f8,2fc3,0.8866656666584768,0.9690132012708464,0.0005427050750034246,0.0001398608484340924,-0.010598965209626221,0.8755239963738471,0.9700522633909386,False,True,1.1318506762415508,0.8760667014488506,0.9701921242393727,False,True,1.1683044810692798
3,54321,True,022901870b670cb8a8f68c4588c6da43aa3fa2cc58a81137cc5afd8a7aa061f8,2fc3,0.8873728641998598,0.9727876884533818,-0.00020811103546714005,-0.00010451055353100092,-0.010581906586021539,0.8769990686493054,0.9734464749696069,False,True,1.1461467642867111,0.8767909576138383,0.9733419644160759,False,True,1.1071496458750247
4,12345,True,02713dc891a01ad3eb8e81a43a282cbb37d7e12a617c86bff3d91bbd9204dfe8,4b9p,0.773453691233921,0.8500183201280331,-0.0005584276130661259,0.0002605700683238066,-0.008406143254445664,0.7656059755925415,0.8493125013315578,False,True,1.4778384742098452,0.7650475479794754,0.8495730713998816,False,True,1.4991429632403155
4,54321,True,02713dc891a01ad3eb8e81a43a282cbb37d7e12a617c86bff3d91bbd9204dfe8,4b9p,0.7814038407644858,0.854943076968462,-0.0006016775571755506,6.445294125467793e-05,-0.010146718553163292,0.771858799768498,0.8576059961326535,False,True,1.5289712858082696,0.7712571222113225,0.8576704490739082,False,True,1.5109778142488999
5,12345,False,,,,,,,,,,,,,,,,,
5,54321,False,,,,,,,,,,,,,,,,,
6,12345,True,06ae9c160e97843eff74a485534ecc35e7e28ab988afb09701cb838d2f9c891c,3d8l,0.7141611609006381,0.8042104217189863,-0.00028312561887489096,0.004025234906796293,-0.015467349758728322,0.6989769367607847,0.8031446853607458,False,True,1.5196241259708232,0.6986938111419098,0.8071699202675421,False,True,1.539252109078977
6,54321,True,06ae9c160e97843eff74a485534ecc35e7e28ab988afb09701cb838d2f9c891c,3d8l,0.7240455971809914,0.8157175283193749,-0.000765525775991649,-0.0005143469987769489,-0.01340617398929178,0.7114049489676912,0.8230783897880453,False,True,1.5565499175858488,0.7106394231916996,0.8225640427892683,False,True,1.5357415518910553
7,12345,True,099569e958ae139a87cc08f1ba8a3f537f540fb6684feb2fefacb373339e330e,1j7b,0.9040740815370036,0.9783771569319836,0.00021944285964392574,-0.0004822088189330165,-0.01033926633536475,0.893515372341995,0.9784682567242461,False,True,1.4931711669673695,0.8937348152016389,0.9779860479053131,False,True,1.4823794453441257
7,54321,True,099569e958ae139a87cc08f1ba8a3f537f540fb6684feb2fefacb373339e330e,1j7b,0.9055784504563525,0.9797601497004127,-6.867398093501897e-05,-3.9781515357106834e-05,-0.011956216164726974,0.8936909082725606,0.9795304992995141,False,True,1.344576607150683,0.8936222342916256,0.979490717784157,False,True,1.3918055327464351
