role,arm,parents,sites,outputs,spearman,top1,centered_response_rmse,regret,regret_parent_median,regret_parent_max,geometry_pass,severe_pairs,wrong_centres,local_p95,local_max,local_over1,exact_pass_to_fail,exact_fail_to_pass,wt_progress_pass_to_fail,wt_progress_fail_to_pass
dev_new_site,cold_c2,3,3,114,0.7304093567251462,0,0.5085787445752245,0.07567186209978059,0.021066732774855212,0.1900976641001786,58,140,26,3.7385569562750316,6.339525389401082,60,24,26,,
dev_new_site,exact,3,3,114,1.0,3,0.0,0.039687180523288214,0.005561599875483936,0.11349994169438071,56,86,36,1.2187052405285872e-14,3.388636385277026e-14,0,0,0,,
dev_new_site,normalized,3,3,114,0.6128654970760233,2,0.4975834166154473,0.39669540962394373,0.1880891294515108,0.8884971577259397,59,81,36,5.630346338498842,6.919613608887994,17,1,4,0,0
dev_new_site,wt_progress,3,3,114,0.667251461988304,2,0.4897725584363422,0.39669540962394373,0.1880891294515108,0.8884971577259397,59,98,34,5.589578435365967,6.914024636513779,17,1,4,,
dev_unseen_protein,cold_c2,9,18,684,0.686159844054581,11,0.4336072737670081,0.024323600544837003,0.012179006230731038,0.10572005426126813,296,2922,379,2.2140347341517366,5.672366130877416,136,170,28,,
dev_unseen_protein,exact,9,18,684,1.0,18,0.0,0.008365837005721619,0.004229097714844927,0.033643696180128635,438,2747,304,1.4069519180841175e-14,6.776078236089213e-14,0,0,0,,
dev_unseen_protein,normalized,9,18,684,0.742495126705653,6,0.4099648071784325,0.03264636316893802,0.01039081146111323,0.169610868061277,403,2582,340,2.4083880128483917,5.888718410792722,135,54,19,4,2
dev_unseen_protein,wt_progress,9,18,684,0.742982456140351,5,0.4068030848602826,0.030819657867385983,0.01039081146111323,0.169610868061277,405,2632,342,2.262705840008788,5.905402946666705,132,50,17,,
train,cold_c2,15,27,1026,0.6991812865497076,10,0.41630877617991374,0.1282975206621199,0.019242299587155967,1.0056080649206576,399,14066,858,2.316523553056162,8.644979752223714,138,45,32,,
train,exact,15,27,1026,1.0,27,0.0,0.03310826389699117,0.007594713008960238,0.15268191004846943,412,12886,1052,1.731353804675181e-14,6.646024138648597e-14,0,0,0,,
train,normalized,15,27,1026,0.7437426900584795,16,0.3874600503001784,0.07320952124556909,0.017234799029586884,0.4686338262375964,421,12844,950,1.1189266802332116,3.0533183821076744,72,15,24,4,2
train,wt_progress,15,27,1026,0.7474269005847952,16,0.38446977421541834,0.0725380489533541,0.017234799029586884,0.4686338262375964,423,12718,949,1.103909581845354,3.0372818248989057,69,14,25,,
