seed,step,role,method,parents,sites,outputs,spearman,centered_response_rmse,regret,regret_parent_median,regret_parent_max,top1,geometry_pass,disabled_pass_to_fail,disabled_fail_to_pass,severe_pairs,wrong_centres,local_p95,local_p99,local_max,local_over1,latent_raw_nmse,latent_common_nmse,latent_centered_nmse,latent_centered_energy_ratio,latent_centered_cosine,latent_common_fraction
272001,0,dev_new_site,anchor,3,3,114,0.6883040935672516,0.4752262894930325,0.11885248998950965,0.11349994169438071,0.1880891294515108,0,61,0,0,71,33,5.641417871917243,6.627859598231647,6.906245243212717,21,1.0,1.0,1.0,0.0,,
272001,0,dev_new_site,control,3,3,114,0.6883040935672516,0.4752262894930325,0.11885248998950965,0.11349994169438071,0.1880891294515108,0,61,0,0,71,33,5.641417871917243,6.627859598231647,6.906245243212717,21,1.0,1.0,1.0,0.0,,
272001,0,dev_new_site,disabled,3,3,114,0.6883040935672516,0.4752262894930325,0.11885248998950965,0.11349994169438071,0.1880891294515108,0,61,0,0,71,33,5.641417871917243,6.627859598231647,6.906245243212717,21,,,,,,
272001,0,dev_new_site,oracle_pair,3,3,114,0.9853801169590642,0.02931042934046507,0.03783331389812691,0.0,0.11349994169438071,2,56,7,2,90,37,0.2093411404184216,0.5586353264991766,0.6047712239392905,0,,,,,,
272001,0,dev_new_site,exact,3,3,114,1.0,0.0,0.039687180523288214,0.005561599875483936,0.11349994169438071,3,56,6,1,86,36,1.2187052405285872e-14,1.888088639366751e-14,3.388636385277026e-14,0,,,,,,
272001,0,dev_unseen_protein,anchor,9,18,684,0.5414230019493177,0.44818172193763417,0.046314292159024883,0.008972483759140809,0.19606975536493115,6,432,0,0,2282,324,3.4394982300425503,5.760914006581449,6.938549997810224,141,1.0,1.0,1.0,0.0,,
272001,0,dev_unseen_protein,control,9,18,684,0.5414230019493177,0.44818172193763417,0.046314292159024883,0.008972483759140809,0.19606975536493115,6,432,0,0,2282,324,3.4394982300425503,5.760914006581449,6.938549997810224,141,1.0,1.0,1.0,0.0,,
272001,0,dev_unseen_protein,disabled,9,18,684,0.5414230019493177,0.44818172193763417,0.046314292159024883,0.008972483759140809,0.19606975536493115,6,432,0,0,2282,324,3.4394982300425503,5.760914006581449,6.938549997810224,141,,,,,,
272001,0,dev_unseen_protein,oracle_pair,9,18,684,0.9889863547758284,0.03760724533157496,0.010269518252728068,0.0046756164899694475,0.033643696180128635,16,434,40,42,2736,298,0.2726235365162344,0.5294259894691009,1.0690112968846228,1,,,,,,
272001,0,dev_unseen_protein,exact,9,18,684,1.0,0.0,0.008365837005721619,0.004229097714844927,0.033643696180128635,18,438,39,45,2747,304,1.4069519180841175e-14,2.7051998686835772e-14,6.776078236089213e-14,0,,,,,,
272001,0,train,anchor,15,27,1026,0.563625730994152,0.4111455323795975,0.24789795560311875,0.03510752275228071,2.189461677116131,8,427,0,0,10360,853,2.0761487916672685,2.9466609370226733,3.2240446048127205,139,1.0,1.0,1.0,0.0,,
272001,0,train,control,15,27,1026,0.563625730994152,0.4111455323795975,0.24789795560311875,0.03510752275228071,2.189461677116131,8,427,0,0,10360,853,2.0761487916672685,2.9466609370226733,3.2240446048127205,139,1.0,1.0,1.0,0.0,,
272001,0,train,disabled,15,27,1026,0.563625730994152,0.4111455323795975,0.24789795560311875,0.03510752275228071,2.189461677116131,8,427,0,0,10360,853,2.0761487916672685,2.9466609370226733,3.2240446048127205,139,,,,,,
272001,0,train,oracle_pair,15,27,1026,0.9864327485380116,0.034445320613674266,0.03284640354218814,0.007594713008960238,0.15268191004846943,25,415,24,12,12776,1050,0.06873532027724442,0.10981164102094687,0.3378675935912993,0,,,,,,
272001,0,train,exact,15,27,1026,1.0,0.0,0.03310826389699117,0.007594713008960238,0.15268191004846943,27,412,31,16,12886,1052,1.731353804675181e-14,3.6396161895915e-14,6.646024138648597e-14,0,,,,,,
272001,32,dev_new_site,anchor,3,3,114,0.6783625730994151,0.47480243883741374,0.11885248998950965,0.11349994169438071,0.1880891294515108,0,62,0,1,74,32,5.644788726210548,6.628471637356852,6.925498670198106,21,0.9862189186004929,0.9717362662602639,0.9909516123332608,0.01650548215308248,0.06671616209260464,0.4113844178119055
272001,32,dev_new_site,control,3,3,114,0.7005847953216374,0.4749002602133466,0.11885248998950965,0.11349994169438071,0.1880891294515108,0,64,0,3,67,31,5.606090945655514,6.512342500285701,6.808999326525186,21,0.9989331767810737,0.9872268914354579,0.9999693141085556,6.274130327903292e-05,0.012381527992084898,0.9960570331091415
272001,32,dev_new_site,disabled,3,3,114,0.6883040935672516,0.4752262894930325,0.11885248998950965,0.11349994169438071,0.1880891294515108,0,61,0,0,71,33,5.641417871917243,6.627859598231647,6.906245243212717,21,,,,,,
272001,32,dev_new_site,oracle_pair,3,3,114,0.9853801169590642,0.02931042934046507,0.03783331389812691,0.0,0.11349994169438071,2,56,7,2,90,37,0.2093411404184216,0.5586353264991766,0.6047712239392905,0,,,,,,
272001,32,dev_new_site,exact,3,3,114,1.0,0.0,0.039687180523288214,0.005561599875483936,0.11349994169438071,3,56,6,1,86,36,1.2187052405285872e-14,1.888088639366751e-14,3.388636385277026e-14,0,,,,,,
272001,32,dev_unseen_protein,anchor,9,18,684,0.5651072124756334,0.4467960053130154,0.0677877033428812,0.008972483759140809,0.31654878268521974,6,429,6,3,2264,339,3.3874865537865735,5.747490331790006,7.00774231571492,150,0.9731330026731373,0.9615850286155876,0.9863524962303042,0.023161665524652115,0.11074802538824441,0.5163055285687543
272001,32,dev_unseen_protein,control,9,18,684,0.5453216374269005,0.44832713494909204,0.046314292159024883,0.008972483759140809,0.19606975536493115,6,434,4,6,2306,342,3.4285350628708366,5.740074961125654,6.934976071261511,138,1.0017119261095058,1.0092117088704444,0.9992788779088291,0.0001548782862724907,0.04262472832439841,0.990710864761843
272001,32,dev_unseen_protein,disabled,9,18,684,0.5414230019493177,0.44818172193763417,0.046314292159024883,0.008972483759140809,0.19606975536493115,6,432,0,0,2282,324,3.4394982300425503,5.760914006581449,6.938549997810224,141,,,,,,
272001,32,dev_unseen_protein,oracle_pair,9,18,684,0.9889863547758284,0.03760724533157496,0.010269518252728068,0.0046756164899694475,0.033643696180128635,16,434,40,42,2736,298,0.2726235365162344,0.5294259894691009,1.0690112968846228,1,,,,,,
272001,32,dev_unseen_protein,exact,9,18,684,1.0,0.0,0.008365837005721619,0.004229097714844927,0.033643696180128635,18,438,39,45,2747,304,1.4069519180841175e-14,2.7051998686835772e-14,6.776078236089213e-14,0,,,,,,
272001,32,train,anchor,15,27,1026,0.5893567251461987,0.40732603128349615,0.23634287960611094,0.03128931267973489,2.0644466685003575,10,422,5,0,10502,844,2.0641211996638993,2.7812077133848465,3.0671566312502914,135,0.9326866904638765,0.9040078949425074,0.9561880256639183,0.0316937092215478,0.18708016636710625,0.558244636461806
272001,32,train,control,15,27,1026,0.5696491228070175,0.4100151406558361,0.24490959909790025,0.03128931267973489,2.189461677116131,9,426,2,1,10468,856,2.0756136064402075,2.888367744059393,3.1757905176088665,138,0.9821468127302053,0.9567968749318296,0.9967817158018899,0.00022464294936880676,0.11239000846283528,0.9893287559487304
272001,32,train,disabled,15,27,1026,0.563625730994152,0.4111455323795975,0.24789795560311875,0.03510752275228071,2.189461677116131,8,427,0,0,10360,853,2.0761487916672685,2.9466609370226733,3.2240446048127205,139,,,,,,
272001,32,train,oracle_pair,15,27,1026,0.9864327485380116,0.034445320613674266,0.03284640354218814,0.007594713008960238,0.15268191004846943,25,415,24,12,12776,1050,0.06873532027724442,0.10981164102094687,0.3378675935912993,0,,,,,,
272001,32,train,exact,15,27,1026,1.0,0.0,0.03310826389699117,0.007594713008960238,0.15268191004846943,27,412,31,16,12886,1052,1.731353804675181e-14,3.6396161895915e-14,6.646024138648597e-14,0,,,,,,
272001,128,dev_new_site,anchor,3,3,114,0.6894736842105263,0.47478998035534764,0.11885248998950965,0.11349994169438071,0.1880891294515108,0,62,1,2,73,32,5.646673838611577,6.611404195405611,6.935284951441662,20,0.9843813134090776,0.9638968622193488,0.9906651279035597,0.037630525693758014,0.08120369053076067,0.424141703369245
272001,128,dev_new_site,control,3,3,114,0.6947368421052632,0.4745045548985887,0.11885248998950965,0.11349994169438071,0.1880891294515108,0,63,0,2,65,33,5.553696976161267,6.359196125268747,6.678815510525007,20,0.9937175370944852,0.9625860265768464,0.9986802505016792,0.00048212816532591194,0.032391038392147666,0.9898015001987016
272001,128,dev_new_site,disabled,3,3,114,0.6883040935672516,0.4752262894930325,0.11885248998950965,0.11349994169438071,0.1880891294515108,0,61,0,0,71,33,5.641417871917243,6.627859598231647,6.906245243212717,21,,,,,,
272001,128,dev_new_site,oracle_pair,3,3,114,0.9853801169590642,0.02931042934046507,0.03783331389812691,0.0,0.11349994169438071,2,56,7,2,90,37,0.2093411404184216,0.5586353264991766,0.6047712239392905,0,,,,,,
272001,128,dev_new_site,exact,3,3,114,1.0,0.0,0.039687180523288214,0.005561599875483936,0.11349994169438071,3,56,6,1,86,36,1.2187052405285872e-14,1.888088639366751e-14,3.388636385277026e-14,0,,,,,,
272001,128,dev_unseen_protein,anchor,9,18,684,0.572514619883041,0.4454497903577401,0.0677877033428812,0.008972483759140809,0.31654878268521974,6,433,9,10,2331,343,3.3946885232021584,5.761701260462727,7.062335467606506,157,0.9659760311514182,0.9522716355059982,0.9861796629125306,0.05470601085133073,0.13820237483736508,0.5122147021505763
272001,128,dev_unseen_protein,control,9,18,684,0.5506822612085771,0.4483672101356821,0.04493263145665702,0.008972483759140809,0.19606975536493115,6,438,6,12,2328,352,3.418821486478581,5.742359048737137,6.877325151264655,140,1.0063433291617203,1.0259297002591448,0.9958564540941239,0.0009865939957171162,0.0884780586333843,0.9775958049643845
272001,128,dev_unseen_protein,disabled,9,18,684,0.5414230019493177,0.44818172193763417,0.046314292159024883,0.008972483759140809,0.19606975536493115,6,432,0,0,2282,324,3.4394982300425503,5.760914006581449,6.938549997810224,141,,,,,,
272001,128,dev_unseen_protein,oracle_pair,9,18,684,0.9889863547758284,0.03760724533157496,0.010269518252728068,0.0046756164899694475,0.033643696180128635,16,434,40,42,2736,298,0.2726235365162344,0.5294259894691009,1.0690112968846228,1,,,,,,
272001,128,dev_unseen_protein,exact,9,18,684,1.0,0.0,0.008365837005721619,0.004229097714844927,0.033643696180128635,18,438,39,45,2747,304,1.4069519180841175e-14,2.7051998686835772e-14,6.776078236089213e-14,0,,,,,,
272001,128,train,anchor,15,27,1026,0.6371929824561402,0.3970191064623822,0.2375321357622345,0.024915709647524875,2.0644466685003575,12,424,5,2,10687,857,1.930242689671974,2.69489762716781,3.010749400717182,126,0.8551368357779782,0.8020957946572267,0.900734380577039,0.08487592060178642,0.2846044184567617,0.5431413694775343
272001,128,train,control,15,27,1026,0.583391812865497,0.408581385908843,0.24490959909790025,0.03128931267973489,2.189461677116131,10,426,3,2,10264,858,2.053078873428003,2.7622753278304772,3.0612280689331244,136,0.9451278769233304,0.8852383964029608,0.9852226371972737,0.002164258723989132,0.1728795753531257,0.9655223443373254
272001,128,train,disabled,15,27,1026,0.563625730994152,0.4111455323795975,0.24789795560311875,0.03510752275228071,2.189461677116131,8,427,0,0,10360,853,2.0761487916672685,2.9466609370226733,3.2240446048127205,139,,,,,,
272001,128,train,oracle_pair,15,27,1026,0.9864327485380116,0.034445320613674266,0.03284640354218814,0.007594713008960238,0.15268191004846943,25,415,24,12,12776,1050,0.06873532027724442,0.10981164102094687,0.3378675935912993,0,,,,,,
272001,128,train,exact,15,27,1026,1.0,0.0,0.03310826389699117,0.007594713008960238,0.15268191004846943,27,412,31,16,12886,1052,1.731353804675181e-14,3.6396161895915e-14,6.646024138648597e-14,0,,,,,,
272003,0,dev_new_site,anchor,3,3,114,0.6883040935672516,0.4752262894930325,0.11885248998950965,0.11349994169438071,0.1880891294515108,0,61,0,0,71,33,5.641417871917243,6.627859598231647,6.906245243212717,21,1.0,1.0,1.0,0.0,,
272003,0,dev_new_site,control,3,3,114,0.6883040935672516,0.4752262894930325,0.11885248998950965,0.11349994169438071,0.1880891294515108,0,61,0,0,71,33,5.641417871917243,6.627859598231647,6.906245243212717,21,1.0,1.0,1.0,0.0,,
272003,0,dev_new_site,disabled,3,3,114,0.6883040935672516,0.4752262894930325,0.11885248998950965,0.11349994169438071,0.1880891294515108,0,61,0,0,71,33,5.641417871917243,6.627859598231647,6.906245243212717,21,,,,,,
272003,0,dev_new_site,oracle_pair,3,3,114,0.9853801169590642,0.02931042934046507,0.03783331389812691,0.0,0.11349994169438071,2,56,7,2,90,37,0.2093411404184216,0.5586353264991766,0.6047712239392905,0,,,,,,
272003,0,dev_new_site,exact,3,3,114,1.0,0.0,0.039687180523288214,0.005561599875483936,0.11349994169438071,3,56,6,1,86,36,1.2187052405285872e-14,1.888088639366751e-14,3.388636385277026e-14,0,,,,,,
272003,0,dev_unseen_protein,anchor,9,18,684,0.5414230019493177,0.44818172193763417,0.046314292159024883,0.008972483759140809,0.19606975536493115,6,432,0,0,2282,324,3.4394982300425503,5.760914006581449,6.938549997810224,141,1.0,1.0,1.0,0.0,,
272003,0,dev_unseen_protein,control,9,18,684,0.5414230019493177,0.44818172193763417,0.046314292159024883,0.008972483759140809,0.19606975536493115,6,432,0,0,2282,324,3.4394982300425503,5.760914006581449,6.938549997810224,141,1.0,1.0,1.0,0.0,,
272003,0,dev_unseen_protein,disabled,9,18,684,0.5414230019493177,0.44818172193763417,0.046314292159024883,0.008972483759140809,0.19606975536493115,6,432,0,0,2282,324,3.4394982300425503,5.760914006581449,6.938549997810224,141,,,,,,
272003,0,dev_unseen_protein,oracle_pair,9,18,684,0.9889863547758284,0.03760724533157496,0.010269518252728068,0.0046756164899694475,0.033643696180128635,16,434,40,42,2736,298,0.2726235365162344,0.5294259894691009,1.0690112968846228,1,,,,,,
272003,0,dev_unseen_protein,exact,9,18,684,1.0,0.0,0.008365837005721619,0.004229097714844927,0.033643696180128635,18,438,39,45,2747,304,1.4069519180841175e-14,2.7051998686835772e-14,6.776078236089213e-14,0,,,,,,
272003,0,train,anchor,15,27,1026,0.563625730994152,0.4111455323795975,0.24789795560311875,0.03510752275228071,2.189461677116131,8,427,0,0,10360,853,2.0761487916672685,2.9466609370226733,3.2240446048127205,139,1.0,1.0,1.0,0.0,,
272003,0,train,control,15,27,1026,0.563625730994152,0.4111455323795975,0.24789795560311875,0.03510752275228071,2.189461677116131,8,427,0,0,10360,853,2.0761487916672685,2.9466609370226733,3.2240446048127205,139,1.0,1.0,1.0,0.0,,
272003,0,train,disabled,15,27,1026,0.563625730994152,0.4111455323795975,0.24789795560311875,0.03510752275228071,2.189461677116131,8,427,0,0,10360,853,2.0761487916672685,2.9466609370226733,3.2240446048127205,139,,,,,,
272003,0,train,oracle_pair,15,27,1026,0.9864327485380116,0.034445320613674266,0.03284640354218814,0.007594713008960238,0.15268191004846943,25,415,24,12,12776,1050,0.06873532027724442,0.10981164102094687,0.3378675935912993,0,,,,,,
272003,0,train,exact,15,27,1026,1.0,0.0,0.03310826389699117,0.007594713008960238,0.15268191004846943,27,412,31,16,12886,1052,1.731353804675181e-14,3.6396161895915e-14,6.646024138648597e-14,0,,,,,,
272003,32,dev_new_site,anchor,3,3,114,0.6783625730994151,0.4748029777704321,0.11885248998950965,0.11349994169438071,0.1880891294515108,0,62,0,1,74,32,5.6447181676076355,6.628528217729552,6.925415853627085,21,0.9861841240287732,0.9717707787218061,0.9908915660870555,0.01632630814263848,0.06675219823440645,0.41099776460323123
272003,32,dev_new_site,control,3,3,114,0.7005847953216374,0.4749053117788562,0.11885248998950965,0.11349994169438071,0.1880891294515108,0,64,0,3,67,31,5.606244223535984,6.513161397618168,6.80972265249698,21,0.9989041918387168,0.9871716357043366,0.9999801620460174,6.166211007198719e-05,0.011749342022506111,0.9960632202015595
272003,32,dev_new_site,disabled,3,3,114,0.6883040935672516,0.4752262894930325,0.11885248998950965,0.11349994169438071,0.1880891294515108,0,61,0,0,71,33,5.641417871917243,6.627859598231647,6.906245243212717,21,,,,,,
272003,32,dev_new_site,oracle_pair,3,3,114,0.9853801169590642,0.02931042934046507,0.03783331389812691,0.0,0.11349994169438071,2,56,7,2,90,37,0.2093411404184216,0.5586353264991766,0.6047712239392905,0,,,,,,
272003,32,dev_new_site,exact,3,3,114,1.0,0.0,0.039687180523288214,0.005561599875483936,0.11349994169438071,3,56,6,1,86,36,1.2187052405285872e-14,1.888088639366751e-14,3.388636385277026e-14,0,,,,,,
272003,32,dev_unseen_protein,anchor,9,18,684,0.5651072124756334,0.44679554637552044,0.0677877033428812,0.008972483759140809,0.31654878268521974,6,429,6,3,2259,340,3.388222047001282,5.746942557934657,7.00494855900087,150,0.9731498392440567,0.9616113723978533,0.9863052295250083,0.022868380166860006,0.11071484126178498,0.5163596109677703
272003,32,dev_unseen_protein,control,9,18,684,0.5458089668615984,0.4483258381480762,0.046314292159024883,0.008972483759140809,0.19606975536493115,6,434,4,6,2305,342,3.4286127397895885,5.740359496088154,6.935326718186507,138,1.0016411974524873,1.0089187960731563,0.9992911080561728,0.00015160493863886038,0.04233804752709815,0.9906796852407153
272003,32,dev_unseen_protein,disabled,9,18,684,0.5414230019493177,0.44818172193763417,0.046314292159024883,0.008972483759140809,0.19606975536493115,6,432,0,0,2282,324,3.4394982300425503,5.760914006581449,6.938549997810224,141,,,,,,
272003,32,dev_unseen_protein,oracle_pair,9,18,684,0.9889863547758284,0.03760724533157496,0.010269518252728068,0.0046756164899694475,0.033643696180128635,16,434,40,42,2736,298,0.2726235365162344,0.5294259894691009,1.0690112968846228,1,,,,,,
272003,32,dev_unseen_protein,exact,9,18,684,1.0,0.0,0.008365837005721619,0.004229097714844927,0.033643696180128635,18,438,39,45,2747,304,1.4069519180841175e-14,2.7051998686835772e-14,6.776078236089213e-14,0,,,,,,
272003,32,train,anchor,15,27,1026,0.5897076023391812,0.40734146772583696,0.23634287960611094,0.03128931267973489,2.0644466685003575,10,422,5,0,10499,844,2.064561384095841,2.7812195318145867,3.0673168196782274,135,0.9328323094445626,0.9042643166567866,0.9562377583,0.03136014702431391,0.1871114071539867,0.5585555300204793
272003,32,train,control,15,27,1026,0.5696491228070175,0.410024882014666,0.24490959909790025,0.03128931267973489,2.189461677116131,9,426,2,1,10466,856,2.0757970409231508,2.888709146475721,3.1758277140946047,138,0.982031005291168,0.9564721587533921,0.9968035378734192,0.00022125599575304413,0.11242875252034586,0.989315175797189
272003,32,train,disabled,15,27,1026,0.563625730994152,0.4111455323795975,0.24789795560311875,0.03510752275228071,2.189461677116131,8,427,0,0,10360,853,2.0761487916672685,2.9466609370226733,3.2240446048127205,139,,,,,,
272003,32,train,oracle_pair,15,27,1026,0.9864327485380116,0.034445320613674266,0.03284640354218814,0.007594713008960238,0.15268191004846943,25,415,24,12,12776,1050,0.06873532027724442,0.10981164102094687,0.3378675935912993,0,,,,,,
272003,32,train,exact,15,27,1026,1.0,0.0,0.03310826389699117,0.007594713008960238,0.15268191004846943,27,412,31,16,12886,1052,1.731353804675181e-14,3.6396161895915e-14,6.646024138648597e-14,0,,,,,,
272003,128,dev_new_site,anchor,3,3,114,0.6894736842105263,0.4747768571392403,0.11885248998950965,0.11349994169438071,0.1880891294515108,0,62,1,2,73,32,5.646219484728747,6.612781991043991,6.936180703971226,20,0.9842718357819603,0.9635268473460293,0.9906736308791434,0.03770635408407085,0.08137946622421173,0.42623043950572864
272003,128,dev_new_site,control,3,3,114,0.6941520467836257,0.47455249664885657,0.11885248998950965,0.11349994169438071,0.1880891294515108,0,63,0,2,66,32,5.559372690175269,6.3758777473167,6.690683361429994,20,1.0071223634564312,1.0075361816753483,0.9986562737819004,0.0004445806293414863,0.03288721263418132,0.9923149338166445
272003,128,dev_new_site,disabled,3,3,114,0.6883040935672516,0.4752262894930325,0.11885248998950965,0.11349994169438071,0.1880891294515108,0,61,0,0,71,33,5.641417871917243,6.627859598231647,6.906245243212717,21,,,,,,
272003,128,dev_new_site,oracle_pair,3,3,114,0.9853801169590642,0.02931042934046507,0.03783331389812691,0.0,0.11349994169438071,2,56,7,2,90,37,0.2093411404184216,0.5586353264991766,0.6047712239392905,0,,,,,,
272003,128,dev_new_site,exact,3,3,114,1.0,0.0,0.039687180523288214,0.005561599875483936,0.11349994169438071,3,56,6,1,86,36,1.2187052405285872e-14,1.888088639366751e-14,3.388636385277026e-14,0,,,,,,
272003,128,dev_unseen_protein,anchor,9,18,684,0.5727095516569202,0.4454081546958722,0.0677877033428812,0.008972483759140809,0.31654878268521974,6,433,9,10,2331,343,3.3916942717802447,5.761391635008443,7.065972870803246,157,0.9657913933727595,0.9518576306421745,0.9861053177045443,0.05486320333858016,0.13838482673023922,0.5120786583198498
272003,128,dev_unseen_protein,control,9,18,684,0.5526315789473685,0.4483652554562548,0.04493263145665702,0.008972483759140809,0.19606975536493115,6,439,6,13,2317,347,3.4222839284571367,5.746860037092835,6.873617868048918,140,1.024715804302775,1.0779429596715522,0.9959594650630476,0.0009427405129227282,0.08705458206481403,0.9838748492683194
272003,128,dev_unseen_protein,disabled,9,18,684,0.5414230019493177,0.44818172193763417,0.046314292159024883,0.008972483759140809,0.19606975536493115,6,432,0,0,2282,324,3.4394982300425503,5.760914006581449,6.938549997810224,141,,,,,,
272003,128,dev_unseen_protein,oracle_pair,9,18,684,0.9889863547758284,0.03760724533157496,0.010269518252728068,0.0046756164899694475,0.033643696180128635,16,434,40,42,2736,298,0.2726235365162344,0.5294259894691009,1.0690112968846228,1,,,,,,
272003,128,dev_unseen_protein,exact,9,18,684,1.0,0.0,0.008365837005721619,0.004229097714844927,0.033643696180128635,18,438,39,45,2747,304,1.4069519180841175e-14,2.7051998686835772e-14,6.776078236089213e-14,0,,,,,,
272003,128,train,anchor,15,27,1026,0.6374269005847953,0.39701434981398004,0.2375321357622345,0.024915709647524875,2.0644466685003575,12,425,4,2,10688,856,1.929532045853191,2.694945754697616,3.0109183416368333,126,0.8550736329814091,0.8020971372303403,0.9006486366451313,0.08495950653870263,0.28477769466211644,0.543046295465632
272003,128,train,control,15,27,1026,0.5812865497076023,0.4088651519249885,0.24490959909790025,0.03128931267973489,2.189461677116131,10,426,3,2,10214,852,2.0603401592497548,2.7789387731848585,3.0744329463111226,136,0.9771072678888395,0.9685619472718139,0.9859456232965863,0.002033847476258491,0.16948255036213447,0.972935742769778
272003,128,train,disabled,15,27,1026,0.563625730994152,0.4111455323795975,0.24789795560311875,0.03510752275228071,2.189461677116131,8,427,0,0,10360,853,2.0761487916672685,2.9466609370226733,3.2240446048127205,139,,,,,,
272003,128,train,oracle_pair,15,27,1026,0.9864327485380116,0.034445320613674266,0.03284640354218814,0.007594713008960238,0.15268191004846943,25,415,24,12,12776,1050,0.06873532027724442,0.10981164102094687,0.3378675935912993,0,,,,,,
272003,128,train,exact,15,27,1026,1.0,0.0,0.03310826389699117,0.007594713008960238,0.15268191004846943,27,412,31,16,12886,1052,1.731353804675181e-14,3.6396161895915e-14,6.646024138648597e-14,0,,,,,,
