stage,candidates,bitwise_equal_fraction_mean,nonzero_fraction_mean,unchanged_tile_fraction_mean,nonzero_spectra,r90_mean,r95_mean,r99_mean,energy_r2_mean,energy_r8_mean,energy_r16_mean,energy_r32_mean
bond_embedded,57,1.0,0.0,1.0,0,,,,,,,
c1.b1.z,57,2.9713996086573055e-06,0.9999970286003914,0.0,456,1.9495614035087718,2.0350877192982457,3.1491228070175437,0.9830796910227368,0.9973662279555315,0.9990909714924711,0.9997553675491688
c1.b2.z,57,2.8755091994108955e-06,0.9999971244908006,0.0,456,1.962719298245614,2.0723684210526314,3.587719298245614,0.978952407428302,0.996743241571261,0.9988792867362952,0.9997041137067859
c1.b4.z,57,2.535047993857842e-06,0.9999974649520061,0.0,456,2.0460526315789473,2.3684210526315788,5.342105263157895,0.956796436905704,0.9942438401833278,0.9981610032612149,0.9995575496207878
c1.b48.z,57,2.3545821298731112e-07,0.9999997645417872,0.0,456,28.41885964912281,40.86842105263158,67.00877192982456,0.38047492316476283,0.6591972108823398,0.7974575452706731,0.9164333036029345
c1.b8.z,57,2.070271707184003e-06,0.9999979297282927,0.0,456,2.2697368421052633,2.9934210526315788,8.203947368421053,0.9227031892349963,0.9892657294003432,0.9968571452539936,0.9992942304863948
c1.msa_input,57,0.48685126888931834,0.5131487311106816,0.15268033654909935,456,1.5701754385964912,1.736842105263158,1.888157894736842,0.9999999999990719,0.9999999999995298,0.9999999999997384,0.9999999999998985
c1.msa_output,57,3.9541287177553576e-06,0.9999960458712822,0.0,456,1.9364035087719298,2.008771929824561,2.8267543859649122,0.9864632544749391,0.9978982450310938,0.9992562343050586,0.9997955063384611
c4.b1.z,57,6.50108907508439e-07,0.9999993498910925,0.0,456,25.87719298245614,38.88157894736842,66.85087719298245,0.5402145098552643,0.7222214532884029,0.8234558125896736,0.9183619910572633
c4.b2.z,57,5.432552310291067e-07,0.9999994567447691,0.0,456,26.287280701754387,39.416666666666664,67.41008771929825,0.5348777195790094,0.7182114742025074,0.8205833756013365,0.9167489425221091
c4.b4.z,57,4.884054888973651e-07,0.9999995115945112,0.0,456,26.68640350877193,39.96052631578947,67.92543859649123,0.5243315543065585,0.7155286623056739,0.8187052557578794,0.9157121263706665
c4.b48.z,57,4.7448360678653833e-07,0.9999995255163934,0.0,456,31.225877192982455,44.2390350877193,71.0657894736842,0.39943006041210594,0.6341189538288589,0.7708549092554294,0.8975030899815853
c4.b8.z,57,5.434161747781481e-07,0.9999994565838253,0.0,456,26.401315789473685,39.651315789473685,67.6842105263158,0.5233566826569429,0.7184157041898872,0.8214587324232271,0.9174267135132914
c4.msa_input,57,5.911444828791905e-07,0.9999994088555172,0.0,456,29.212719298245613,42.12061403508772,69.20394736842105,0.4686368092591511,0.6733025450303203,0.7929238351199992,0.9052724983290549
c4.msa_output,57,6.124597467684885e-07,0.9999993875402534,0.0,456,25.774122807017545,38.728070175438596,66.64473684210526,0.5405344605095117,0.7228557395576829,0.8239606557497273,0.9187222658373413
final_s,57,0.8387988134282462,0.1612011865717538,,,,,,,,,
final_z,57,4.7448360678653833e-07,0.9999995255163934,0.0,456,31.225877192982455,44.2390350877193,71.0657894736842,0.39943006041210594,0.6341189538288589,0.7708549092554294,0.8975030899815853
main_b1.pair_transition,57,1.910366328093674e-06,0.999998089633672,0.0,456,2.004385964912281,2.111842105263158,4.9605263157894735,0.9738542969659472,0.9945925056643085,0.9979363665510528,0.999409134057446
main_b1.tri_att_end,57,1.390243638900324e-06,0.999998609756361,0.0,456,2.587719298245614,3.43640350877193,8.31359649122807,0.8829770552951994,0.9893924032102515,0.9966625233258009,0.9992119816009501
main_b1.tri_att_start,57,1.3996808143602736e-06,0.9999986003191856,0.0,456,2.0350877192982457,2.6600877192982457,7.2368421052631575,0.9325628284553845,0.991013389774578,0.9966771330564805,0.9991222660811828
main_b1.tri_mul_in.A,57,2.1680248263896245e-06,0.9999978319751738,0.0,456,1.9649122807017543,2.2302631578947367,5.168859649122807,0.970493542866605,0.9942392921569255,0.9976095575327512,0.9992504872797721
main_b1.tri_mul_in.B,57,2.1177244613472265e-06,0.9999978822755387,0.0,456,1.9780701754385965,2.1491228070175437,4.515350877192983,0.9774208745504558,0.9950559233789715,0.997831498176515,0.9992403864450667
main_b1.tri_mul_in.normalized,57,4.630878086758072e-06,0.9999953691219132,0.0,456,1.9364035087719298,2.004385964912281,2.7719298245614037,0.9867687150507658,0.9979663765582577,0.9992848089009914,0.99981521392338
main_b1.tri_mul_in.output,57,7.235899510418809e-07,0.9999992764100489,0.0,456,2.267543859649123,2.807017543859649,7.462719298245614,0.9254087868642596,0.9909991585465798,0.9967168031447385,0.9990497884628229
main_b1.tri_mul_out.A,57,2.67549811437555e-06,0.9999973245018855,0.0,456,1.9276315789473684,2.0416666666666665,3.2521929824561404,0.9817181676223276,0.9971427503133701,0.99896001194878,0.9997066055961945
main_b1.tri_mul_out.B,57,2.175049085562237e-06,0.9999978249509146,0.0,456,1.888157894736842,2.1096491228070176,3.7565789473684212,0.9765947315418375,0.9964806041901304,0.9987072181808279,0.9996211149021456
main_b1.tri_mul_out.normalized,57,4.719194932051254e-06,0.9999952808050678,0.0,456,1.9254385964912282,2.0065789473684212,2.7719298245614037,0.9866975786934286,0.9979652721876856,0.9992857762051568,0.9998150198052824
main_b1.tri_mul_out.output,57,1.1601551539832312e-06,0.999998839844846,0.0,456,1.9846491228070176,2.0328947368421053,3.026315789473684,0.983576322593499,0.9978003467255576,0.9992025712565852,0.9997858269297426
msa_b1.pair_transition,57,7.768956765852057e-06,0.9999922310432341,0.0,456,1.9649122807017543,2.0,2.3596491228070176,0.9931124965272866,0.9988081519018994,0.9994846311224362,0.9998199278414952
msa_b1.tri_att_end,57,2.386286965722702e-06,0.9999976137130343,0.0,456,2.7916666666666665,3.949561403508772,9.346491228070175,0.8746792570476444,0.9865335139216745,0.9964785268968726,0.9992940775953034
msa_b1.tri_att_start,57,3.918396714462487e-06,0.9999960816032856,0.0,456,2.25,2.616228070175439,4.892543859649122,0.9328761480091065,0.9953540076705388,0.9985594903630732,0.9996956784088454
msa_b1.tri_mul_in.A,57,0.00015385282116776148,0.9998461471788322,0.0,456,1.8245614035087718,1.9166666666666667,1.993421052631579,0.9999525152370718,0.9999918346850296,0.9999966552912222,0.9999987701081318
msa_b1.tri_mul_in.B,57,0.00010629651649559509,0.9998937034835044,0.0,456,1.8048245614035088,1.9583333333333333,1.9956140350877194,0.9999618519352351,0.9999947355979505,0.9999980016403764,0.9999993884833114
msa_b1.tri_mul_in.normalized,57,0.00046734945630171537,0.9995326505436982,0.0,456,1.861842105263158,1.9671052631578947,2.0,0.9999789619908723,0.9999972616182148,0.9999989019412481,0.9999996953025769
msa_b1.tri_mul_in.output,57,1.5569458598807348e-06,0.9999984430541402,0.0,456,1.8859649122807018,2.182017543859649,3.456140350877193,0.9725453999480009,0.9977079673477867,0.9991187845400886,0.9997217865278915
msa_b1.tri_mul_out.A,57,0.3067234196186651,0.693276580381335,0.15268033654909935,456,1.6513157894736843,1.8004385964912282,1.9912280701754386,0.9999999999855037,0.9999999999940606,0.9999999999960631,0.999999999998061
msa_b1.tri_mul_out.B,57,0.3031114878996995,0.6968885121003005,0.15268033654909935,456,1.7346491228070176,1.855263157894737,1.9824561403508771,0.9999999999911946,0.9999999999952488,0.9999999999967547,0.9999999999983091
msa_b1.tri_mul_out.normalized,57,0.36780235827976426,0.6321976417202356,0.15268033654909935,456,1.8596491228070176,1.9605263157894737,1.9978070175438596,0.9999999999942376,0.9999999999979272,0.9999999999985381,0.9999999999992116
msa_b1.tri_mul_out.output,57,3.0803443139258927e-06,0.999996919655686,0.0,456,1.787280701754386,2.0021929824561404,2.8201754385964914,0.9858306688894369,0.9979107558959063,0.999136457820997,0.999755650402247
relpos_embedded,57,1.0,0.0,1.0,0,,,,,,,
s_init,57,0.5967337274740094,0.40326627252599057,,,,,,,,,
s_inputs,57,0.9970688087341555,0.00293119126584451,,,,,,,,,
z_init_formula,57,0.47520517595736883,0.5247948240426313,0.15268033654909935,456,1.5701754385964912,1.736842105263158,1.888157894736842,0.999999999999182,0.9999999999996171,0.9999999999997992,0.9999999999999277
z_left,57,0.5249105414995678,0.4750894585004321,,,,,,,,,
z_right,57,0.5161107591419389,0.48388924085806106,,,,,,,,,
