source_slot,seed,paired,group_id,pdb_id,raw_aa,raw_ca,delta_aa,delta_ca,fitted_vs_raw_aa,zero_aa,zero_ca,zero_joint,zero_safety,zero_max_penetration,fitted_aa,fitted_ca,fitted_joint,fitted_safety,fitted_max_penetration
0,12345,True,0072dd8add7a9d9ae2c92c66ffd4af7849b91cc6bd4ee4b24e156e77cb83a832,3ie9,0.7665659279741146,0.8130854936457046,0.004032513393383619,-0.0010502248927229951,-0.007778894841958928,0.7547545197387721,0.8121830644839729,False,True,1.7950344539857208,0.7587870331321557,0.8111328395912499,False,True,1.6020314757174745
0,54321,True,0072dd8add7a9d9ae2c92c66ffd4af7849b91cc6bd4ee4b24e156e77cb83a832,3ie9,0.7630775159311295,0.8093014493511954,-0.0008106386925776921,-0.004867387145330193,-0.009325062547588803,0.7545630920761184,0.8084331935444696,False,True,1.7198701778208334,0.7537524533835407,0.8035658063991394,False,True,1.7548738229536254
1,12345,True,01346c25afe3e7dece8308723752e3816befcc83a75c9126d1d8faf1debe7f11,4a02,0.8642884532855938,0.9342232620630294,0.0018632891184923173,-0.003867615084820919,-0.010394187500589402,0.8520309766665121,0.9316849547619941,False,True,1.5069900147854958,0.8538942657850044,0.9278173396771732,False,True,1.632272026042017
1,54321,True,01346c25afe3e7dece8308723752e3816befcc83a75c9126d1d8faf1debe7f11,4a02,0.8723191067732465,0.9367965083108862,0.006507913868959991,-0.0025566207213603143,-0.009113342357719989,0.8566978505465666,0.9324761245065822,False,True,1.5266662073749437,0.8632057644155265,0.9299195037852219,False,True,1.5170219059530994
2,12345,True,01bd6cfdb3f2d3019c1e7489787d722d4b8e9e703a25f4899f8d7228c0f4c6da,5gu9,0.8534952327545684,0.9427097477555219,0.001516128283949314,-0.0018038909040434259,-0.01568835744489372,0.8362907470257254,0.9436102556423341,False,True,1.0310826651212301,0.8378068753096747,0.9418063647382907,False,True,1.0381840416375372
2,54321,True,01bd6cfdb3f2d3019c1e7489787d722d4b8e9e703a25f4899f8d7228c0f4c6da,5gu9,0.8556982766495385,0.9410416744171973,0.0036208889625627405,-0.004813132223991601,-0.016221474789549273,0.8358559128974264,0.9452482931832761,False,True,1.5307327493565495,0.8394768018599892,0.9404351609592845,False,True,1.5049754490567064
3,12345,True,022901870b670cb8a8f68c4588c6da43aa3fa2cc58a81137cc5afd8a7aa061f8,2fc3,0.8866656666584768,0.9690132012708464,0.0001008349787929852,-0.001505581046732818,-0.01104083530583666,0.8755239963738471,0.9700522633909386,False,True,1.1318506762415508,0.8756248313526401,0.9685466823442058,False,True,1.1011561899133884
3,54321,True,022901870b670cb8a8f68c4588c6da43aa3fa2cc58a81137cc5afd8a7aa061f8,2fc3,0.8873728641998598,0.9727876884533818,-0.0002838693537160486,-0.0018327495242645986,-0.010657664904270447,0.8769990686493054,0.9734464749696069,False,True,1.1461467642867111,0.8767151992955894,0.9716137254453423,False,True,0.9464787586084484
4,12345,True,02713dc891a01ad3eb8e81a43a282cbb37d7e12a617c86bff3d91bbd9204dfe8,4b9p,0.773453691233921,0.8500183201280331,-0.0015342051856040984,-0.0014816915719262358,-0.009381920826983636,0.7656059755925415,0.8493125013315578,False,True,1.4778384742098452,0.7640717704069374,0.8478308097596315,False,True,1.5386248006091268
4,54321,True,02713dc891a01ad3eb8e81a43a282cbb37d7e12a617c86bff3d91bbd9204dfe8,4b9p,0.7814038407644858,0.854943076968462,0.00037441703207286015,-0.0016330483657149841,-0.009170623963914881,0.771858799768498,0.8576059961326535,False,True,1.5289712858082696,0.7722332168005709,0.8559729477669386,False,True,1.5475635317313976
5,12345,False,,,,,,,,,,,,,,,,,
5,54321,False,,,,,,,,,,,,,,,,,
6,12345,True,06ae9c160e97843eff74a485534ecc35e7e28ab988afb09701cb838d2f9c891c,3d8l,0.7141611609006381,0.8042104217189863,0.005829680763061895,0.004924013695641216,-0.009354543376791535,0.6989769367607847,0.8031446853607458,False,True,1.5196241259708232,0.7048066175238465,0.808068699056387,False,True,1.5393568529125068
6,54321,True,06ae9c160e97843eff74a485534ecc35e7e28ab988afb09701cb838d2f9c891c,3d8l,0.7240455971809914,0.8157175283193749,0.004846707898312985,0.000755375319706264,-0.007793940314987147,0.7114049489676912,0.8230783897880453,False,True,1.5565499175858488,0.7162516568660042,0.8238337651077515,False,True,1.5406660963748635
7,12345,True,099569e958ae139a87cc08f1ba8a3f537f540fb6684feb2fefacb373339e330e,1j7b,0.9040740815370036,0.9783771569319836,0.002303171685431482,-0.0031133393495902384,-0.008255537509577193,0.893515372341995,0.9784682567242461,False,True,1.4931711669673695,0.8958185440274264,0.9753549173746558,False,True,1.4546351633316088
7,54321,True,099569e958ae139a87cc08f1ba8a3f537f540fb6684feb2fefacb373339e330e,1j7b,0.9055784504563525,0.9797601497004127,0.0024777467978100987,-0.0028671384576526293,-0.009409795385981856,0.8936909082725606,0.9795304992995141,False,True,1.344576607150683,0.8961686550703707,0.9766633608418614,False,True,1.492001179399381
