seed,step,role,parent,outputs,early_pass,late_pass,late_pass_to_early_fail,late_fail_to_early_pass,severe_pair_delta,wrong_centre_delta
272001,0,dev_new_site,3,38,24,24,0,0,0,0
272001,0,dev_new_site,4,38,18,18,0,0,0,0
272001,0,dev_new_site,5,38,19,19,0,0,0,0
272001,0,dev_unseen_protein,0,76,74,74,0,0,0,0
272001,0,dev_unseen_protein,1,76,46,46,0,0,0,0
272001,0,dev_unseen_protein,2,76,26,26,0,0,0,0
272001,0,dev_unseen_protein,6,76,75,75,0,0,0,0
272001,0,dev_unseen_protein,8,76,75,75,0,0,0,0
272001,0,dev_unseen_protein,9,76,50,50,0,0,0,0
272001,0,dev_unseen_protein,10,76,0,0,0,0,0,0
272001,0,dev_unseen_protein,16,76,11,11,0,0,0,0
272001,0,dev_unseen_protein,17,76,75,75,0,0,0,0
272001,0,train,3,38,19,19,0,0,0,0
272001,0,train,4,38,12,12,0,0,0,0
272001,0,train,5,38,25,25,0,0,0,0
272001,0,train,7,76,75,75,0,0,0,0
272001,0,train,11,76,0,0,0,0,0,0
272001,0,train,12,76,76,76,0,0,0,0
272001,0,train,13,76,0,0,0,0,0,0
272001,0,train,14,76,51,51,0,0,0,0
272001,0,train,15,76,0,0,0,0,0,0
272001,0,train,18,76,76,76,0,0,0,0
272001,0,train,19,76,0,0,0,0,0,0
272001,0,train,20,76,17,17,0,0,0,0
272001,0,train,21,76,0,0,0,0,0,0
272001,0,train,22,76,0,0,0,0,0,0
272001,0,train,23,76,76,76,0,0,0,0
272001,32,dev_new_site,3,38,24,24,0,0,-1,0
272001,32,dev_new_site,4,38,19,19,0,0,-3,0
272001,32,dev_new_site,5,38,19,19,1,1,4,0
272001,32,dev_unseen_protein,0,76,74,73,0,1,-1,0
272001,32,dev_unseen_protein,1,76,46,46,0,0,0,0
272001,32,dev_unseen_protein,2,76,12,22,13,3,97,7
272001,32,dev_unseen_protein,6,76,75,75,0,0,0,0
272001,32,dev_unseen_protein,8,76,75,75,0,0,0,0
272001,32,dev_unseen_protein,9,76,53,51,0,2,-3,-1
272001,32,dev_unseen_protein,10,76,0,0,0,0,13,-7
272001,32,dev_unseen_protein,16,76,9,12,5,2,86,9
272001,32,dev_unseen_protein,17,76,74,75,1,0,1,0
272001,32,train,3,38,19,18,0,1,24,1
272001,32,train,4,38,11,11,0,0,0,0
272001,32,train,5,38,25,25,0,0,0,0
272001,32,train,7,76,75,75,1,1,-1,0
272001,32,train,11,76,0,0,0,0,46,-2
272001,32,train,12,76,76,76,0,0,0,0
272001,32,train,13,76,0,0,0,0,6,-2
272001,32,train,14,76,49,49,1,1,0,0
272001,32,train,15,76,0,0,0,0,19,-2
272001,32,train,18,76,75,76,1,0,3,0
272001,32,train,19,76,0,0,0,0,1287,37
272001,32,train,20,76,18,17,0,1,-6,1
272001,32,train,21,76,0,0,0,0,0,0
272001,32,train,22,76,0,0,0,0,94,15
272001,32,train,23,76,75,75,0,0,0,0
272001,128,dev_new_site,3,38,24,25,1,0,1,0
272001,128,dev_new_site,4,38,19,19,0,0,-3,0
272001,128,dev_new_site,5,38,19,18,0,1,-12,0
272001,128,dev_unseen_protein,0,76,74,73,0,1,-1,0
272001,128,dev_unseen_protein,1,76,50,46,0,4,0,-4
272001,128,dev_unseen_protein,2,76,14,22,12,4,46,6
272001,128,dev_unseen_protein,6,76,75,75,0,0,0,0
272001,128,dev_unseen_protein,8,76,75,75,0,0,0,0
272001,128,dev_unseen_protein,9,76,51,54,3,0,3,-1
272001,128,dev_unseen_protein,10,76,0,0,0,0,-61,-10
272001,128,dev_unseen_protein,16,76,8,13,8,3,-6,-3
272001,128,dev_unseen_protein,17,76,73,75,3,1,2,0
272001,128,train,3,38,18,18,1,1,10,-1
272001,128,train,4,38,11,11,0,0,0,0
272001,128,train,5,38,24,25,1,0,-6,0
272001,128,train,7,76,75,75,1,1,-1,0
272001,128,train,11,76,0,0,0,0,75,6
272001,128,train,12,76,76,75,0,1,-1,0
272001,128,train,13,76,0,0,0,0,5,4
272001,128,train,14,76,52,51,1,2,-2,1
272001,128,train,15,76,0,0,0,0,-67,-1
272001,128,train,18,76,68,76,8,0,39,0
272001,128,train,19,76,0,0,0,0,2371,305
272001,128,train,20,76,16,17,1,0,-5,-7
272001,128,train,21,76,0,0,0,0,29,2
272001,128,train,22,76,0,0,0,0,-173,-27
272001,128,train,23,76,74,76,2,0,1,1
272003,0,dev_new_site,3,38,24,24,0,0,0,0
272003,0,dev_new_site,4,38,18,18,0,0,0,0
272003,0,dev_new_site,5,38,19,19,0,0,0,0
272003,0,dev_unseen_protein,0,76,74,74,0,0,0,0
272003,0,dev_unseen_protein,1,76,46,46,0,0,0,0
272003,0,dev_unseen_protein,2,76,26,26,0,0,0,0
272003,0,dev_unseen_protein,6,76,75,75,0,0,0,0
272003,0,dev_unseen_protein,8,76,75,75,0,0,0,0
272003,0,dev_unseen_protein,9,76,50,50,0,0,0,0
272003,0,dev_unseen_protein,10,76,0,0,0,0,0,0
272003,0,dev_unseen_protein,16,76,11,11,0,0,0,0
272003,0,dev_unseen_protein,17,76,75,75,0,0,0,0
272003,0,train,3,38,19,19,0,0,0,0
272003,0,train,4,38,12,12,0,0,0,0
272003,0,train,5,38,25,25,0,0,0,0
272003,0,train,7,76,75,75,0,0,0,0
272003,0,train,11,76,0,0,0,0,0,0
272003,0,train,12,76,76,76,0,0,0,0
272003,0,train,13,76,0,0,0,0,0,0
272003,0,train,14,76,51,51,0,0,0,0
272003,0,train,15,76,0,0,0,0,0,0
272003,0,train,18,76,76,76,0,0,0,0
272003,0,train,19,76,0,0,0,0,0,0
272003,0,train,20,76,17,17,0,0,0,0
272003,0,train,21,76,0,0,0,0,0,0
272003,0,train,22,76,0,0,0,0,0,0
272003,0,train,23,76,76,76,0,0,0,0
272003,32,dev_new_site,3,38,24,24,0,0,-1,0
272003,32,dev_new_site,4,38,19,19,0,0,-3,0
272003,32,dev_new_site,5,38,19,19,1,1,4,0
272003,32,dev_unseen_protein,0,76,74,73,0,1,-1,0
272003,32,dev_unseen_protein,1,76,46,46,0,0,0,0
272003,32,dev_unseen_protein,2,76,14,22,11,3,98,8
272003,32,dev_unseen_protein,6,76,75,75,0,0,0,0
272003,32,dev_unseen_protein,8,76,75,75,0,0,0,0
272003,32,dev_unseen_protein,9,76,53,51,0,2,-3,-1
272003,32,dev_unseen_protein,10,76,0,0,0,0,13,-5
272003,32,dev_unseen_protein,16,76,8,12,5,1,83,10
272003,32,dev_unseen_protein,17,76,74,75,1,0,1,0
272003,32,train,3,38,19,18,0,1,21,1
272003,32,train,4,38,11,11,0,0,0,0
272003,32,train,5,38,25,25,0,0,0,0
272003,32,train,7,76,75,75,1,1,-1,0
272003,32,train,11,76,0,0,0,0,49,-2
272003,32,train,12,76,76,76,0,0,0,0
272003,32,train,13,76,0,0,0,0,4,-2
272003,32,train,14,76,49,49,1,1,0,0
272003,32,train,15,76,0,0,0,0,20,-1
272003,32,train,18,76,75,76,1,0,3,0
272003,32,train,19,76,0,0,0,0,1289,37
272003,32,train,20,76,18,17,0,1,-4,1
272003,32,train,21,76,0,0,0,0,0,0
272003,32,train,22,76,0,0,0,0,107,16
272003,32,train,23,76,75,75,0,0,0,0
272003,128,dev_new_site,3,38,24,25,1,0,1,0
272003,128,dev_new_site,4,38,19,19,0,0,-3,0
272003,128,dev_new_site,5,38,19,18,0,1,-11,0
272003,128,dev_unseen_protein,0,76,74,73,0,1,-1,0
272003,128,dev_unseen_protein,1,76,50,46,0,4,0,-4
272003,128,dev_unseen_protein,2,76,13,22,12,3,47,6
272003,128,dev_unseen_protein,6,76,75,75,0,0,0,0
272003,128,dev_unseen_protein,8,76,75,75,0,0,0,0
272003,128,dev_unseen_protein,9,76,51,54,3,0,3,-1
272003,128,dev_unseen_protein,10,76,0,0,0,0,-65,-10
272003,128,dev_unseen_protein,16,76,9,13,7,3,-8,-4
272003,128,dev_unseen_protein,17,76,73,75,3,1,2,0
272003,128,train,3,38,18,19,1,0,11,-1
272003,128,train,4,38,11,11,0,0,0,0
272003,128,train,5,38,24,25,1,0,-6,0
272003,128,train,7,76,75,75,1,1,-1,0
272003,128,train,11,76,0,0,0,0,79,6
272003,128,train,12,76,76,75,0,1,-1,0
272003,128,train,13,76,0,0,0,0,5,4
272003,128,train,14,76,52,51,1,2,-2,1
272003,128,train,15,76,0,0,0,0,-68,-1
272003,128,train,18,76,68,76,8,0,33,0
272003,128,train,19,76,0,0,0,0,1995,319
272003,128,train,20,76,16,17,1,0,-5,-7
272003,128,train,21,76,0,0,0,0,29,3
272003,128,train,22,76,0,0,0,0,-165,-29
272003,128,train,23,76,74,76,2,0,1,1
