parent_index,position,source_aa,role,student_old_choice,teacher_old_choice,teacher_new_choice,new_teacher_score_at_student_choice,new_teacher_score_at_teacher_old_choice,regret_to_new_best,teacher_old_regret_to_new_best,extra_regret_vs_teacher_old_choice
0,49,A,confirmation_candidate,I,I,I,-1.809710138286869,-1.809710138286869,0.0,0.0,0.0
0,53,D,confirmation_candidate,E,E,P,-1.0535801067517454,-1.0535801067517454,0.11536828833585488,0.11536828833585488,0.0
0,45,L,confirmation_candidate,W,W,P,-0.6316256589506537,-0.6316256589506537,0.6508800303527789,0.6508800303527789,0.0
0,79,T,confirmation_candidate,P,P,P,-2.7387100415326744,-2.7387100415326744,0.0,0.0,0.0
1,42,A,confirmation_candidate,R,R,G,0.00369211230595598,0.00369211230595598,0.012398269401521597,0.012398269401521597,0.0
1,35,D,confirmation_candidate,K,K,K,-0.007993065912328998,-0.007993065912328998,0.0,0.0,0.0
1,12,L,confirmation_candidate,Q,Q,Q,-0.016436767560601598,-0.016436767560601598,0.0,0.0,0.0
1,38,T,confirmation_candidate,C,C,C,-0.00830130320964062,-0.00830130320964062,0.0,0.0,0.0
2,75,A,confirmation_candidate,F,F,G,-0.05091443340361046,-0.05091443340361046,0.018064283787168733,0.018064283787168733,0.0
2,29,D,confirmation_candidate,K,K,C,-0.09953858197379617,-0.09953858197379617,0.051368955902471924,0.051368955902471924,0.0
2,23,L,confirmation_candidate,F,F,C,-0.1285120172836045,-0.1285120172836045,0.048278952661775065,0.048278952661775065,0.0
2,45,T,confirmation_candidate,P,P,P,-0.12996325388938246,-0.12996325388938246,0.0,0.0,0.0
3,54,A,train,I,I,I,-0.011968924170953639,-0.011968924170953639,0.0,0.0,0.0
3,4,D,train,V,V,S,-0.030357513865476526,-0.030357513865476526,0.003954172196630232,0.003954172196630232,0.0
3,69,L,train,C,C,W,-0.0006431844396960762,-0.0006431844396960762,0.001281542935194016,0.001281542935194016,0.0
3,100,T,train,Q,Q,C,-0.0050613514450066205,-0.0050613514450066205,0.0015633231581790724,0.0015633231581790724,0.0
4,30,A,train,H,H,H,-0.13762542422628593,-0.13762542422628593,0.0,0.0,0.0
4,40,D,train,C,C,C,-0.12709140932668006,-0.12709140932668006,0.0,0.0,0.0
4,12,L,train,P,P,P,-0.02230802347369243,-0.02230802347369243,0.0,0.0,0.0
4,61,T,train,H,H,H,-0.0036362817026044936,-0.0036362817026044936,0.0,0.0,0.0
5,92,A,train,P,P,P,-0.14204471101550453,-0.14204471101550453,0.0,0.0,0.0
5,68,D,train,M,M,R,-0.13989409057958113,-0.13989409057958113,0.11380099073605798,0.11380099073605798,0.0
5,97,L,train,S,S,S,-0.2069541479567345,-0.2069541479567345,0.0,0.0,0.0
5,44,T,train,G,G,G,-0.10626952469597128,-0.10626952469597128,0.0,0.0,0.0
6,36,A,train,H,H,D,0.2998488204385333,0.2998488204385333,1.0138052214735336,1.0138052214735336,0.0
6,88,D,train,H,H,R,-0.017768262309630134,-0.017768262309630134,0.7153957274468091,0.7153957274468091,0.0
6,40,L,train,G,G,G,-0.734671403812472,-0.734671403812472,0.0,0.0,0.0
6,6,T,train,G,G,N,-0.061815180260804514,-0.061815180260804514,0.6779181003438979,0.6779181003438979,0.0
7,56,A,train,P,P,P,-0.22455202164427812,-0.22455202164427812,0.0,0.0,0.0
7,74,D,train,G,G,G,-0.08188216537020465,-0.08188216537020465,0.0,0.0,0.0
7,39,L,train,Y,Y,Y,-0.22538951068956825,-0.22538951068956825,0.0,0.0,0.0
7,3,T,train,N,N,N,-0.07232142834127431,-0.07232142834127431,0.0,0.0,0.0
8,48,A,train,C,C,C,-8.078359865335948,-8.078359865335948,0.0,0.0,0.0
8,42,D,train,C,C,C,-5.132904700139837,-5.132904700139837,0.0,0.0,0.0
8,60,L,train,V,V,V,0.9697885918199849,0.9697885918199849,0.0,0.0,0.0
8,74,T,train,I,I,L,-12.650688208736064,-12.650688208736064,0.36920141317741084,0.36920141317741084,0.0
9,61,A,train,F,F,F,-0.01134419922665425,-0.01134419922665425,0.0,0.0,0.0
9,1,D,train,Y,Y,Y,-0.02456467744367935,-0.02456467744367935,0.0,0.0,0.0
9,78,L,train,D,D,D,-0.00474014959039501,-0.00474014959039501,0.0,0.0,0.0
9,4,T,train,Y,Y,H,-0.017290950369328845,-0.017290950369328845,0.0012842610318489767,0.0012842610318489767,0.0
10,79,A,train,W,W,D,0.007321469810056991,0.007321469810056991,0.009818285878593236,0.009818285878593236,0.0
10,70,D,train,E,E,G,0.0003213385027258653,0.0003213385027258653,0.012989973451363657,0.012989973451363657,0.0
10,55,L,train,N,N,H,-0.007078493410879405,-0.007078493410879405,0.022369621230951986,0.022369621230951986,0.0
10,98,T,train,G,G,A,-0.009971170036843224,-0.009971170036843224,0.011709487377873029,0.011709487377873029,0.0
11,64,A,train,S,S,C,0.0006664893005852157,0.0006664893005852157,0.008144024558728924,0.008144024558728924,0.0
11,19,D,train,P,P,P,-0.021195914439070374,-0.021195914439070374,0.0,0.0,0.0
11,3,L,train,V,V,C,-0.02341054072122345,-0.02341054072122345,2.2595466838970513e-05,2.2595466838970513e-05,0.0
11,2,T,train,F,F,H,-0.0022665353386808196,-0.0022665353386808196,0.007141822303271372,0.007141822303271372,0.0
12,4,A,train,D,D,D,-0.03716943076958201,-0.03716943076958201,0.0,0.0,0.0
12,73,D,train,Y,Y,Y,-0.0643087089160958,-0.0643087089160958,0.0,0.0,0.0
12,32,L,train,D,D,D,-0.053636269961824246,-0.053636269961824246,0.0,0.0,0.0
12,64,T,train,E,E,E,-0.037062357151654735,-0.037062357151654735,0.0,0.0,0.0
13,2,A,confirmation_candidate,M,M,M,-0.03253495453704712,-0.03253495453704712,0.0,0.0,0.0
13,135,D,confirmation_candidate,N,N,N,-0.03330689039519806,-0.03330689039519806,0.0,0.0,0.0
13,142,L,confirmation_candidate,F,F,F,-0.012656002533474514,-0.012656002533474514,0.0,0.0,0.0
13,19,T,confirmation_candidate,D,D,D,-0.10338990473191889,-0.10338990473191889,0.0,0.0,0.0
14,21,A,confirmation_candidate,N,N,K,-0.47717285217736194,-0.47717285217736194,0.20464853052327348,0.20464853052327348,0.0
14,105,D,confirmation_candidate,N,N,P,-0.13834042148144432,-0.13834042148144432,0.14432191393764482,0.14432191393764482,0.0
14,22,L,confirmation_candidate,N,N,N,-0.2337818378855343,-0.2337818378855343,0.0,0.0,0.0
14,29,T,confirmation_candidate,D,D,D,-0.46514824386571885,-0.46514824386571885,0.0,0.0,0.0
15,59,A,confirmation_candidate,F,F,F,-0.16172150668350063,-0.16172150668350063,0.0,0.0,0.0
15,124,D,confirmation_candidate,E,E,I,-0.03947463041916757,-0.03947463041916757,0.027532703023568167,0.027532703023568167,0.0
15,111,L,confirmation_candidate,N,N,N,-0.08914868762667341,-0.08914868762667341,0.0,0.0,0.0
15,0,T,confirmation_candidate,W,W,W,-0.05829167000506616,-0.05829167000506616,0.0,0.0,0.0
16,16,A,train,P,P,P,-0.5144970467742809,-0.5144970467742809,0.0,0.0,0.0
16,35,D,train,W,W,W,-0.13358444346277965,-0.13358444346277965,0.0,0.0,0.0
16,24,L,train,D,D,F,0.06834805182540826,0.06834805182540826,0.08093633230679809,0.08093633230679809,0.0
16,105,T,train,V,V,V,-0.2568472331398517,-0.2568472331398517,0.0,0.0,0.0
17,0,A,train,W,W,W,-0.06525521182654748,-0.06525521182654748,0.0,0.0,0.0
17,113,D,train,T,T,T,-0.09172561975062332,-0.09172561975062332,0.0,0.0,0.0
17,111,L,train,F,F,F,0.17212741575913904,0.17212741575913904,0.0,0.0,0.0
17,44,T,train,S,S,S,-0.20062114253274688,-0.20062114253274688,0.0,0.0,0.0
18,61,A,train,C,C,C,-0.01324610698237036,-0.01324610698237036,0.0,0.0,0.0
18,18,D,train,W,W,W,0.0006292220433890827,0.0006292220433890827,0.0,0.0,0.0
18,143,L,train,P,P,P,-0.03960631606606008,-0.03960631606606008,0.0,0.0,0.0
18,5,T,train,C,C,F,-0.021367604925451783,-0.021367604925451783,0.0030237361845606436,0.0030237361845606436,0.0
19,37,A,train,P,P,P,-0.031203975081067786,-0.031203975081067786,0.0,0.0,0.0
19,110,D,train,Q,Q,Q,-0.047808387963369586,-0.047808387963369586,0.0,0.0,0.0
19,75,L,train,F,F,T,-0.007049809559886017,-0.007049809559886017,0.002376829531352237,0.002376829531352237,0.0
19,50,T,train,G,G,K,0.0021634863525202552,0.0021634863525202552,0.00022401688911902196,0.00022401688911902196,0.0
20,65,A,train,S,S,M,-0.0015459414400493948,-0.0015459414400493948,0.0002964225511601637,0.0002964225511601637,0.0
20,11,D,train,W,W,K,-0.0004947620622176435,-0.0004947620622176435,0.001030841550109074,0.001030841550109074,0.0
20,34,L,train,W,W,W,-0.00996785035622342,-0.00996785035622342,0.0,0.0,0.0
20,47,T,train,D,D,H,-0.0012549674238436226,-0.0012549674238436226,0.0002475189859234145,0.0002475189859234145,0.0
21,8,A,train,F,F,F,-0.14211615137825778,-0.14211615137825778,0.0,0.0,0.0
21,24,D,train,T,T,T,0.0023602308209641487,0.0023602308209641487,0.0,0.0,0.0
21,18,L,train,K,K,K,-0.10238420463932835,-0.10238420463932835,0.0,0.0,0.0
21,5,T,train,Q,Q,E,-0.02282204582124081,-0.02282204582124081,0.007661396192755576,0.007661396192755576,0.0
22,140,A,train,Y,Y,C,-0.00739984999910942,-0.00739984999910942,0.0023925207204253396,0.0023925207204253396,0.0
22,119,D,train,C,C,C,-0.00503763297632126,-0.00503763297632126,0.0,0.0,0.0
22,77,L,train,M,M,M,-0.0006510705526188709,-0.0006510705526188709,0.0,0.0,0.0
22,5,T,train,L,L,L,-0.029754398615113337,-0.029754398615113337,0.0,0.0,0.0
23,2,A,train,G,G,G,-0.18923668094611176,-0.18923668094611176,0.0,0.0,0.0
23,137,D,train,W,W,W,-0.03183253268173247,-0.03183253268173247,0.0,0.0,0.0
23,69,L,train,M,M,M,-0.028247702449985923,-0.028247702449985923,0.0,0.0,0.0
23,120,T,train,M,M,M,-0.045435609132353394,-0.045435609132353394,0.0,0.0,0.0
24,85,A,train,P,P,V,-2.2343677511091418,-2.2343677511091418,0.2312789945991156,0.2312789945991156,0.0
24,78,D,train,Q,Q,M,-0.08966371946009843,-0.08966371946009843,0.1479298180465225,0.1479298180465225,0.0
24,75,L,train,R,R,R,-0.7263051066692903,-0.7263051066692903,0.0,0.0,0.0
24,30,T,train,P,P,P,-0.5199388230956199,-0.5199388230956199,0.0,0.0,0.0
25,61,A,train,R,R,R,-0.1735553784802687,-0.1735553784802687,0.0,0.0,0.0
25,51,D,train,W,W,W,-0.10223056995956947,-0.10223056995956947,0.0,0.0,0.0
25,63,L,train,S,S,S,-0.24407208882206521,-0.24407208882206521,0.0,0.0,0.0
25,97,T,train,N,N,M,-0.10692487950180651,-0.10692487950180651,0.022339404816190678,0.022339404816190678,0.0
26,6,A,train,W,W,W,-0.025609451815839318,-0.025609451815839318,0.0,0.0,0.0
26,143,D,train,K,K,Q,-0.011608590442196698,-0.011608590442196698,0.0024550574265312652,0.0024550574265312652,0.0
26,14,L,train,A,A,Q,-0.050684296018294106,-0.050684296018294106,0.004702170674724587,0.004702170674724587,0.0
26,23,T,train,W,W,W,-0.05024654621773253,-0.05024654621773253,0.0,0.0,0.0
27,68,A,confirmation_candidate,S,S,S,-0.010835406969043657,-0.010835406969043657,0.0,0.0,0.0
27,149,D,confirmation_candidate,N,N,H,-0.00559308385221885,-0.00559308385221885,7.152547095126693e-05,7.152547095126693e-05,0.0
27,87,L,confirmation_candidate,H,H,W,-0.0016203896171223808,-0.0016203896171223808,0.0018091187871724507,0.0018091187871724507,0.0
27,47,T,confirmation_candidate,V,V,V,-0.01369213342356787,-0.01369213342356787,0.0,0.0,0.0
28,25,A,confirmation_candidate,H,H,H,-1.005599733776081,-1.005599733776081,0.0,0.0,0.0
28,120,D,confirmation_candidate,Y,Y,A,-0.6344947091182718,-0.6344947091182718,0.19206002974082947,0.19206002974082947,0.0
28,10,L,confirmation_candidate,C,C,C,-1.3563054500049523,-1.3563054500049523,0.0,0.0,0.0
28,3,T,confirmation_candidate,F,F,F,-0.8131076452001849,-0.8131076452001849,0.0,0.0,0.0
29,44,A,train,V,V,V,0.03851216259963042,0.03851216259963042,0.0,0.0,0.0
29,90,D,train,C,C,C,-0.06941733796925137,-0.06941733796925137,0.0,0.0,0.0
29,49,L,train,A,A,A,-0.226705245294277,-0.226705245294277,0.0,0.0,0.0
29,74,T,train,W,W,W,-0.10226579628863391,-0.10226579628863391,0.0,0.0,0.0
30,122,A,train,Y,Y,Y,-0.06980583689609304,-0.06980583689609304,0.0,0.0,0.0
30,44,D,train,Y,Y,K,-0.0412966105973811,-0.0412966105973811,0.003920189479264424,0.003920189479264424,0.0
30,17,L,train,P,P,P,-0.006699436427856087,-0.006699436427856087,0.0,0.0,0.0
30,146,T,train,R,R,R,-0.05985499983112513,-0.05985499983112513,0.0,0.0,0.0
31,39,A,train,I,I,D,0.00023050031519744607,0.00023050031519744607,9.676815801980265e-05,9.676815801980265e-05,0.0
31,137,D,train,K,K,R,-0.0043177862200584755,-0.0043177862200584755,0.0015008936899935238,0.0015008936899935238,0.0
31,149,L,train,R,R,R,-0.014457595285949247,-0.014457595285949247,0.0,0.0,0.0
31,62,T,train,E,E,E,-0.0019106152312577673,-0.0019106152312577673,0.0,0.0,0.0
32,114,A,train,H,H,G,-0.0005410673177467448,-0.0005410673177467448,0.002692608105670166,0.002692608105670166,0.0
32,39,D,train,K,K,K,-0.009991909771548516,-0.009991909771548516,0.0,0.0,0.0
32,29,L,train,F,F,Y,-0.01585360285167634,-0.01585360285167634,0.0008350268738733339,0.0008350268738733339,0.0
32,88,T,train,R,R,R,-0.0051256017064765305,-0.0051256017064765305,0.0,0.0,0.0
33,154,A,train,P,P,Q,0.47489222492369976,0.47489222492369976,1.2405702745388352,1.2405702745388352,0.0
33,104,D,train,F,F,G,-0.09146993815770621,-0.09146993815770621,0.22195950545745813,0.22195950545745813,0.0
33,30,L,train,P,P,E,-1.1611927576991032,-1.1611927576991032,0.19469906288340688,0.19469906288340688,0.0
33,108,T,train,L,L,P,0.30623796297396577,0.30623796297396577,0.32604859000512487,0.32604859000512487,0.0
34,94,A,train,F,F,F,-0.010188236728018461,-0.010188236728018461,0.0,0.0,0.0
34,75,D,train,E,E,E,0.0009435052377755604,0.0009435052377755604,0.0,0.0,0.0
34,189,L,train,W,W,W,-0.0003011121184354343,-0.0003011121184354343,0.0,0.0,0.0
34,122,T,train,P,P,P,-0.0019221507133932864,-0.0019221507133932864,0.0,0.0,0.0
35,75,A,train,Y,Y,V,-0.012697323444417319,-0.012697323444417319,0.008575544806521007,0.008575544806521007,0.0
35,70,D,train,Y,Y,Y,-0.055508901206180905,-0.055508901206180905,0.0,0.0,0.0
35,76,L,train,R,R,C,-0.0397586993357128,-0.0397586993357128,0.017788534937775824,0.017788534937775824,0.0
35,6,T,train,M,M,K,0.04071466694167036,0.04071466694167036,0.027602629931505807,0.027602629931505807,0.0
36,56,A,train,S,S,S,-0.6090978230334028,-0.6090978230334028,0.0,0.0,0.0
36,26,D,train,P,P,P,-0.12418978772562034,-0.12418978772562034,0.0,0.0,0.0
36,45,L,train,A,A,A,-0.16643854309728745,-0.16643854309728745,0.0,0.0,0.0
36,116,T,train,G,G,G,-0.1126299307197785,-0.1126299307197785,0.0,0.0,0.0
37,25,A,train,W,W,W,-0.020717229284668723,-0.020717229284668723,0.0,0.0,0.0
37,83,D,train,G,G,Q,-0.008404858555115371,-0.008404858555115371,0.0009125091059615231,0.0009125091059615231,0.0
37,12,L,train,K,K,K,0.000586665769956779,0.000586665769956779,0.0,0.0,0.0
37,1,T,train,I,I,Y,-0.04893443161109391,-0.04893443161109391,0.0008546622598593553,0.0008546622598593553,0.0
38,142,A,train,M,M,M,-0.00990944752816985,-0.00990944752816985,0.0,0.0,0.0
38,48,D,train,H,H,V,0.001555745344339117,0.001555745344339117,0.005373705009306277,0.005373705009306277,0.0
38,148,L,train,T,T,W,0.00038754967328985535,0.00038754967328985535,0.0011010276080573589,0.0011010276080573589,0.0
38,116,T,train,W,W,D,-0.004946385558494901,-0.004946385558494901,0.0015251092790847035,0.0015251092790847035,0.0
39,101,A,train,P,P,C,-0.006543149290220221,-0.006543149290220221,0.005445905118075273,0.005445905118075273,0.0
39,95,D,train,N,N,E,-0.004536196462132852,-0.004536196462132852,0.003380502286589593,0.003380502286589593,0.0
39,51,L,train,W,W,W,-0.04912780913368664,-0.04912780913368664,0.0,0.0,0.0
39,78,T,train,Y,Y,H,-0.046222626907656786,-0.046222626907656786,0.0012173025264887172,0.0012173025264887172,0.0
