parent_index,pdb_id,position,source_aa,cycles,role,affine_slope,centered_scale_ratio,exact_task_range,low_task_range,normalized_regret,spearman,student_choice,task_bias,task_mae,task_rmse,teacher_best_in_top3,teacher_best_in_top5,teacher_choice,top1_match,top1_regret,top3_recall,top5_recall,extra_regret_vs_teacher_old_choice,new_teacher_score_at_student_choice,new_teacher_score_at_teacher_old_choice,regret_to_new_best,student_old_choice,teacher_new_choice,teacher_old_choice,teacher_old_regret_to_new_best,selected_both_new_actual_geometry,selected_both_new_C4_geometry
28,4lr3,25,A,1,development,0.3690784717721745,0.5196303170489325,1.0902256077484067,False,0.13026685831266338,0.556140350877193,I,0.18517485196100303,0.25534128170152376,0.286210688927166,False,True,H,False,0.14202026477339902,0.0,0.4,0.22490952823837373,-0.7806902055377072,-1.005599733776081,0.22490952823837373,I,H,H,0.0,False,False
28,4lr3,25,A,2,development,0.19866532793147837,0.3603580096447507,1.0902256077484067,False,0.39919470253286166,0.3333333333333333,G,0.5509570974933181,0.5543520599734882,0.6075771560271309,False,False,H,False,0.43521228717883353,0.0,0.2,0.5390034458911699,-0.46659628788491103,-1.005599733776081,0.5390034458911699,G,H,H,0.0,False,False
28,4lr3,25,A,4,development,1.0,1.0,1.0902256077484067,False,0.0,1.0,H,0.0,0.0,0.0,True,True,H,True,0.0,1.0,1.0,0.0,-1.005599733776081,-1.005599733776081,0.0,H,H,H,0.0,False,False
28,4lr3,120,D,1,development,0.3311174378547806,1.3002523289516585,1.1267712281000288,False,0.7169700108141486,-0.04912280701754386,W,0.002678587417581494,0.38373053369909293,0.49473489440573337,False,False,A,False,0.8078611795959492,0.0,0.0,0.6798825759163498,0.04538786679807805,-0.6344947091182718,0.8719426056571802,W,A,Y,0.19206002974083036,False,False
28,4lr3,120,D,2,development,0.15771869720140905,0.6965253506033348,1.1267712281000288,False,0.6228756742281801,-0.13684210526315788,L,0.2567476650808175,0.3847166583780678,0.45503860237983346,True,True,A,False,0.70183838840372,0.3333333333333333,0.2,0.6798825759163498,0.04538786679807805,-0.6344947091182718,0.8719426056571802,W,A,Y,0.19206002974083036,False,False
28,4lr3,120,D,4,development,1.0,1.0,1.1267712281000288,False,0.0,1.0,A,0.0,0.0,0.0,True,True,A,True,0.0,1.0,1.0,0.0,-0.6344947091182718,-0.6344947091182718,0.19206002974083036,Y,A,Y,0.19206002974083036,False,False
28,4lr3,10,L,1,development,0.10071073429528624,0.7461817638541325,1.5911571255145203,False,0.20157253536724487,0.34210526315789475,V,0.5761293280688161,0.6604578712160687,0.701096768885296,True,True,C,False,0.3207335759576193,0.3333333333333333,0.4,0.4301308136290998,-0.9261746363758534,-1.3563054500049532,0.4301308136290998,I,C,C,0.0,False,False
28,4lr3,10,L,2,development,0.21041856462155512,0.5264755094098235,1.5911571255145203,False,0.20157253536724487,0.5421052631578946,V,0.7644392424189863,0.7971934009311856,0.8277755005925074,False,True,C,False,0.3207335759576193,0.3333333333333333,0.4,0.38687488935609693,-0.9694305606488562,-1.3563054500049532,0.38687488935609693,V,C,C,0.0,False,False
28,4lr3,10,L,4,development,1.0,1.0,1.5911571255145203,False,0.0,1.0,C,0.0,0.0,0.0,True,True,C,True,0.0,1.0,1.0,0.0,-1.3563054500049532,-1.3563054500049532,0.0,C,C,C,0.0,False,False
28,4lr3,3,T,1,development,0.20061134549540685,0.6555113336353807,4.251485395392384,False,0.3073280627449765,-0.10526315789473684,D,0.00874774851596693,0.818665517240688,1.0433673646330548,False,False,F,False,1.306600770354502,0.0,0.0,1.0254171681993958,0.2123095229992109,-0.8131076452001849,1.0254171681993958,D,F,F,0.0,False,False
28,4lr3,3,T,2,development,0.014881348076494896,0.6139755010111351,4.251485395392384,False,0.34389225336664075,-0.24912280701754386,S,0.09564732995762296,0.907027954151198,1.1979287050844012,False,False,F,False,1.4620528927768506,0.0,0.0,1.1633552495718762,0.35024760437169133,-0.8131076452001849,1.1633552495718762,S,F,F,0.0,False,False
28,4lr3,3,T,4,development,1.0,1.0,4.251485395392384,False,0.0,1.0,F,0.0,0.0,0.0,True,True,F,True,0.0,1.0,1.0,0.0,-0.8131076452001849,-0.8131076452001849,0.0,F,F,F,0.0,False,False
1,1c5e,42,A,1,development,-0.6519149285128961,0.8236152842724508,0.309476583702819,False,0.8573691875194486,-0.6807017543859648,V,-0.14419475564653297,0.17191907677374887,0.2542883635980411,False,False,G,False,0.26533568712558053,0.0,0.0,0.24240870943295267,0.24610082173890863,0.0036921123059559524,0.25480697883447423,V,G,R,0.01239826940152157,True,True
1,1c5e,42,A,2,development,0.8396547224244552,0.8788428174831318,0.309476583702819,False,0.0024458955717768073,0.9228070175438597,K,-0.004900334337519865,0.024747672433285132,0.037322113017392834,True,True,G,False,0.0007569474056473395,1.0,1.0,-0.005532714302500186,-0.0018406019965442333,0.0036921123059559524,0.006865555099021384,K,G,R,0.01239826940152157,True,True
1,1c5e,42,A,4,development,1.0,1.0,0.309476583702819,False,0.0,1.0,G,0.0,0.0,0.0,True,True,G,True,0.0,1.0,1.0,0.0,0.0036921123059559524,0.0036921123059559524,0.01239826940152157,R,G,R,0.01239826940152157,True,True
1,1c5e,35,D,1,development,0.1551620225613457,1.6533257812137214,0.09539517456750254,False,0.21449788064377764,0.27368421052631575,E,0.029617690538541155,0.04888869209435167,0.055322097694971754,True,True,K,False,0.020462062768372494,0.3333333333333333,0.2,0.01716070942541531,0.009167643513086299,-0.007993065912329012,0.01716070942541531,E,K,K,0.0,False,False
1,1c5e,35,D,2,development,0.3275841950827879,1.1156252688427393,0.09539517456750254,False,0.0,0.4403508771929824,K,0.023036303246160073,0.033841366318711444,0.039299353427910244,True,True,K,True,0.0,0.6666666666666666,0.4,0.0,-0.007993065912329012,-0.007993065912329012,0.0,K,K,K,0.0,True,False
1,1c5e,35,D,4,development,1.0,1.0,0.09539517456750254,False,0.0,1.0,K,0.0,0.0,0.0,True,True,K,True,0.0,1.0,1.0,0.0,-0.007993065912329012,-0.007993065912329012,0.0,K,K,K,0.0,False,False
1,1c5e,12,L,1,development,-0.26173651494472133,1.4443830419152939,0.2589582627197961,False,1.0,0.487719298245614,A,0.003700193693512561,0.06781463349861415,0.11756800339376063,False,True,Q,False,0.2589582627197961,0.3333333333333333,0.6,0.25243062399575467,0.23599385643515305,-0.016436767560601598,0.25243062399575467,A,Q,Q,0.0,False,True
1,1c5e,12,L,2,development,1.1262104181549037,1.1865835254772619,0.2589582627197961,False,0.11427790150253947,0.6701754385964912,F,0.019021908680723093,0.02326904469795695,0.03093393223399553,False,True,Q,False,0.029593206840361597,0.3333333333333333,0.4,0.03301235372205054,0.01657558616144894,-0.016436767560601598,0.03301235372205054,F,Q,Q,0.0,True,True
1,1c5e,12,L,4,development,1.0,1.0,0.2589582627197961,False,0.0,1.0,Q,0.0,0.0,0.0,True,True,Q,True,0.0,1.0,1.0,0.0,-0.016436767560601598,-0.016436767560601598,0.0,Q,Q,Q,0.0,False,False
1,1c5e,38,T,1,development,-0.4200240828717122,0.7117869644224759,0.2564715255455667,False,0.9836476752308954,-0.3315789473684211,L,-0.07755165868258071,0.0811438134931854,0.1380718702282822,False,False,C,False,0.25227761986581787,0.0,0.2,0.24006579929599572,0.2317644960863551,-0.00830130320964062,0.24006579929599572,L,C,C,0.0,False,True
1,1c5e,38,T,2,development,0.9424558170394903,0.9695420483885143,0.2564715255455667,False,0.03477600266415395,0.7333333333333334,D,0.017492213037413523,0.01749942330657614,0.024746335296512916,False,False,C,False,0.008919054455652255,0.0,0.2,0.016521729729302825,0.008220426519662205,-0.00830130320964062,0.016521729729302825,S,C,C,0.0,True,False
1,1c5e,38,T,4,development,1.0,1.0,0.2564715255455667,False,0.0,1.0,C,0.0,0.0,0.0,True,True,C,True,0.0,1.0,1.0,0.0,-0.00830130320964062,-0.00830130320964062,0.0,C,C,C,0.0,True,True
27,1xko,68,A,1,development,0.3920303132837359,0.4940039872364987,0.10022712092775207,False,0.04575016196116159,0.8701754385964912,G,-0.003588226995374379,0.008908506723492964,0.01499281636414777,True,True,S,False,0.004585407015345586,1.0,0.8,0.0028943996517431236,-0.00794100731730056,-0.010835406969043684,0.0028943996517431236,G,S,S,0.0,False,False
27,1xko,68,A,2,development,0.5857257681058086,0.7608459739173552,0.10022712092775207,False,0.04575016196116159,0.7964912280701755,G,-0.004094313654685333,0.010552587316082964,0.014299154291190917,True,True,S,False,0.004585407015345586,0.6666666666666666,0.6,0.0028943996517431236,-0.00794100731730056,-0.010835406969043684,0.0028943996517431236,G,S,S,0.0,True,False
27,1xko,68,A,4,development,1.0,1.0,0.10022712092775207,False,0.0,1.0,S,0.0,0.0,0.0,True,True,S,True,0.0,1.0,1.0,0.0,-0.010835406969043684,-0.010835406969043684,0.0,S,S,S,0.0,False,False
27,1xko,149,D,1,development,0.042601613904487405,0.11906550837560743,0.2805014551459544,False,0.0,0.612280701754386,N,0.000870726441086374,0.0258842835298648,0.0568585162013808,True,True,N,True,0.0,0.3333333333333333,0.6,0.0,-0.005593083852218919,-0.005593083852218919,7.152547095126693e-05,N,H,N,7.152547095126693e-05,False,True
27,1xko,149,D,2,development,0.3923926316723216,0.41873124478259643,0.2805014551459544,False,0.0,0.5614035087719299,N,-0.016809372072828455,0.01894221366979988,0.040513936174543706,True,True,N,True,0.0,0.6666666666666666,0.6,0.0,-0.005593083852218919,-0.005593083852218919,7.152547095126693e-05,N,H,N,7.152547095126693e-05,True,True
27,1xko,149,D,4,development,1.0,1.0,0.2805014551459544,False,0.0,1.0,N,0.0,0.0,0.0,True,True,N,True,0.0,1.0,1.0,0.0,-0.005593083852218919,-0.005593083852218919,7.152547095126693e-05,N,H,N,7.152547095126693e-05,True,True
27,1xko,87,L,1,development,0.12504341860626664,0.7011852676894061,0.01040760901487061,False,0.7383959201161941,0.14210526315789473,A,-0.0004907698637208173,0.0026026209155370107,0.003257145317069746,False,True,H,False,0.007684936034744981,0.0,0.4,0.0010110217546552142,-0.0006093678624672083,-0.0016203896171224225,0.002820140541827637,F,W,H,0.001809118787172423,False,False
27,1xko,87,L,2,development,0.6971783201120498,0.9118765003913692,0.01040760901487061,False,0.0,0.687719298245614,H,0.00030396956710289905,0.0011249979629062183,0.0019346970249622371,True,True,H,True,0.0,0.6666666666666666,0.8,0.001373421149216389,-0.00024696846790603355,-0.0016203896171224225,0.003182539936388812,D,W,H,0.001809118787172423,False,False
27,1xko,87,L,4,development,1.0,1.0,0.01040760901487061,False,0.0,1.0,H,0.0,0.0,0.0,True,True,H,True,0.0,1.0,1.0,0.0,-0.0016203896171224225,-0.0016203896171224225,0.001809118787172423,H,W,H,0.001809118787172423,True,True
27,1xko,47,T,1,development,0.2633948215120431,0.3588236904566871,0.2391598666019998,False,0.2345941125726581,0.6701754385964912,G,-0.01025420727670919,0.01733400443092563,0.03980426495381077,True,True,V,False,0.05610549666849144,0.6666666666666666,0.4,0.051101729828875814,0.0374095964053079,-0.013692133423567912,0.051101729828875814,G,V,V,0.0,False,True
27,1xko,47,T,2,development,0.8713796219334536,0.8897747748350554,0.2391598666019998,False,0.0,0.8157894736842105,V,-0.0009932223244203627,0.008482762207586097,0.011011283427628938,True,True,V,True,0.0,1.0,0.8,0.0,-0.013692133423567912,-0.013692133423567912,0.0,V,V,V,0.0,True,True
27,1xko,47,T,4,development,1.0,1.0,0.2391598666019998,False,0.0,1.0,V,0.0,0.0,0.0,True,True,V,True,0.0,1.0,1.0,0.0,-0.013692133423567912,-0.013692133423567912,0.0,V,V,V,0.0,True,True
2,4gn0,75,A,1,development,1.6893453410397878,1.9426967088470801,0.17718601299145664,False,0.019182467417471826,0.9280701754385964,F,-0.03400114776275697,0.048733862558314675,0.06290921761096749,False,True,M,False,0.0033988649210403565,0.6666666666666666,0.8,0.0,-0.05091443340360868,-0.05091443340360868,0.018064283787168733,F,G,F,0.018064283787168733,False,False
2,4gn0,75,A,2,development,1.2023788298711051,1.2756354500803202,0.17718601299145664,False,0.019182467417471826,0.9649122807017543,F,-0.027003347587790966,0.028679048372563562,0.03429093520680767,True,True,M,False,0.0033988649210403565,1.0,0.8,0.0,-0.05091443340360868,-0.05091443340360868,0.018064283787168733,F,G,F,0.018064283787168733,False,False
2,4gn0,75,A,4,development,1.0,1.0,0.17718601299145664,False,0.0,1.0,M,0.0,0.0,0.0,True,True,M,True,0.0,1.0,1.0,0.0,-0.05091443340360868,-0.05091443340360868,0.018064283787168733,F,G,F,0.018064283787168733,False,False
2,4gn0,29,D,1,development,4.246245624440485,5.017825200022053,0.5704435430148047,False,0.004651300199079906,0.8684210526315789,M,0.011878037928090886,0.24428157808958506,0.5726264640894438,True,True,C,False,0.002653304165188608,0.6666666666666666,0.6,-0.04654577129887194,-0.14608435327266633,-0.0995385819737944,0.004823184603598207,M,C,K,0.05136895590247015,False,False
2,4gn0,29,D,2,development,1.2270134276896796,1.310930922442497,0.5704435430148047,False,0.004651300199079906,0.8543859649122807,M,-0.00880391973371451,0.05281160849537285,0.07056548706344498,True,True,C,False,0.002653304165188608,0.6666666666666666,0.6,0.03711372195622431,-0.06242486001757008,-0.0995385819737944,0.08848267785869446,L,C,K,0.05136895590247015,True,False
2,4gn0,29,D,4,development,1.0,1.0,0.5704435430148047,False,0.0,1.0,C,0.0,0.0,0.0,True,True,C,True,0.0,1.0,1.0,0.0,-0.0995385819737944,-0.0995385819737944,0.05136895590247015,K,C,K,0.05136895590247015,False,False
2,4gn0,23,L,1,development,4.592920704796242,4.904015758701277,0.7296850655152491,False,0.0,0.8859649122807017,C,0.13416952477736147,0.18300642466173128,0.5858572300965869,True,True,C,True,0.0,0.6666666666666666,1.0,-0.048278952661775065,-0.1767909699453778,-0.12851201728360273,0.0,C,C,F,0.048278952661775065,False,False
2,4gn0,23,L,2,development,1.7456802026737754,1.801561134003891,0.7296850655152491,False,0.0,0.9105263157894736,C,-0.014065948992902196,0.06837003610105871,0.1251455451487358,True,True,C,True,0.0,1.0,1.0,0.0,-0.12851201728360273,-0.12851201728360273,0.048278952661775065,F,C,F,0.048278952661775065,False,False
2,4gn0,23,L,4,development,1.0,1.0,0.7296850655152491,False,0.0,1.0,C,0.0,0.0,0.0,True,True,C,True,0.0,1.0,1.0,0.0,-0.12851201728360273,-0.12851201728360273,0.048278952661775065,F,C,F,0.048278952661775065,False,False
2,4gn0,45,T,1,development,1.140365666574131,2.20410852724287,0.19217484500058823,False,0.30490636854252356,0.5070175438596491,F,0.005476630845613129,0.07749842504028022,0.099521606116678,False,False,P,False,0.058595334114351694,0.0,0.2,0.07510371595007825,-0.05485953793930243,-0.12996325388938068,0.07510371595007825,F,P,P,0.0,False,False
2,4gn0,45,T,2,development,1.3461786817856307,1.6425300785388044,0.19217484500058823,False,0.15155301782793268,0.8280701754385964,G,-0.010702195442406937,0.0464733341232845,0.05376001692581136,False,True,P,False,0.02912467771045435,0.3333333333333333,0.6,0.04152159227076346,-0.08844166161861722,-0.12996325388938068,0.04152159227076346,G,P,P,0.0,False,False
2,4gn0,45,T,4,development,1.0,1.0,0.19217484500058823,False,0.0,1.0,P,0.0,0.0,0.0,True,True,P,True,0.0,1.0,1.0,0.0,-0.12996325388938068,-0.12996325388938068,0.0,P,P,P,0.0,False,False
13,1jke,2,A,1,development,0.1639091369357555,0.38873166264710884,0.11084458212029974,False,0.0,0.3175438596491228,M,-0.0027330942448598695,0.019097651226278857,0.02636527991506438,True,True,M,True,0.0,0.3333333333333333,0.2,0.0,-0.03253495453704709,-0.03253495453704709,0.0,M,M,M,0.0,False,False
13,1jke,2,A,2,development,0.45947250043255805,0.6427272602214962,0.11084458212029974,False,0.38284763439672065,0.8052631578947368,D,-0.000662655920571116,0.016787291295179797,0.020326873513223258,True,True,M,False,0.042436586050449795,0.3333333333333333,0.6,0.04051525021237411,0.007980295675327015,-0.03253495453704709,0.04051525021237411,D,M,M,0.0,False,False
13,1jke,2,A,4,development,1.0,1.0,0.11084458212029974,False,0.0,1.0,M,0.0,0.0,0.0,True,True,M,True,0.0,1.0,1.0,0.0,-0.03253495453704709,-0.03253495453704709,0.0,M,M,M,0.0,False,False
13,1jke,135,D,1,development,0.43063845189467276,0.9824409811395117,0.03327394751192386,False,0.0,0.6175438596491227,N,0.02992402989973988,0.02992402989973988,0.031363590291746464,True,True,N,True,0.0,0.3333333333333333,0.6,0.0,-0.03330689039519802,-0.03330689039519802,0.0,N,N,N,0.0,True,False
13,1jke,135,D,2,development,0.725239254140366,1.2342654858744888,0.03327394751192386,False,0.46853601554440666,0.3350877192982456,F,0.017245503573978627,0.017476469996284882,0.019574437039104258,False,False,N,False,0.01559004278867053,0.0,0.2,0.019111046545860016,-0.014195843849338002,-0.03330689039519802,0.019111046545860016,F,N,N,0.0,True,False
13,1jke,135,D,4,development,1.0,1.0,0.03327394751192386,False,0.0,1.0,N,0.0,0.0,0.0,True,True,N,True,0.0,1.0,1.0,0.0,-0.03330689039519802,-0.03330689039519802,0.0,N,N,N,0.0,False,False
13,1jke,142,L,1,development,0.47198755261771086,0.6126093327300473,0.06939080975059489,False,0.030047342811353697,0.6298245614035087,P,0.004529695680694694,0.009056969942174465,0.011340195576954145,False,False,F,False,0.0020850094485335494,0.3333333333333333,0.4,0.002568431059182974,-0.010087571474291512,-0.012656002533474486,0.002568431059182974,P,F,F,0.0,True,True
13,1jke,142,L,2,development,0.6054782894283739,0.7684360795913366,0.06939080975059489,False,0.030047342811353697,0.6596491228070176,P,-0.003838835808927236,0.008253906581003988,0.010480637007979724,False,False,F,False,0.0020850094485335494,0.6666666666666666,0.4,0.005631634229405047,-0.007024368304069439,-0.012656002533474486,0.005631634229405047,S,F,F,0.0,True,True
13,1jke,142,L,4,development,1.0,1.0,0.06939080975059489,False,0.0,1.0,F,0.0,0.0,0.0,True,True,F,True,0.0,1.0,1.0,0.0,-0.012656002533474486,-0.012656002533474486,0.0,F,F,F,0.0,False,False
13,1jke,19,T,1,development,0.14000103554110074,0.33119437387678136,0.13223074054057446,False,0.48103232797119383,0.5771929824561403,H,0.014045688759642107,0.02716685774418658,0.03907567262413094,False,False,D,False,0.06360726095158745,0.6666666666666666,0.4,0.06339786527101825,-0.039992039460900616,-0.10338990473191886,0.06339786527101825,H,D,D,0.0,False,False
13,1jke,19,T,2,development,0.6795298567762502,0.8449707976399156,0.13223074054057446,False,0.12755356657015424,0.8157894736842105,F,0.004110913956758888,0.012741879669584172,0.024200719058554036,False,False,D,False,0.016866502566162955,0.6666666666666666,0.8,0.014514880980064218,-0.08887502375185465,-0.10338990473191886,0.014514880980064218,F,D,D,0.0,False,False
13,1jke,19,T,4,development,1.0,1.0,0.13223074054057446,False,0.0,1.0,D,0.0,0.0,0.0,True,True,D,True,0.0,1.0,1.0,0.0,-0.10338990473191886,-0.10338990473191886,0.0,D,D,D,0.0,False,False
8,2v66,48,A,1,stress,0.9061039575411383,1.132623935241224,10.945641568160514,False,0.0,0.7842105263157895,C,-3.1193145957917245,3.3614635434120372,3.530948615706951,True,True,C,True,0.0,0.3333333333333333,1.0,0.0,-8.07835986533595,-8.07835986533595,0.0,C,C,C,0.0,False,False
8,2v66,48,A,2,stress,0.8782243285880207,0.8932036422344548,10.945641568160514,False,0.0,0.9859649122807018,C,-0.7253080379259081,0.7411099874924894,0.8755976840679891,True,True,C,True,0.0,1.0,0.8,0.0,-8.07835986533595,-8.07835986533595,0.0,C,C,C,0.0,False,False
8,2v66,48,A,4,stress,1.0,1.0,10.945641568160514,False,0.0,1.0,C,0.0,0.0,0.0,True,True,C,True,0.0,1.0,1.0,0.0,-8.07835986533595,-8.07835986533595,0.0,C,C,C,0.0,False,False
8,2v66,42,D,1,stress,0.325689852535767,0.9201100082044734,12.430509022795318,False,0.12822714918620895,0.39649122807017545,N,1.068754850732189,2.120629326216354,2.8291368440196942,False,False,C,False,1.5939287349264917,0.6666666666666666,0.4,1.6726759136980127,-3.460228786441824,-5.132904700139837,1.6726759136980127,N,C,C,0.0,False,False
8,2v66,42,D,2,stress,0.8534677443730986,1.0296209799075955,12.430509022795318,False,0.12822714918620895,0.6561403508771929,N,-1.171220541285107,1.684637056471788,1.8437428139713,False,False,C,False,1.5939287349264917,0.6666666666666666,0.4,1.6726759136980127,-3.460228786441824,-5.132904700139837,1.6726759136980127,N,C,C,0.0,False,False
8,2v66,42,D,4,stress,1.0,1.0,12.430509022795318,False,0.0,1.0,C,0.0,0.0,0.0,True,True,C,True,0.0,1.0,1.0,0.0,-5.132904700139837,-5.132904700139837,0.0,C,C,C,0.0,False,False
8,2v66,60,L,1,stress,0.7907786585693362,1.0518124481996693,15.013990900738584,False,0.17138244727441213,0.8070175438596491,Y,0.028092824831666318,2.2392218797160193,2.9023598253586753,False,False,V,False,2.573134503924334,0.3333333333333333,0.4,3.7071473131288277,4.676935904948811,0.9697885918199836,3.7071473131288277,Y,V,V,0.0,False,False
8,2v66,60,L,2,stress,0.7912067120999462,0.9189861971197919,15.013990900738584,False,0.01359834086111146,0.8228070175438595,C,-0.39559975701668926,1.6676963281429618,2.0889892944895814,False,True,V,False,0.20416536595386914,0.6666666666666666,0.6,0.22550156625708517,1.1952901580770687,0.9697885918199836,0.22550156625708517,C,V,V,0.0,False,False
8,2v66,60,L,4,stress,1.0,1.0,15.013990900738584,False,0.0,1.0,V,0.0,0.0,0.0,True,True,V,True,0.0,1.0,1.0,0.0,0.9697885918199836,0.9697885918199836,0.0,V,V,V,0.0,False,False
8,2v66,74,T,1,stress,0.6445139169802222,0.7246784029803708,27.121720241468267,False,0.0,0.8157894736842105,L,-2.101051355932212,3.360106080350146,4.329100376294173,True,True,L,True,0.0,0.6666666666666666,0.8,-0.36920141317740907,-13.019889621913475,-12.650688208736065,0.0,L,L,I,0.36920141317740907,False,False
8,2v66,74,T,2,stress,0.877570096010008,0.901298981152955,27.121720241468267,False,0.0,0.9035087719298246,L,-1.0785577746278567,1.8589445919804408,2.1526129537621546,True,True,L,True,0.0,1.0,0.8,-0.36920141317740907,-13.019889621913475,-12.650688208736065,0.0,L,L,I,0.36920141317740907,False,False
8,2v66,74,T,4,stress,1.0,1.0,27.121720241468267,False,0.0,1.0,L,0.0,0.0,0.0,True,True,L,True,0.0,1.0,1.0,0.0,-12.650688208736065,-12.650688208736065,0.36920141317740907,I,L,I,0.36920141317740907,False,False
0,5oi7,49,A,1,development,0.4170172825687605,0.629862317184225,8.79503102024987,False,0.0,0.4122807017543859,I,-0.17195812290225082,1.1819237033052101,1.5707832091878688,True,True,I,True,0.0,0.3333333333333333,0.4,0.0,-1.809710138286869,-1.809710138286869,0.0,I,I,I,0.0,False,False
0,5oi7,49,A,2,development,1.0162899362327762,1.1265533641189704,8.79503102024987,False,0.0,0.7859649122807018,I,-0.272964028308077,0.7449863917172673,1.0484749229853947,True,True,I,True,0.0,0.3333333333333333,0.8,0.0,-1.809710138286869,-1.809710138286869,0.0,I,I,I,0.0,False,False
0,5oi7,49,A,4,development,1.0,1.0,8.79503102024987,False,0.0,1.0,I,0.0,0.0,0.0,True,True,I,True,0.0,1.0,1.0,0.0,-1.809710138286869,-1.809710138286869,0.0,I,I,I,0.0,False,False
0,5oi7,53,D,1,development,5.511619669116149,24.98866250352619,0.17988356922104298,False,0.0865372050280779,0.15964912280701754,P,-0.4853137541596684,0.4941326355346059,1.2917104845874214,False,False,T,False,0.015566621310863837,0.0,0.2,-0.11536828833585133,-1.1689483950875967,-1.0535801067517454,0.0,P,P,E,0.11536828833585133,False,False
0,5oi7,53,D,2,development,0.4594084489273799,0.7692984095830006,0.17988356922104298,False,0.0,0.37543859649122807,T,-0.05673136065178343,0.05786843872675208,0.06919602872436267,True,True,T,True,0.0,0.3333333333333333,0.2,-0.03180327370986902,-1.0853833804616144,-1.0535801067517454,0.08356501462598231,Q,P,E,0.11536828833585133,False,True
0,5oi7,53,D,4,development,1.0,1.0,0.17988356922104298,False,0.0,1.0,T,0.0,0.0,0.0,True,True,T,True,0.0,1.0,1.0,0.0,-1.0535801067517454,-1.0535801067517454,0.11536828833585133,E,P,E,0.11536828833585133,False,False
0,5oi7,45,L,1,development,0.004968393768013062,0.1672573250137127,2.2583962670792253,False,0.827029315595327,0.3245614035087719,P,-0.014536283022951799,0.2295457044391454,0.49058324669844455,False,False,W,False,1.867759919105573,0.3333333333333333,0.6,-0.569973117820723,-1.2015987767713732,-0.6316256589506501,0.0809069125320594,S,P,W,0.6508800303527824,False,True
0,5oi7,45,L,2,development,0.06140307824906333,0.18867438396785763,2.2583962670792253,False,0.827029315595327,0.7333333333333334,P,0.02674276690569941,0.18522762250704683,0.46509848976180806,True,True,W,False,1.867759919105573,0.6666666666666666,0.6,-0.6508800303527824,-1.2825056893034326,-0.6316256589506501,0.0,P,P,W,0.6508800303527824,True,True
0,5oi7,45,L,4,development,1.0,1.0,2.2583962670792253,False,0.0,1.0,W,0.0,0.0,0.0,True,True,W,True,0.0,1.0,1.0,0.0,-0.6316256589506501,-0.6316256589506501,0.6508800303527824,W,P,W,0.6508800303527824,False,False
0,5oi7,79,T,1,development,1.4022848418634535,1.6395913589046145,8.705182370347504,False,0.0,0.3456140350877193,P,-0.5643580243493589,0.7257254453763377,1.5360189991500335,True,True,P,True,0.0,1.0,0.6,0.0,-2.73871004153267,-2.73871004153267,0.0,P,P,P,0.0,False,False
0,5oi7,79,T,2,development,1.1172208400066699,1.1545846189695215,8.705182370347504,False,0.0,0.763157894736842,P,-0.3103910336801233,0.40539109343219343,0.5693079225221852,True,True,P,True,0.0,1.0,0.6,0.0,-2.73871004153267,-2.73871004153267,0.0,P,P,P,0.0,False,False
0,5oi7,79,T,4,development,1.0,1.0,8.705182370347504,False,0.0,1.0,P,0.0,0.0,0.0,True,True,P,True,0.0,1.0,1.0,0.0,-2.73871004153267,-2.73871004153267,0.0,P,P,P,0.0,False,False
15,1lj9,59,A,1,development,0.0184921568302613,0.7797827665686917,0.15165238912356435,False,0.17119381187222543,0.02280701754385965,I,0.007612721437039769,0.03379451211019601,0.050430932650243905,False,False,F,False,0.025961950573593004,0.0,0.4,0.046062180058343144,-0.1156593266251574,-0.16172150668350055,0.046062180058343144,I,F,F,0.0,False,False
15,1lj9,59,A,2,development,0.5477442263082977,0.6029264129876307,0.15165238912356435,False,0.0,0.6982456140350877,F,0.01070070026769182,0.019482809460165347,0.023205843020951616,True,True,F,True,0.0,0.6666666666666666,0.8,0.046062180058343144,-0.1156593266251574,-0.16172150668350055,0.046062180058343144,I,F,F,0.0,False,False
15,1lj9,59,A,4,development,1.0,1.0,0.15165238912356435,False,0.0,1.0,F,0.0,0.0,0.0,True,True,F,True,0.0,1.0,1.0,0.0,-0.16172150668350055,-0.16172150668350055,0.0,F,F,F,0.0,True,True
15,1lj9,124,D,1,development,-0.8865650119224696,2.652046261646805,0.06320353372751625,False,1.0,-0.23859649122807017,P,-0.019855398583524295,0.04191418598222028,0.05238451092000052,True,True,L,False,0.06320353372751625,0.6666666666666666,0.4,0.035772515778392744,-0.003702114640774884,-0.03947463041916763,0.06330521880196083,P,I,E,0.027532703023568084,False,False
15,1lj9,124,D,2,development,0.7404568435302017,0.9209959902282844,0.06320353372751625,False,0.0,0.7578947368421053,L,-0.0007487434123060663,0.008092207228007025,0.009411721265968443,True,True,L,True,0.0,0.6666666666666666,1.0,0.021188589004268926,-0.0182860414148987,-0.03947463041916763,0.04872129202783701,R,I,E,0.027532703023568084,False,True
15,1lj9,124,D,4,development,1.0,1.0,0.06320353372751625,False,0.0,1.0,L,0.0,0.0,0.0,True,True,L,True,0.0,1.0,1.0,0.0,-0.03947463041916763,-0.03947463041916763,0.027532703023568084,E,I,E,0.027532703023568084,True,True
15,1lj9,111,L,1,development,0.8377385290520637,1.6863833409879951,0.15022688067992518,False,0.18489298489221592,0.4052631578947368,C,0.0473426531505755,0.05960962842620185,0.07510760034325634,False,False,N,False,0.02777589637995813,0.0,0.4,0.04015134987384353,-0.04899733775282983,-0.08914868762667336,0.04015134987384353,C,N,N,0.0,False,False
15,1lj9,111,L,2,development,0.9316331339023995,1.0671263437826528,0.15022688067992518,False,0.04640682639213794,0.756140350877193,S,0.03366408851471639,0.03366408851471639,0.03956275762027495,False,True,N,False,0.006971552771145709,0.0,0.6,0.015479478798187923,-0.07366920882848543,-0.08914868762667336,0.015479478798187923,G,N,N,0.0,False,False
15,1lj9,111,L,4,development,1.0,1.0,0.15022688067992518,False,0.0,1.0,N,0.0,0.0,0.0,True,True,N,True,0.0,1.0,1.0,0.0,-0.08914868762667336,-0.08914868762667336,0.0,N,N,N,0.0,False,False
15,1lj9,0,T,1,development,1.4409579249580924,1.7472109911212212,0.06851514819667476,False,0.0,0.8403508771929825,W,-0.013896492060221302,0.022910047973373714,0.02481473167465764,True,True,W,True,0.0,0.6666666666666666,0.8,0.0,-0.058291670005066104,-0.058291670005066104,0.0,W,W,W,0.0,False,True
15,1lj9,0,T,2,development,0.8523727058889854,0.8848287908297713,0.06851514819667476,False,0.0,0.9596491228070174,W,0.0009606893088433946,0.004501284961217035,0.00539850998370092,True,True,W,True,0.0,0.6666666666666666,0.8,0.0,-0.058291670005066104,-0.058291670005066104,0.0,W,W,W,0.0,True,True
15,1lj9,0,T,4,development,1.0,1.0,0.06851514819667476,False,0.0,1.0,W,0.0,0.0,0.0,True,True,W,True,0.0,1.0,1.0,0.0,-0.058291670005066104,-0.058291670005066104,0.0,W,W,W,0.0,True,True
14,3qr7,21,A,1,development,-0.8500382741415385,2.0274561877655746,1.1311843240749235,False,0.9412208722420782,-0.1701754385964912,L,-0.1757815333843975,0.5411785613852199,0.8029388522376801,False,False,K,False,1.064694296172365,0.0,0.2,1.1130831200415603,0.6359102678641979,-0.4771728521773624,1.3177316505648329,L,K,N,0.2046485305232726,False,False
14,3qr7,21,A,2,development,0.009665186837717402,0.588898033724176,1.1311843240749235,False,0.7627288319467198,-0.0912280701754386,I,-0.1722227988208432,0.3215981105619942,0.38639259547770466,True,True,K,False,0.8627868982181062,0.3333333333333333,0.2,0.8950757048692921,0.4179028526919297,-0.4771728521773624,1.0997242353925647,I,K,N,0.2046485305232726,False,False
14,3qr7,21,A,4,development,1.0,1.0,1.1311843240749235,False,0.0,1.0,K,0.0,0.0,0.0,True,True,K,True,0.0,1.0,1.0,0.0,-0.4771728521773624,-0.4771728521773624,0.2046485305232726,N,K,N,0.2046485305232726,False,False
14,3qr7,105,D,1,development,-0.7342793461636765,2.0379546185175967,0.7362271310776614,False,0.4827267020618235,-0.431578947368421,V,-0.4068633488203626,0.5593593743918864,0.6985894737737413,False,False,P,False,0.3553964949535573,0.0,0.0,0.2747810751034949,0.13644065362205104,-0.13834042148144388,0.41910298904113974,V,P,N,0.14432191393764482,False,False
14,3qr7,105,D,2,development,0.4012817831202806,0.9869290656271678,0.7362271310776614,False,0.0,0.4280701754385965,P,-0.29784309563722183,0.3276307860618141,0.38178803542358175,True,True,P,True,0.0,0.3333333333333333,0.4,-0.14432191393764482,-0.2826623354190887,-0.13834042148144388,0.0,P,P,N,0.14432191393764482,False,False
14,3qr7,105,D,4,development,1.0,1.0,0.7362271310776614,False,0.0,1.0,P,0.0,0.0,0.0,True,True,P,True,0.0,1.0,1.0,0.0,-0.13834042148144388,-0.13834042148144388,0.14432191393764482,N,P,N,0.14432191393764482,False,False
14,3qr7,22,L,1,development,0.31145207832952715,0.9776301348424727,1.0499186960068456,False,0.5405693993797711,0.3649122807017544,E,-0.46280303105426934,0.49683101930703594,0.5695012060294701,False,False,N,False,0.567553918898013,0.0,0.4,0.5701960942693729,0.33641425638383904,-0.23378183788553386,0.5701960942693729,E,N,N,0.0,False,False
14,3qr7,22,L,2,development,0.10354286610229066,0.5323394618926163,1.0499186960068456,False,0.36798270361412333,0.25789473684210523,F,-0.026816934740422734,0.24977900201447711,0.29943730447364464,False,False,N,False,0.3863519203316139,0.3333333333333333,0.2,0.2761014333768772,0.04231959549134334,-0.23378183788553386,0.2761014333768772,F,N,N,0.0,False,False
14,3qr7,22,L,4,development,1.0,1.0,1.0499186960068456,False,0.0,1.0,N,0.0,0.0,0.0,True,True,N,True,0.0,1.0,1.0,0.0,-0.23378183788553386,-0.23378183788553386,0.0,N,N,N,0.0,False,False
14,3qr7,29,T,1,development,0.5486437412738394,2.255589088479392,0.9856147786800378,False,0.4668784331081331,0.3403508771929824,E,0.23511800797610696,0.4434122445610528,0.5782346940845502,False,False,D,False,0.4601622835183554,0.3333333333333333,0.2,0.321325084827766,-0.14382315903795284,-0.46514824386571885,0.321325084827766,E,D,D,0.0,False,False
14,3qr7,29,T,2,development,-0.13029060945651702,0.36916531310277556,0.9856147786800378,False,0.5785416227241087,-0.32631578947368417,G,-0.061302267890033145,0.24479810109312364,0.28613629586600775,False,False,D,False,0.5702191734384123,0.0,0.0,0.43318433476290874,-0.031963909102810106,-0.46514824386571885,0.43318433476290874,G,D,D,0.0,False,False
14,3qr7,29,T,4,development,1.0,1.0,0.9856147786800378,False,0.0,1.0,D,0.0,0.0,0.0,True,True,D,True,0.0,1.0,1.0,0.0,-0.46514824386571885,-0.46514824386571885,0.0,D,D,D,0.0,False,False
