all_atom_lddt,ca_lddt,cycles,noise,parent_index
0.6754162441503532,0.7568913466350847,1,230201,28
0.6630809479349911,0.7376207195068747,1,230211,28
0.7036204816955554,0.7765476576780497,1,310003,28
0.7017099591835115,0.7817035746825596,1,310019,28
0.7149185990205557,0.809765360550103,2,230201,28
0.7457384071417847,0.8246893040649126,2,230211,28
0.749784899803038,0.8195645097073571,2,310003,28
0.7475606003543587,0.8292756721256377,2,310019,28
0.7890187408368934,0.8695597671964312,4,230201,28
0.7928003300377631,0.873805265812402,4,230211,28
0.7977165345436087,0.8706446595338683,4,310003,28
0.7948367108761429,0.8762900030585109,4,310019,28
0.791721976170684,0.8293496000061547,1,230201,1
0.7769436849342097,0.8144445516350168,1,230211,1
0.7809291684671575,0.8195986509036732,1,310003,1
0.7893848153183455,0.8268375127125389,1,310019,1
0.8702859233314502,0.9190899603161304,2,230201,1
0.8670341041112516,0.9208621490474006,2,230211,1
0.863261443938472,0.9145157952300892,2,310003,1
0.8647643146809652,0.9190931823068244,2,310019,1
0.8854433639457548,0.9309314079291128,4,230201,1
0.8808927547946119,0.9272693499716047,4,230211,1
0.8742299823041723,0.921917537586724,4,310003,1
0.8784012019468179,0.9309483588476895,4,310019,1
0.806184617599215,0.8973780853317715,1,230201,27
0.7958529409209419,0.8875471038094608,1,230211,27
0.8003458887163383,0.8932732079960988,1,310003,27
0.7981697767706056,0.8851330583743179,1,310019,27
0.8041835001843316,0.8974894519089383,2,230201,27
0.7917330312220174,0.8848585372582595,2,230211,27
0.8029812641130745,0.8989098522049781,2,310003,27
0.7982091434815235,0.8903027110918055,2,310019,27
0.8191623238937386,0.9123918606207536,4,230201,27
0.809334938948547,0.904155704904623,4,230211,27
0.8178856578980803,0.9123235736881896,4,310003,27
0.8152855848941502,0.9076378430209967,4,310019,27
0.8127744802584633,0.8744826930279541,1,230201,2
0.8180037490497771,0.8865970772592743,1,230211,2
0.8113735213316288,0.8837494137122254,1,310003,2
0.8085540901769795,0.8784197176308801,1,310019,2
0.8154741908860652,0.8790330178549938,2,230201,2
0.8168294509930756,0.8840589367906689,2,230211,2
0.8173362972447852,0.8929220633102134,2,310003,2
0.8207815821963794,0.8943979940611823,2,310019,2
0.8182764157658219,0.882901379106513,4,230201,2
0.8166956038205009,0.8828502051485008,4,230211,2
0.8180043410435628,0.8957920532809147,4,310003,2
0.8224606114373241,0.8993910809831518,4,310019,2
0.8222302979785168,0.9111089504239817,1,230201,13
0.823862950342393,0.9118745596567582,1,230211,13
0.8207391167802071,0.9098958708379824,1,310003,13
0.8209935208280513,0.9121594983823825,1,310019,13
0.824068530486986,0.9179487697233769,2,230201,13
0.8271271370494678,0.9234421052277859,2,230211,13
0.8223445694983901,0.9190444870918131,2,310003,13
0.8241646091868716,0.9204874787733416,2,310019,13
0.8331317330019742,0.9271628004252448,4,230201,13
0.8365622230932036,0.9253783843661831,4,230211,13
0.8327473094592849,0.9252860415150175,4,310003,13
0.8350899843195468,0.9274723630113044,4,310019,13
0.6655387311686785,0.7220640933295732,1,230201,8
0.6998876968649875,0.7834227468031649,1,230211,8
0.48926054898504473,0.49361534946867763,1,310003,8
0.6411326545162144,0.6784397766305661,1,310019,8
0.59573675484018,0.6284625455871585,2,230201,8
0.7128479863589661,0.8185006085547882,2,230211,8
0.6880310087365824,0.7462080478527846,2,310003,8
0.4472389404439535,0.4227035946269692,2,310019,8
0.5633377796203962,0.5683575000525465,4,230201,8
0.7406537456033548,0.8471904319427538,4,230211,8
0.7268613622957337,0.8063411686186452,4,310003,8
0.4460820277245573,0.4207729974177343,4,310019,8
0.6230825952068085,0.6916035109097091,1,230201,0
0.7607220968415489,0.8420483522921164,1,230211,0
0.7176820928380654,0.7934830745147291,1,310003,0
0.7499624026789555,0.8244825823588489,1,310019,0
0.6891067866047792,0.7765802543333197,2,230201,0
0.7557840033974063,0.8427198366126517,2,230211,0
0.7295424652559508,0.7916988380493034,2,310003,0
0.7768296179774246,0.8674471007090448,2,310019,0
0.6450070113336495,0.7367146231547795,4,230201,0
0.7635177192061314,0.8449781285062429,4,230211,0
0.6925822595476856,0.7486824105673933,4,310003,0
0.7554475252947312,0.8357031626505708,4,310019,0
0.8002857517053721,0.8967230622978308,1,230201,15
0.7936121096853159,0.8918166271902955,1,230211,15
0.7949745164504691,0.8954923971086592,1,310003,15
0.7816753189414639,0.8844637706013142,1,310019,15
0.8201877392990855,0.9167950631127765,2,230201,15
0.8157828920954479,0.9175521582299956,2,230211,15
0.81238373281026,0.9142035106667892,2,310003,15
0.7873160122721294,0.8980659914716274,2,310019,15
0.8196503534898554,0.9167127363608321,4,230201,15
0.814427149534673,0.9168438527331442,4,230211,15
0.8111968340894978,0.9110666503734753,4,310003,15
0.7850783511462286,0.8939228511668595,4,310019,15
0.5499026789332838,0.5850050803131819,1,230201,14
0.5754191666733509,0.6179341843885275,1,230211,14
0.5458311265395895,0.5775317701407985,1,310003,14
0.564971174862562,0.6110305365370403,1,310019,14
0.6084544740900015,0.6576649649862732,2,230201,14
0.6101322603534673,0.6606259021440628,2,230211,14
0.5955968024711886,0.6498312581203175,2,310003,14
0.6160297655933141,0.6662759136724706,2,310019,14
0.6526604701388273,0.7020074868900983,4,230201,14
0.6285025915995573,0.6751693212161343,4,230211,14
0.6376256440182096,0.6850191341631692,4,310003,14
0.6415637435446168,0.6850655704537507,4,310019,14
