job,phase,architecture,target,seed,step,raw_nmse,label_nmse
single_free_hidden_raw_s231301,single,free_hidden,raw,231301,0,1.0,1.0
single_free_hidden_raw_s231301,single,free_hidden,raw,231301,512,0.652115482900254,0.652115482900254
single_free_hidden_raw_s231301,single,free_hidden,raw,231301,1024,0.3471273771232258,0.3471273771232258
single_free_hidden_raw_s231301,single,free_hidden,raw,231301,2048,0.20662264227705351,0.20662264227705351
single_free_hidden_raw_s231301,single,free_hidden,raw,231301,4096,0.18564889315778083,0.18564889315778083
single_free_hidden_raw_s231301,single,free_hidden,raw,231301,8192,0.17929890842665142,0.17929890842665142
single_free_hidden_raw_s231303,single,free_hidden,raw,231303,0,1.0,1.0
single_free_hidden_raw_s231303,single,free_hidden,raw,231303,512,0.5660721550534754,0.5660721550534754
single_free_hidden_raw_s231303,single,free_hidden,raw,231303,1024,0.2738206144852871,0.2738206144852871
single_free_hidden_raw_s231303,single,free_hidden,raw,231303,2048,0.19895639190785955,0.19895639190785955
single_free_hidden_raw_s231303,single,free_hidden,raw,231303,4096,0.18430870034334934,0.18430870034334934
single_free_hidden_raw_s231303,single,free_hidden,raw,231303,8192,0.17910006775617898,0.17910006775617898
single_free_hidden_r32_s231301,single,free_hidden,r32,231301,0,1.0,1.0
single_free_hidden_r32_s231301,single,free_hidden,r32,231301,512,0.6514815193518083,0.6320083740008566
single_free_hidden_r32_s231301,single,free_hidden,r32,231301,1024,0.3509465606054256,0.3179704741831642
single_free_hidden_r32_s231301,single,free_hidden,r32,231301,2048,0.21095505583918392,0.17315941252396003
single_free_hidden_r32_s231301,single,free_hidden,r32,231301,4096,0.19050926025633771,0.15079919237631548
single_free_hidden_r32_s231301,single,free_hidden,r32,231301,8192,0.18428584670052134,0.14377377680457093
single_free_hidden_r32_s231303,single,free_hidden,r32,231303,0,1.0,1.0
single_free_hidden_r32_s231303,single,free_hidden,r32,231303,512,0.5660296993663073,0.5423033673680975
single_free_hidden_r32_s231303,single,free_hidden,r32,231303,1024,0.2785382915287091,0.24368953344171868
single_free_hidden_r32_s231303,single,free_hidden,r32,231303,2048,0.20332890827235522,0.16494466007834824
single_free_hidden_r32_s231303,single,free_hidden,r32,231303,4096,0.18910769402758026,0.14918233581943927
single_free_hidden_r32_s231303,single,free_hidden,r32,231303,8192,0.18410575648110017,0.14351883145645425
single_pair_raw_s231301,single,pair,raw,231301,0,1.0,1.0
single_pair_raw_s231301,single,pair,raw,231301,512,0.6854068630295793,0.6854068630295793
single_pair_raw_s231301,single,pair,raw,231301,1024,0.6113113496668261,0.6113113496668261
single_pair_raw_s231301,single,pair,raw,231301,2048,0.5601601184431408,0.5601601184431408
single_pair_raw_s231301,single,pair,raw,231301,4096,0.5189439729024634,0.5189439729024634
single_pair_raw_s231301,single,pair,raw,231301,8192,0.4944784010872554,0.4944784010872554
single_pair_raw_s231303,single,pair,raw,231303,0,1.0,1.0
single_pair_raw_s231303,single,pair,raw,231303,512,0.6934194502653548,0.6934194502653548
single_pair_raw_s231303,single,pair,raw,231303,1024,0.620673017224438,0.620673017224438
single_pair_raw_s231303,single,pair,raw,231303,2048,0.560654357430318,0.560654357430318
single_pair_raw_s231303,single,pair,raw,231303,4096,0.5213274670727698,0.5213274670727698
single_pair_raw_s231303,single,pair,raw,231303,8192,0.4944792116234235,0.4944792116234235
single_pair_r32_s231301,single,pair,r32,231301,0,1.0,1.0
single_pair_r32_s231301,single,pair,r32,231301,512,0.6912190727845744,0.6768266411211433
single_pair_r32_s231301,single,pair,r32,231301,1024,0.6177536906637042,0.6020153886016404
single_pair_r32_s231301,single,pair,r32,231301,2048,0.5647142465548274,0.5485349663914557
single_pair_r32_s231301,single,pair,r32,231301,4096,0.5234962121392868,0.5071750285682485
single_pair_r32_s231301,single,pair,r32,231301,8192,0.49994924377711725,0.48346124738545304
single_pair_r32_s231303,single,pair,r32,231303,0,1.0,1.0
single_pair_r32_s231303,single,pair,r32,231303,512,0.6974875069708357,0.6835766227193787
single_pair_r32_s231303,single,pair,r32,231303,1024,0.6240732770200138,0.6086968878257947
single_pair_r32_s231303,single,pair,r32,231303,2048,0.5650899739922481,0.5489447136620338
single_pair_r32_s231303,single,pair,r32,231303,4096,0.5272405823822506,0.5111237417885419
single_pair_r32_s231303,single,pair,r32,231303,8192,0.5003969358382789,0.48405974138327884
single_channel_raw_s231301,single,channel,raw,231301,0,1.0,1.0
single_channel_raw_s231301,single,channel,raw,231301,512,0.9922401367944779,0.9922401367944779
single_channel_raw_s231301,single,channel,raw,231301,1024,0.8659901371013291,0.8659901371013291
single_channel_raw_s231301,single,channel,raw,231301,2048,0.7789262458273676,0.7789262458273676
single_channel_raw_s231301,single,channel,raw,231301,4096,0.7183941887306443,0.7183941887306443
single_channel_raw_s231301,single,channel,raw,231301,8192,0.6942338442868746,0.6942338442868746
single_channel_raw_s231303,single,channel,raw,231303,0,1.0,1.0
single_channel_raw_s231303,single,channel,raw,231303,512,0.8817616900281904,0.8817616900281904
single_channel_raw_s231303,single,channel,raw,231303,1024,0.8237466235077248,0.8237466235077248
single_channel_raw_s231303,single,channel,raw,231303,2048,0.7563709762710218,0.7563709762710218
single_channel_raw_s231303,single,channel,raw,231303,4096,0.7356533843135328,0.7356533843135328
single_channel_raw_s231303,single,channel,raw,231303,8192,0.6904225028221461,0.6904225028221461
single_channel_r32_s231301,single,channel,r32,231301,0,1.0,1.0
single_channel_r32_s231301,single,channel,r32,231301,512,0.9073077471218175,0.9018767986622332
single_channel_r32_s231301,single,channel,r32,231301,1024,0.8115419794770449,0.8006473772988176
single_channel_r32_s231301,single,channel,r32,231301,2048,0.7548897589489623,0.7407837286390103
single_channel_r32_s231301,single,channel,r32,231301,4096,0.716194677562194,0.7000175387212986
single_channel_r32_s231301,single,channel,r32,231301,8192,0.6854431740456816,0.6677229065681238
single_channel_r32_s231303,single,channel,r32,231303,0,1.0,1.0
single_channel_r32_s231303,single,channel,r32,231303,512,0.9998270174452287,0.9998170440285425
single_channel_r32_s231303,single,channel,r32,231303,1024,0.974420852767039,0.9729119055548646
single_channel_r32_s231303,single,channel,r32,231303,2048,0.8259271528495639,0.8157662807893641
single_channel_r32_s231303,single,channel,r32,231303,4096,0.7535282485244584,0.7393137755223006
single_channel_r32_s231303,single,channel,r32,231303,8192,0.7228879335002437,0.7070496262208285
