job,phase,architecture,target,seed,parameters,raw_nmse,label_nmse,raw_centered_nmse,raw_energy,raw_centered_energy,seconds,head20_median_seconds,peak_bytes
single_free_hidden_raw_s231301,single,free_hidden,raw,231301,2535424,0.17929890842665142,0.17929890842665142,0.2176113116761962,0.8196716126671616,0.7906224917262036,46.04832434596028,0.0010841160255949944,1341431296
single_free_hidden_raw_s231303,single,free_hidden,raw,231303,2535424,0.17910006775617898,0.17910006775617898,0.21722933470559794,0.8206209802540076,0.7913861474743761,46.23868535703514,0.0010820850147865713,1341431296
single_free_hidden_r32_s231301,single,free_hidden,r32,231301,2535424,0.18428584670052134,0.14377377680457093,0.22119056698152517,0.8086216099951538,0.7872284786670581,43.03149505198235,0.0010827450023498386,1341431296
single_free_hidden_r32_s231303,single,free_hidden,r32,231303,2535424,0.18410575648110017,0.14351883145645425,0.22103630170687566,0.8089195435092207,0.7876290943901826,43.215893941000104,0.0010878925095312297,1341431296
single_pair_raw_s231301,single,pair,raw,231301,3627904,0.4944784010872554,0.4944784010872554,0.5303150774660672,0.49665751498490784,0.47323885286049905,125.13999133801553,0.004665243497584015,1357128704
single_pair_raw_s231303,single,pair,raw,231303,3627904,0.4944792116234235,0.4944792116234235,0.5305419726089752,0.5001899524481,0.47171977194130105,125.52066617499804,0.0047446540265809745,1357128704
single_pair_r32_s231301,single,pair,r32,231301,3627904,0.49994924377711725,0.48346124738545304,0.5363546566596548,0.48275280361135176,0.4606723670318726,126.07496987696504,0.0046165474923327565,1357128704
single_pair_r32_s231303,single,pair,r32,231303,3627904,0.5003969358382789,0.48405974138327884,0.5376999554849137,0.486421805004418,0.4614306254327606,127.36849459295627,0.004689671011874452,1357128704
single_channel_raw_s231301,single,channel,raw,231301,3586624,0.6942338442868746,0.6942338442868746,0.7245058410780707,0.3072039282248428,0.31021271968100933,140.058876872994,0.005199778504902497,1756170752
single_channel_raw_s231303,single,channel,raw,231303,3586624,0.6904225028221461,0.6904225028221461,0.7222375619087326,0.2996433993775167,0.302485072286035,143.58710671099834,0.005194756493438035,1756170752
single_channel_r32_s231301,single,channel,r32,231301,3586624,0.6854431740456816,0.6677229065681238,0.7163672566577904,0.31055994659666125,0.3155492259747902,135.12463987601222,0.004717620031442493,1756170752
single_channel_r32_s231303,single,channel,r32,231303,3586624,0.7228879335002437,0.7070496262208285,0.7536890340288991,0.2335074920994769,0.2385681546975166,134.83655555400765,0.004821988521143794,1756170752
