audit_replay_seconds,coordinate_write_seconds,cycles,decode_4noise_seconds,device_atom_seconds,esm_seconds,first_use_screen_seconds,model_load_seconds,native_seconds,parent_index,pdb_id,resident_screen_seconds,screen_score_seconds,sequences,shared_setup_seconds,total_seconds,trunk_seconds
0.030293531250208616,0.28109090286307037,2,13.60546731541399,0.33714089111890644,3.992110838764347,102.71704188827425,47.9878598380601,10.177753352792934,28,4lr3,54.72918205021415,5.073137542232871,77,0.008429426001384854,54.720752624212764,21.202394587453455
0.17028753669001162,0.27751193509902805,4,13.620757904369384,0.33736927690915763,3.996755494736135,123.22182260605041,47.9878598380601,10.399707287549973,28,4lr3,75.2339627679903,4.901018922450021,77,0.008429426001384854,75.22553334198892,41.64087690797169
0.03179989056661725,0.27694125508423895,22,20.62772650003899,0.6837627532659099,5.337504270719364,119.33439678431023,47.9878598380601,17.044636692502536,28,4lr3,71.34653694625013,4.882946447352879,77,0.008429426001384854,71.33810752024874,22.42447744985111
0.0318655309965834,0.28100257529877126,31,20.623109362786636,0.6743063945323229,5.337135112844408,109.20258835807908,47.9878598380601,17.005821779253893,28,4lr3,61.21472852001898,4.889893921441399,77,0.008429426001384854,61.206299094017595,12.335476341890171
0.021494361106306314,0.18459538812749088,2,10.06838839687407,0.25168749841395766,2.9772707108641043,81.78927593550179,47.9878598380601,5.416310895234346,1,1c5e,33.80141609744169,2.2046591950347647,77,0.003566558938473463,33.797849538503215,12.6578399813734
0.145939952111803,0.18692242784891278,4,10.052532870671712,0.2531384995672852,2.977355162263848,93.87073757406324,47.9878598380601,5.419310177559964,1,1c5e,45.88287773600314,2.2070937115931883,77,0.003566558938473463,45.879311177064665,24.745709453476593
0.022750194533728063,0.18223700148519129,22,10.111274080001749,0.25026220839936286,2.978385242051445,82.05340806324966,47.9878598380601,5.406112790806219,1,1c5e,34.06554822518956,2.217141360626556,77,0.003566558938473463,34.061981666251086,12.878010936197825
0.03418575250543654,0.1840131189674139,31,10.067721513449214,0.25365377170965075,2.97835673938971,76.14091502386145,47.9878598380601,5.4255822284612805,1,1c5e,28.15305518580135,2.2151086506200954,77,0.003566558938473463,28.149488626862876,6.985765460412949
0.02952296589501202,0.25019900093320757,2,12.68305602145847,0.322048926143907,3.929085651994683,99.50057348923292,48.120174285024405,9.433437808882445,27,1xko,51.380399204208516,4.297923028585501,77,0.006755417911335826,51.37364378629718,20.40315266745165
0.16527494171168655,0.25324342236854136,4,12.607936605345458,0.3239447239320725,3.9363245361018926,119.1286824257113,48.120174285024405,9.426959048607387,27,1xko,71.0085081406869,4.31661896139849,77,0.006755417911335826,71.00175272277556,40.08618211862631
0.03112608566880226,0.25176153192296624,22,19.731555955135264,0.6840566914761439,5.335807546158321,116.99585426214617,48.120174285024405,16.765096303774044,27,1xko,68.87567997712176,4.362379793077707,77,0.006755417911335826,68.86892455921043,21.67607695783954
0.031025842996314168,0.25480821810197085,31,19.77573810541071,0.6875037144636735,5.3354148579528555,107.22920993773732,48.120174285024405,16.712345095467754,27,1xko,59.10903565271292,4.31659619754646,77,0.006755417911335826,59.10228023480158,11.95877550158184
0.023382130777463317,0.2109582539414987,2,11.226782591431402,0.2714557891013101,3.0556685004848987,85.23577206593473,48.120174285024405,6.476497555733658,2,4gn0,37.11559778091032,2.5385079480474815,77,0.0038295499980449677,37.111768230912276,13.29050608491525
0.1532659768126905,0.21082376700360328,4,11.173124292865396,0.27237056172452867,3.054607694153674,97.8729800953297,48.120174285024405,6.529981280327775,2,4gn0,49.75280581030529,2.547793766250834,77,0.0038295499980449677,49.748976260307245,25.917812543921173
0.024926545447669923,0.21117765817325562,22,11.154087021830492,0.2710510375909507,3.0538971427595243,85.38071832188871,48.120174285024405,6.537646059994586,2,4gn0,37.2605440368643,2.535015559173189,77,0.0038295499980449677,37.25671448686626,13.449151112465188
0.02483473066240549,0.21073521440848708,31,11.136654752190225,0.2737336651189253,3.0576990864938125,79.23613966524135,48.120174285024405,6.543306757463142,2,4gn0,31.11596538021695,2.5309980274178088,77,0.0038295499980449677,31.112135830218904,7.313541828538291
0.02772822801489383,0.24286850017961115,2,12.340586951933801,0.3167421598918736,3.4737323919543996,95.57373451348394,48.71287968591787,8.75650080514606,13,1jke,46.86085482756607,3.910317289060913,77,0.007478029001504183,46.85337679856457,17.758898298139684
0.1596456398256123,0.24367460538633168,4,12.28648001421243,0.3235916952835396,3.469087228993885,112.55363684264012,48.71287968591787,8.724924438167363,13,1jke,63.84075715672225,3.9142113445559517,77,0.007478029001504183,63.83327912772074,34.81818794470746
0.029864639276638627,0.24449723854195327,22,19.44443407782819,0.6755378654925153,4.891968635376543,113.02995858807117,48.71287968591787,16.098028024309315,13,1jke,64.3170789021533,3.8941262275911868,77,0.007478029001504183,64.3096008731518,19.002421278855763
0.029425507877022028,0.24105186783708632,31,19.423468214343302,0.6893909198697656,4.888630291330628,104.58792758046184,48.71287968591787,16.069941951776855,13,1jke,55.87504789454397,3.9047700446099043,77,0.007478029001504183,55.867569865542464,10.593430672073737
0.022799537982791662,0.22554054239299148,2,11.74172214535065,0.2919611012330279,3.111814561765641,87.23193392110988,48.71287968591787,7.246779206441715,8,2v66,38.519054235192016,2.6204595082672313,77,0.0041862289654091,38.51486800622661,13.232560445088893
0.15909712784923613,0.22793489485047758,4,11.669080136809498,0.2899086233228445,3.094298261567019,99.65337242663372,48.71287968591787,7.237389787915163,8,2v66,50.940492740715854,2.5628583314828575,77,0.0041862289654091,50.936306511750445,25.806832147645764
0.024184368550777435,0.22407069767359644,22,11.823844209546223,0.2891465997090563,3.100619246601127,87.38243155542295,48.71287968591787,7.216092227841727,8,2v66,38.669551869505085,2.535712852841243,77,0.0041862289654091,38.665365640539676,13.432850823854096
0.02412106958217919,0.22503935603890568,31,11.736305746948346,0.2990075023844838,3.093610599753447,81.08885572873987,48.71287968591787,7.207868919591419,8,2v66,32.375976042822,2.4833990883780643,77,0.0041862289654091,32.371789813856594,7.281793291331269
0.02088460884988308,0.18798673816490918,2,9.962970260181464,0.2348411912098527,2.753999487380497,81.56741569319274,48.71287968591787,5.405835091602057,0,5oi7,32.854536007274874,1.9982896407600492,77,0.0037392890080809593,32.85079671826679,12.264267911319621
0.14502720010932535,0.1872902330942452,4,10.048325897892937,0.2337499347049743,2.738197475206107,93.33582279179245,48.71287968591787,5.420916770817712,0,5oi7,44.62294310587458,2.0404023920418695,77,0.0037392890080809593,44.6192038168665,23.907617909484543
0.0227058237651363,0.18791739572770894,22,9.946917238645256,0.24247814470436424,2.744179133675061,82.02838303835597,48.71287968591787,5.411754286033101,0,5oi7,33.3155033524381,2.2959117353893816,77,0.0037392890080809593,33.31176406343002,12.444197178585455
0.022417142055928707,0.1852206876501441,31,9.946856076363474,0.24069439503364265,2.7534678837982938,76.081887112814,48.71287968591787,5.413495039683767,0,5oi7,27.369007426896133,2.039368351572193,77,0.0037392890080809593,27.36526813788805,6.743179554818198
0.025270996964536607,0.2511484744027257,2,12.359905704390258,0.31605164078064263,3.498126212391071,94.55027786199935,48.024163668975234,8.987144905724563,15,1lj9,46.526114193024114,3.456646775943227,77,0.006996894022449851,46.519117299001664,17.597859838977456
0.16418777918443084,0.25304090313147753,4,12.285426332731731,0.31581219693180174,3.4946134390775114,111.12625921727158,48.024163668975234,8.708444868563674,15,1lj9,63.10209554829635,3.5246101070661098,77,0.006996894022449851,63.0950986542739,34.462855155812576
0.02693650289438665,0.24922943755518645,22,19.25624493265059,0.6795217161998153,4.846229923190549,110.95144340780098,48.024163668975234,15.567158083315007,15,1lj9,62.927279738825746,3.4463316274341196,77,0.006996894022449851,62.920282844803296,18.815748297376558
0.02699283300898969,0.2500708980951458,31,19.32234396331478,0.6745635370025411,4.841598762432113,102.67587060155347,48.024163668975234,15.589849370531738,15,1lj9,54.651706932578236,3.4568261180538684,77,0.006996894022449851,54.644710038555786,10.45049757079687
0.02333145181182772,0.20348909543827176,2,10.643031874671578,0.2722542881965637,3.1198940648464486,83.86726727196947,48.024163668975234,6.510492645786144,14,3qr7,35.84310360299423,2.1837390980217606,77,0.004058544989675283,35.83904505800456,12.86274939076975
0.15371649619191885,0.20589901704806834,4,10.730587153695524,0.26956533291377127,3.1245051400037482,95.93965800071601,48.024163668975234,6.501693430822343,14,3qr7,47.915494331740774,2.0420643306570128,77,0.004058544989675283,47.9114357867511,24.994500695262104
0.024790418916381896,0.20527715887874365,22,10.704505824483931,0.26622919528745115,3.1238343693548813,83.95474703551736,48.024163668975234,6.515678426949307,14,3qr7,35.93058336654212,2.03261072258465,77,0.004058544989675283,35.92652482155245,13.035138016333804
0.024637819617055357,0.20506796811241657,31,10.725052616675384,0.26898047840222716,3.123047073953785,78.28125454566907,48.024163668975234,6.783897441113368,14,3qr7,30.257090876693837,2.039279945543967,77,0.004058544989675283,30.253032331704162,7.065074336947873
