site_key,parent_index,pdb_id,position_zero_based,position_one_based,original_aa,length,role_n15,role_n3,candidates,teacher_prefix
p0_s48,0,6AHP,47,48,Y,110,dev_unseen_protein,dev_unseen_protein,ACDEFGHIKLMNPQRSTVW,teacher_3/p0_s48_
p0_s58,0,6AHP,57,58,L,110,dev_unseen_protein,dev_unseen_protein,ACDEFGHIKMNPQRSTVWY,teacher_3/p0_s58_
p1_s25,1,1X8D,24,25,I,104,dev_unseen_protein,dev_unseen_protein,ACDEFGHKLMNPQRSTVWY,teacher_7/p1_s25_
p1_s78,1,1X8D,77,78,K,104,dev_unseen_protein,dev_unseen_protein,ACDEFGHILMNPQRSTVWY,teacher_7/p1_s78_
p2_s30,2,2EBE,29,30,A,106,dev_unseen_protein,dev_unseen_protein,CDEFGHIKLMNPQRSTVWY,teacher_5/p2_s30_
p2_s47,2,2EBE,46,47,E,106,dev_unseen_protein,dev_unseen_protein,ACDFGHIKLMNPQRSTVWY,teacher_5/p2_s47_
p3_s37,3,1W53,36,37,T,84,train,train,ACDEFGHIKLMNPQRSVWY,teacher_2/p3_s37_
p3_s84,3,1W53,83,84,Y,84,dev_new_site,dev_new_site,ACDEFGHIKLMNPQRSTVW,teacher_2/p3_s84_
p4_s2,4,1JHG,1,2,A,101,train,expansion_sites_not_trained_n3,CDEFGHIKLMNPQRSTVWY,teacher_4/p4_s2_
p4_s25,4,1JHG,24,25,N,101,dev_new_site,dev_transition_parent_unseen_n3_seen_n15,ACDEFGHIKLMPQRSTVWY,teacher_4/p4_s25_
p5_s34,5,1A7G,33,34,S,82,dev_new_site,dev_transition_parent_unseen_n3_seen_n15,ACDEFGHIKLMNPQRTVWY,teacher_0/p5_s34_
p5_s65,5,1A7G,64,65,N,82,train,expansion_sites_not_trained_n3,ACDEFGHIKLMPQRSTVWY,teacher_0/p5_s65_
p6_s10,6,4PT4,9,10,L,99,dev_unseen_protein,dev_unseen_protein,ACDEFGHIKMNPQRSTVWY,teacher_1/p6_s10_
p6_s17,6,4PT4,16,17,D,99,dev_unseen_protein,dev_unseen_protein,ACEFGHIKLMNPQRSTVWY,teacher_1/p6_s17_
p7_s44,7,2P7T,43,44,A,103,train,expansion_sites_not_trained_n3,CDEFGHIKLMNPQRSTVWY,teacher_6/p7_s44_
p7_s86,7,2P7T,85,86,T,103,train,expansion_sites_not_trained_n3,ACDEFGHIKLMNPQRSVWY,teacher_6/p7_s86_
p8_s101,8,3SXZ,100,101,R,140,dev_unseen_protein,dev_unseen_protein,ACDEFGHIKLMNPQSTVWY,teacher_5/p8_s101_
p8_s108,8,3SXZ,107,108,E,140,dev_unseen_protein,dev_unseen_protein,ACDFGHIKLMNPQRSTVWY,teacher_5/p8_s108_
p9_s42,9,4PQL,41,42,L,131,dev_unseen_protein,dev_unseen_protein,ACDEFGHIKMNPQRSTVWY,teacher_3/p9_s42_
p9_s89,9,4PQL,88,89,E,131,dev_unseen_protein,dev_unseen_protein,ACDFGHIKLMNPQRSTVWY,teacher_3/p9_s89_
p10_s45,10,6ZRW,44,45,T,126,dev_unseen_protein,dev_unseen_protein,ACDEFGHIKLMNPQRSVWY,teacher_1/p10_s45_
p10_s80,10,6ZRW,79,80,P,126,dev_unseen_protein,dev_unseen_protein,ACDEFGHIKLMNQRSTVWY,teacher_1/p10_s80_
p11_s49,11,2DP9,48,49,L,124,train,train,ACDEFGHIKMNPQRSTVWY,teacher_0/p11_s49_
p11_s52,11,2DP9,51,52,Q,124,train,train,ACDEFGHIKLMNPRSTVWY,teacher_0/p11_s52_
p12_s11,12,5GPE,10,11,A,129,train,expansion_sites_not_trained_n3,CDEFGHIKLMNPQRSTVWY,teacher_2/p12_s11_
p12_s72,12,5GPE,71,72,D,129,train,expansion_sites_not_trained_n3,ACEFGHIKLMNPQRSTVWY,teacher_2/p12_s72_
p13_s95,13,1QVC,94,95,D,145,train,expansion_sites_not_trained_n3,ACEFGHIKLMNPQRSTVWY,teacher_6/p13_s95_
p13_s107,13,1QVC,106,107,G,145,train,expansion_sites_not_trained_n3,ACDEFHIKLMNPQRSTVWY,teacher_6/p13_s107_
p14_s6,14,4AKD,5,6,I,150,train,expansion_sites_not_trained_n3,ACDEFGHKLMNPQRSTVWY,teacher_7/p14_s6_
p14_s8,14,4AKD,7,8,V,150,train,expansion_sites_not_trained_n3,ACDEFGHIKLMNPQRSTWY,teacher_7/p14_s8_
p15_s13,15,5MH3,12,13,P,143,train,expansion_sites_not_trained_n3,ACDEFGHIKLMNQRSTVWY,teacher_4/p15_s13_
p15_s66,15,5MH3,65,66,E,143,train,expansion_sites_not_trained_n3,ACDFGHIKLMNPQRSTVWY,teacher_4/p15_s66_
p16_s5,16,1YSB,4,5,V,161,dev_unseen_protein,dev_unseen_protein,ACDEFGHIKLMNPQRSTWY,teacher_6/p16_s5_
p16_s110,16,1YSB,109,110,V,161,dev_unseen_protein,dev_unseen_protein,ACDEFGHIKLMNPQRSTWY,teacher_6/p16_s110_
p17_s44,17,2FKZ,43,44,E,155,dev_unseen_protein,dev_unseen_protein,ACDFGHIKLMNPQRSTVWY,teacher_7/p17_s44_
p17_s137,17,2FKZ,136,137,Q,155,dev_unseen_protein,dev_unseen_protein,ACDEFGHIKLMNPRSTVWY,teacher_7/p17_s137_
p18_s13,18,1DZR,12,13,L,183,train,train,ACDEFGHIKMNPQRSTVWY,teacher_1/p18_s13_
p18_s179,18,1DZR,178,179,A,183,train,train,CDEFGHIKLMNPQRSTVWY,teacher_1/p18_s179_
p19_s90,19,2ED6,89,90,T,170,train,expansion_sites_not_trained_n3,ACDEFGHIKLMNPQRSVWY,teacher_3/p19_s90_
p19_s137,19,2ED6,136,137,V,170,train,expansion_sites_not_trained_n3,ACDEFGHIKLMNPQRSTWY,teacher_3/p19_s137_
p20_s100,20,2ARC,99,100,E,164,train,expansion_sites_not_trained_n3,ACDFGHIKLMNPQRSTVWY,teacher_4/p20_s100_
p20_s112,20,2ARC,111,112,G,164,train,expansion_sites_not_trained_n3,ACDEFHIKLMNPQRSTVWY,teacher_4/p20_s112_
p21_s23,21,1M4I,22,23,D,181,train,expansion_sites_not_trained_n3,ACEFGHIKLMNPQRSTVWY,teacher_2/p21_s23_
p21_s128,21,1M4I,127,128,S,181,train,expansion_sites_not_trained_n3,ACDEFGHIKLMNPQRTVWY,teacher_2/p21_s128_
p22_s25,22,4HUT,24,25,I,191,train,expansion_sites_not_trained_n3,ACDEFGHKLMNPQRSTVWY,teacher_0/p22_s25_
p22_s44,22,4HUT,43,44,A,191,train,expansion_sites_not_trained_n3,CDEFGHIKLMNPQRSTVWY,teacher_0/p22_s44_
p23_s68,23,4HGR,67,68,L,164,train,expansion_sites_not_trained_n3,ACDEFGHIKMNPQRSTVWY,teacher_5/p23_s68_
p23_s148,23,4HGR,147,148,V,164,train,expansion_sites_not_trained_n3,ACDEFGHIKLMNPQRSTWY,teacher_5/p23_s148_
