run,contrast,parent,pdb,correct_regret,other_regret,delta_regret,contribution_to_parent_mean,changed_selections
n15_workspace_272001,correct-common,0,6AHP,0.023366953982934202,0.03908822749268885,-0.015721273509754552,-0.0017468081677504,2
n15_workspace_272001,correct-common,1,1X8D,0.028174439856314952,0.027548719735882552,0.00062572012043235,6.952445782581951e-05,1
n15_workspace_272001,correct-common,2,2EBE,1.1729857466906957,1.1241143382740542,0.0488714084166415,0.0054301564907379,1
n15_workspace_272001,correct-common,6,4PT4,0.059507722625609605,0.0425983214805529,0.01690940114505665,0.0018788223494507,1
n15_workspace_272001,correct-common,8,3SXZ,0.03254000570540815,0.0047153621699198,0.02782464353548825,0.0030916270594986,2
n15_workspace_272001,correct-common,9,4PQL,0.02485027852799225,0.0169591058840972,0.00789117264389505,0.0008767969604328,2
n15_workspace_272001,correct-common,10,6ZRW,0.6672663914109088,0.8039036748093352,-0.1366372833984264,-0.0151819203776028,2
n15_workspace_272001,correct-common,16,1YSB,0.0192690581968276,0.01221675180575945,0.00705230639106815,0.0007835895990075,1
n15_workspace_272001,correct-common,17,2FKZ,0.0022979481538059,0.00279475828051575,-0.0004968101267099,-5.52011251899908e-05,2
n15_workspace_272001,correct-reference_only,0,6AHP,0.023366953982934202,0.03908822749268885,-0.015721273509754552,-0.0017468081677504,2
n15_workspace_272001,correct-reference_only,1,1X8D,0.028174439856314952,0.027548719735882552,0.00062572012043235,6.952445782581951e-05,1
n15_workspace_272001,correct-reference_only,2,2EBE,1.1729857466906957,1.1241143382740542,0.0488714084166415,0.0054301564907379,1
n15_workspace_272001,correct-reference_only,6,4PT4,0.059507722625609605,0.0425983214805529,0.01690940114505665,0.0018788223494507,1
n15_workspace_272001,correct-reference_only,8,3SXZ,0.03254000570540815,0.013956046948237601,0.0185839587571705,0.0020648843063522,1
n15_workspace_272001,correct-reference_only,9,4PQL,0.02485027852799225,0.0169591058840972,0.00789117264389505,0.0008767969604328,2
n15_workspace_272001,correct-reference_only,10,6ZRW,0.6672663914109088,0.7969754507537025,-0.12970905934279364,-0.0144121177047548,1
n15_workspace_272001,correct-reference_only,16,1YSB,0.0192690581968276,0.0233523217224905,-0.0040832635256629,-0.0004536959472958,1
n15_workspace_272001,correct-reference_only,17,2FKZ,0.0022979481538059,0.007943569224452,-0.0056456210706461,-0.0006272912300717,1
n15_workspace_272001,correct-shuffled,0,6AHP,0.023366953982934202,0.0282787368010717,-0.0049117828181375,-0.0005457536464597001,2
n15_workspace_272001,correct-shuffled,1,1X8D,0.028174439856314952,0.00959820387957315,0.01857623597674175,0.0020640262196379,1
n15_workspace_272001,correct-shuffled,2,2EBE,1.1729857466906957,1.055745820606069,0.1172399260846267,0.0130266584538473,2
n15_workspace_272001,correct-shuffled,6,4PT4,0.059507722625609605,0.07471430588114,-0.01520658325553035,-0.0016896203617255,2
n15_workspace_272001,correct-shuffled,8,3SXZ,0.03254000570540815,0.0056266408693705,0.0269133648360376,0.0029903738706708,2
n15_workspace_272001,correct-shuffled,9,4PQL,0.02485027852799225,0.0208640213231559,0.0039862572048364004,0.000442917467204,2
n15_workspace_272001,correct-shuffled,10,6ZRW,0.6672663914109088,0.21373808117866,0.45352831023224877,0.050392034470249904,2
n15_workspace_272001,correct-shuffled,16,1YSB,0.0192690581968276,0.0383945205707208,-0.0191254623738931,-0.0021250513748768997,2
n15_workspace_272001,correct-shuffled,17,2FKZ,0.0022979481538059,0.0031826555847460003,-0.0008847074309401,-9.830082566001398e-05,1
n15_workspace_272003,correct-common,0,6AHP,0.0176148026736421,0.03908822749268885,-0.02147342481904665,-0.002385936091005,2
n15_workspace_272003,correct-common,1,1X8D,0.02963426460405135,0.027548719735882552,0.0020855448681688,0.0002317272075743,1
n15_workspace_272003,correct-common,2,2EBE,0.6897696206414595,1.1241143382740542,-0.43434471763259463,-0.0482605241813993,2
n15_workspace_272003,correct-common,6,4PT4,0.03817866360331215,0.038478304909563,-0.0002996413062508,-3.329347847231329e-05,1
n15_workspace_272003,correct-common,8,3SXZ,0.00419478359967755,0.00296869016499695,0.00122609343468055,0.0001362326038533,1
n15_workspace_272003,correct-common,9,4PQL,0.0316815549022307,0.0169591058840972,0.014722449018133401,0.0016358276686814879,2
n15_workspace_272003,correct-common,10,6ZRW,0.7394945489698608,0.7537324949487644,-0.014237945978903654,-0.0015819939976559963,2
n15_workspace_272003,correct-common,16,1YSB,0.02068549215761015,0.01221675180575945,0.0084687403518507,0.0009409711502055,2
n15_workspace_272003,correct-common,17,2FKZ,0.0026388320839918003,0.007943569224452,-0.0053047371404601,-0.0005894152378288303,2
n15_workspace_272003,correct-reference_only,0,6AHP,0.0176148026736421,0.03908822749268885,-0.02147342481904665,-0.002385936091005,2
n15_workspace_272003,correct-reference_only,1,1X8D,0.02963426460405135,0.027548719735882552,0.0020855448681688,0.0002317272075743,1
n15_workspace_272003,correct-reference_only,2,2EBE,0.6897696206414595,1.1241143382740542,-0.43434471763259463,-0.0482605241813993,2
n15_workspace_272003,correct-reference_only,6,4PT4,0.03817866360331215,0.0425983214805529,-0.0044196578772407,-0.0004910730974711,1
n15_workspace_272003,correct-reference_only,8,3SXZ,0.00419478359967755,0.013956046948237601,-0.0097612633485601,-0.0010845848165067,2
n15_workspace_272003,correct-reference_only,9,4PQL,0.0316815549022307,0.0169591058840972,0.014722449018133401,0.0016358276686814879,2
n15_workspace_272003,correct-reference_only,10,6ZRW,0.7394945489698608,0.7969754507537025,-0.05748090178384174,-0.006386766864871302,2
n15_workspace_272003,correct-reference_only,16,1YSB,0.02068549215761015,0.0233523217224905,-0.00266682956488035,-0.0002963143960978,2
n15_workspace_272003,correct-reference_only,17,2FKZ,0.0026388320839918003,0.007943569224452,-0.0053047371404601,-0.0005894152378288303,2
n15_workspace_272003,correct-shuffled,0,6AHP,0.0176148026736421,0.03810007275231955,-0.02048527007867735,-0.0022761411198529,2
n15_workspace_272003,correct-shuffled,1,1X8D,0.02963426460405135,0.027823904467669552,0.0018103601363818,0.0002011511262646,1
n15_workspace_272003,correct-shuffled,2,2EBE,0.6897696206414595,2.0121862608458017,-1.322416640204342,-0.1469351822449268,2
n15_workspace_272003,correct-shuffled,6,4PT4,0.03817866360331215,0.05246885136981745,-0.01429018776650525,-0.0015877986407228,1
n15_workspace_272003,correct-shuffled,8,3SXZ,0.00419478359967755,0.0128787659519462,-0.008683982352268678,-0.0009648869280298086,2
n15_workspace_272003,correct-shuffled,9,4PQL,0.0316815549022307,0.04256322686203975,-0.0108816719598091,-0.0012090746622009122,2
n15_workspace_272003,correct-shuffled,10,6ZRW,0.7394945489698608,0.16471512621911205,0.5747794227507487,0.06386438030563871,2
n15_workspace_272003,correct-shuffled,16,1YSB,0.02068549215761015,0.03184772061962225,-0.011162228462012,-0.0012402476068901,2
n15_workspace_272003,correct-shuffled,17,2FKZ,0.0026388320839918003,0.00202230497234065,0.00061652711165115,6.850301240568358e-05,2
n3_workspace_272001,correct-common,0,6AHP,0.02789793094355875,0.03908822749268885,-0.01119029654913,-0.0012433662832366,2
n3_workspace_272001,correct-common,1,1X8D,0.0364672273239544,0.027548719735882552,0.00891850758807185,0.0009909452875634,2
n3_workspace_272001,correct-common,2,2EBE,1.2454278536857257,0.7186454309453406,0.5267824227403851,0.058531380304487096,2
n3_workspace_272001,correct-common,6,4PT4,0.03820032994506625,0.0425983214805529,-0.0043979915354867,-0.0004886657261652,2
n3_workspace_272001,correct-common,8,3SXZ,0.0023660158082586,0.0047153621699198,-0.0023493463616612,-0.000261038484629,1
n3_workspace_272001,correct-common,9,4PQL,0.0328228048795281,0.00916430126473455,0.0236585036147935,0.0026287226238659,1
n3_workspace_272001,correct-common,10,6ZRW,0.5059886638337513,0.7468042708931316,-0.2408156070593803,-0.026757289673264503,2
n3_workspace_272001,correct-common,16,1YSB,0.039445797087034905,0.0233523217224905,0.016093475364544352,0.0017881639293938,2
n3_workspace_272001,correct-common,17,2FKZ,0.00793951682707145,0.00279475828051575,0.005144758546555651,0.0005716398385060928,2
n3_workspace_272001,correct-reference_only,0,6AHP,0.02789793094355875,0.03908822749268885,-0.01119029654913,-0.0012433662832366,2
n3_workspace_272001,correct-reference_only,1,1X8D,0.0364672273239544,0.027548719735882552,0.00891850758807185,0.0009909452875634,2
n3_workspace_272001,correct-reference_only,2,2EBE,1.2454278536857257,1.1241143382740542,0.1213135154116716,0.013479279490185701,2
n3_workspace_272001,correct-reference_only,6,4PT4,0.03820032994506625,0.0425983214805529,-0.0043979915354867,-0.0004886657261652,2
n3_workspace_272001,correct-reference_only,8,3SXZ,0.0023660158082586,0.013956046948237601,-0.011590031139979,-0.0012877812377754,1
n3_workspace_272001,correct-reference_only,9,4PQL,0.0328228048795281,0.0169591058840972,0.0158636989954309,0.0017626332217145998,2
n3_workspace_272001,correct-reference_only,10,6ZRW,0.5059886638337513,0.7969754507537025,-0.29098678691995117,-0.032331865213327905,2
n3_workspace_272001,correct-reference_only,16,1YSB,0.039445797087034905,0.0233523217224905,0.016093475364544352,0.0017881639293938,2
n3_workspace_272001,correct-reference_only,17,2FKZ,0.00793951682707145,0.007943569224452,-4.052397380499974e-06,-4.5026637561198835e-07,2
n3_workspace_272001,correct-shuffled,0,6AHP,0.02789793094355875,0.02687465764427325,0.0010232732992855,0.0001136970332539,1
n3_workspace_272001,correct-shuffled,1,1X8D,0.0364672273239544,0.0232629175994858,0.0132043097244686,0.0014671455249408,2
n3_workspace_272001,correct-shuffled,2,2EBE,1.2454278536857257,1.090867018559535,0.1545608351261908,0.017173426125132295,2
n3_workspace_272001,correct-shuffled,6,4PT4,0.03820032994506625,0.03025499917082815,0.00794533077423805,0.0008828145304709,2
n3_workspace_272001,correct-shuffled,8,3SXZ,0.0023660158082586,0.0015404411707738998,0.0008255746374846501,9.173051527607771e-05,2
n3_workspace_272001,correct-shuffled,9,4PQL,0.0328228048795281,0.02337040391266805,0.009452400966860001,0.0010502667740955,2
n3_workspace_272001,correct-shuffled,10,6ZRW,0.5059886638337513,0.8081362911385019,-0.30214762730475053,-0.0335719585894167,1
n3_workspace_272001,correct-shuffled,16,1YSB,0.039445797087034905,0.0253254465883139,0.014120350498721,0.0015689278331911,2
n3_workspace_272001,correct-shuffled,17,2FKZ,0.00793951682707145,0.00279475828051575,0.005144758546555651,0.0005716398385060928,2
n3_workspace_272003,correct-common,0,6AHP,0.01357409134163845,0.027474742265040798,-0.0139006509234023,-0.0015445167692668001,2
n3_workspace_272003,correct-common,1,1X8D,0.01204859350852975,0.027548719735882552,-0.0155001262273528,-0.0017222362474835998,2
n3_workspace_272003,correct-common,2,2EBE,1.0823085806901844,1.1241143382740542,-0.0418057575838697,-0.0046450841759855,1
n3_workspace_272003,correct-common,6,4PT4,0.04913955701644995,0.0425983214805529,0.006541235535897,0.000726803948433,1
n3_workspace_272003,correct-common,8,3SXZ,0.0034521814242448497,0.0047153621699198,-0.00126318074567495,-0.00014035341618606563,2
n3_workspace_272003,correct-common,9,4PQL,0.0426368328677729,0.02144779065886235,0.0211890422089105,0.0023543380232123,2
n3_workspace_272003,correct-common,10,6ZRW,0.24056219505199575,0.7969754507537025,-0.5564132557017069,-0.0618236950779674,1
n3_workspace_272003,correct-common,16,1YSB,0.0268597291730032,0.02068549215761015,0.006174237015393,0.0006860263350435001,2
n3_workspace_272003,correct-common,17,2FKZ,0.0059527468343387995,0.00279475828051575,0.003157988553823,0.00035088761709142134,2
n3_workspace_272003,correct-reference_only,0,6AHP,0.01357409134163845,0.03908822749268885,-0.02551413615105035,-0.0028349040167832,2
n3_workspace_272003,correct-reference_only,1,1X8D,0.01204859350852975,0.027548719735882552,-0.0155001262273528,-0.0017222362474835998,2
n3_workspace_272003,correct-reference_only,2,2EBE,1.0823085806901844,1.1241143382740542,-0.0418057575838697,-0.0046450841759855,1
n3_workspace_272003,correct-reference_only,6,4PT4,0.04913955701644995,0.0425983214805529,0.006541235535897,0.000726803948433,1
n3_workspace_272003,correct-reference_only,8,3SXZ,0.0034521814242448497,0.013956046948237601,-0.0105038655239927,-0.0011670961693324656,2
n3_workspace_272003,correct-reference_only,9,4PQL,0.0426368328677729,0.0169591058840972,0.0256777269836757,0.0028530807759639997,2
n3_workspace_272003,correct-reference_only,10,6ZRW,0.24056219505199575,0.7969754507537025,-0.5564132557017069,-0.0618236950779674,1
n3_workspace_272003,correct-reference_only,16,1YSB,0.0268597291730032,0.0233523217224905,0.0035074074505127,0.0003897119389458,1
n3_workspace_272003,correct-reference_only,17,2FKZ,0.0059527468343387995,0.007943569224452,-0.00199082239011315,-0.00022120248779030182,2
n3_workspace_272003,correct-shuffled,0,6AHP,0.01357409134163845,0.017811128890483398,-0.00423703754884495,-0.0004707819498716,1
n3_workspace_272003,correct-shuffled,1,1X8D,0.01204859350852975,0.030316012844771402,-0.01826741933624165,-0.0020297132595823303,2
n3_workspace_272003,correct-shuffled,2,2EBE,1.0823085806901844,1.0614680498761817,0.020840530814002722,0.002315614534889196,2
n3_workspace_272003,correct-shuffled,6,4PT4,0.04913955701644995,0.059507722625609605,-0.010368165609159652,-0.0011520184010176998,2
n3_workspace_272003,correct-shuffled,8,3SXZ,0.0034521814242448497,0.008944034314592,-0.0054918528903471,-0.0006102058767052,2
n3_workspace_272003,correct-shuffled,9,4PQL,0.0426368328677729,0.02814081293753765,0.014496019930235252,0.0016106688811371999,2
n3_workspace_272003,correct-shuffled,10,6ZRW,0.24056219505199575,1.036029368809424,-0.7954671737574283,-0.08838524152860311,2
n3_workspace_272003,correct-shuffled,16,1YSB,0.0268597291730032,0.03239349069596675,-0.0055337615229635005,-0.0006148623914404001,2
n3_workspace_272003,correct-shuffled,17,2FKZ,0.0059527468343387995,0.0042902472944452,0.0016624995398936,0.00018472217109919816,2
