run,arm,parents,sites,undefined_spearman_sites,spearman,old_spearman,new_spearman,regret,score_mae,top3_recall,top5_recall,local_mean,aa_lddt,ca_lddt,centered_response_rmse,regret_parent_median,regret_parent_max,top1,outputs,local_p95,local_p99,local_max,local_over1,geometry_pass,exact_pass_to_fail,exact_fail_to_pass,reference_pass_to_fail,reference_fail_to_pass
n3_workspace_272001,exact,9,18,0,1.0,1.0,1.0,0.008365837005721619,0.0,1.0,1.0,6.7381677265731646e-15,1.0,1.0,0.0,0.004229097714844927,0.033643696180128635,18,684,1.4069519180841175e-14,2.7051998686835772e-14,6.776078236089213e-14,0,438,0,0,45,60
n3_workspace_272001,reference_only,9,18,0,0.1524366471734893,0.19912280701754384,0.13294346978557503,0.23250401127957318,0.21684392591625495,0.2962962962962963,0.37777777777777777,0.8392526365919533,0.9233298647312663,0.9341499052948343,0.4780546699700413,0.027548719735882597,1.1241143382740542,1,684,3.653764994678006,5.620529663230023,6.14310829780586,169,423,60,45,0,0
n3_workspace_272001,correct,9,18,0,-0.008869395711500978,0.018421052631578942,0.0682261208576998,0.21517290448155002,0.2222140586974125,0.14814814814814814,0.32222222222222224,0.8540617633226399,0.9200012106722255,0.9324626686546215,0.5260752483958497,0.03646722732395448,1.2454278536857257,0,684,3.538162878009864,5.5509469284501325,6.5671535300157045,171,370,101,33,81,28
n3_workspace_272001,common,9,18,0,0.1337231968810916,0.20623781676413255,0.15116959064327487,0.17941241266502864,0.2197819107824915,0.2777777777777778,0.3333333333333333,0.8302816535821358,0.922213866520075,0.933856268450002,0.4782984054220317,0.027548719735882597,0.7468042708931316,1,684,3.5068947806185427,5.653315036103124,6.177721895258019,169,366,94,22,78,21
n3_workspace_272001,shuffled,9,18,0,0.11267056530214425,0.0813840155945419,0.11900584795321636,0.22582521489609958,0.22209401124879652,0.2777777777777778,0.3333333333333333,0.847839079892164,0.9200418144757171,0.9324412113288216,0.5296478905366411,0.025325446588313927,1.090867018559535,1,684,3.5959990359241547,5.6139429727942955,7.149742258312801,170,369,102,33,81,27
n3_workspace_272003,exact,9,18,0,1.0,1.0,1.0,0.008365837005721619,0.0,1.0,1.0,6.7381677265731646e-15,1.0,1.0,0.0,0.004229097714844927,0.033643696180128635,18,684,1.4069519180841175e-14,2.7051998686835772e-14,6.776078236089213e-14,0,438,0,0,45,60
n3_workspace_272003,reference_only,9,18,0,0.1524366471734893,0.19912280701754384,0.13294346978557503,0.23250401127957318,0.21684392591625495,0.2962962962962963,0.37777777777777777,0.8392526365919533,0.9233298647312663,0.9341499052948343,0.4780546699700413,0.027548719735882597,1.1241143382740542,1,684,3.653764994678006,5.620529663230023,6.14310829780586,169,423,60,45,0,0
n3_workspace_272003,correct,9,18,0,0.024463937621832348,0.04736842105263159,0.010623781676413245,0.16405938976757317,0.223389786583105,0.12962962962962962,0.3111111111111111,0.8678564234063947,0.9191944271459828,0.931210013794834,0.5290119137402535,0.026859729173003277,1.0823085806901844,1,684,3.8668192449056185,5.674662780618142,6.292191848063588,167,367,105,34,79,23
n3_workspace_272003,common,9,18,0,0.1340155945419103,0.20964912280701753,0.1780701754385965,0.22981721953068238,0.2207336001955037,0.24074074074074073,0.32222222222222224,0.839111990538397,0.9214303368032962,0.932895670370892,0.4780641563509998,0.027474742265040847,1.1241143382740542,1,684,3.629192039859142,5.60127993129142,6.192389535580014,170,380,89,31,60,17
n3_workspace_272003,shuffled,9,18,0,0.05994152046783623,0.05185185185185185,0.10409356725146199,0.253211207587668,0.21913809357646089,0.16666666666666666,0.35555555555555557,0.8551993171035629,0.9195325980043848,0.9315704364693992,0.5218520056290358,0.030316012844771444,1.0614680498761817,2,684,3.684657805140795,5.58577442301949,6.183399804894387,169,360,108,30,82,19
n15_workspace_272001,exact,9,18,0,1.0,1.0,1.0,0.008365837005721619,0.0,1.0,1.0,6.7381677265731646e-15,1.0,1.0,0.0,0.004229097714844927,0.033643696180128635,18,684,1.4069519180841175e-14,2.7051998686835772e-14,6.776078236089213e-14,0,438,0,0,45,60
n15_workspace_272001,reference_only,9,18,0,0.1524366471734893,0.19912280701754384,0.13294346978557503,0.23250401127957318,0.21684392591625495,0.2962962962962963,0.37777777777777777,0.8392526365919533,0.9233298647312663,0.9341499052948343,0.4780546699700413,0.027548719735882597,1.1241143382740542,1,684,3.653764994678006,5.620529663230023,6.14310829780586,169,423,60,45,0,0
n15_workspace_272001,correct,9,18,0,0.11764132553606237,0.1408382066276803,0.16159844054580896,0.22558428279449969,0.22319096468262728,0.24074074074074073,0.37777777777777777,0.8652460003427129,0.9192345789007054,0.9306422750544914,0.48623731948929116,0.028174439856314973,1.1729857466906957,2,684,3.965482990800632,5.540861609059419,6.135558383672946,178,430,55,47,19,26
n15_workspace_272001,common,9,18,0,0.17631578947368423,0.21929824561403508,0.13606237816764133,0.23043769554808963,0.22134775856941546,0.3333333333333333,0.41111111111111115,0.8665467625204617,0.9200312087705333,0.9314053577593435,0.47838514817901256,0.027548719735882597,1.1241143382740542,1,684,3.926339566521658,5.650545974691055,6.190907770954987,180,418,55,35,20,15
n15_workspace_272001,shuffled,9,18,0,0.12378167641325538,0.14951267056530212,0.12846003898635477,0.16112699852161194,0.21957393982890527,0.2222222222222222,0.36666666666666664,0.865139762554937,0.9194990664071288,0.9310691528776989,0.4851000533008688,0.02827873680107175,1.055745820606069,0,684,3.9317739154939466,5.596862525751931,6.103030789070009,175,431,51,44,18,26
n15_workspace_272003,exact,9,18,0,1.0,1.0,1.0,0.008365837005721619,0.0,1.0,1.0,6.7381677265731646e-15,1.0,1.0,0.0,0.004229097714844927,0.033643696180128635,18,684,1.4069519180841175e-14,2.7051998686835772e-14,6.776078236089213e-14,0,438,0,0,45,60
n15_workspace_272003,reference_only,9,18,0,0.1524366471734893,0.19912280701754384,0.13294346978557503,0.23250401127957318,0.21684392591625495,0.2962962962962963,0.37777777777777777,0.8392526365919533,0.9233298647312663,0.9341499052948343,0.4780546699700413,0.027548719735882597,1.1241143382740542,1,684,3.653764994678006,5.620529663230023,6.14310829780586,169,423,60,45,0,0
n15_workspace_272003,correct,9,18,0,-0.02348927875243664,0.08128654970760234,-0.026120857699805065,0.17487695147064852,0.21855815025431086,0.24074074074074073,0.24444444444444446,0.8785900235090484,0.9199832929840639,0.9313380282349377,0.4927392300650583,0.029634264604051407,0.7394945489698608,1,684,4.006035249888884,5.620983390359374,6.234632228201516,176,387,88,37,65,29
n15_workspace_272003,common,9,18,0,0.18430799220272903,0.2280701754385965,0.1580896686159844,0.22478335582669542,0.217038060957224,0.3333333333333333,0.3777777777777778,0.8727782191544116,0.9211188416864269,0.9321372370424508,0.478352065091404,0.027548719735882597,1.1241143382740542,1,684,4.012650561515329,5.607256597205976,6.139997305234213,180,388,74,24,51,16
n15_workspace_272003,shuffled,9,18,0,0.03567251461988304,0.057212475633528256,0.15721247563352825,0.2649562482289633,0.21760721588190995,0.27777777777777773,0.3111111111111111,0.868165958185708,0.9202845311581507,0.9316170772560007,0.48983323516128024,0.03810007275231958,2.0121862608458017,3,684,3.8977166334303,5.61052281222919,6.042711242295225,179,389,85,36,60,26
