source_slot,seed,paired,group_id,pdb_id,raw_aa,raw_ca,original_aa,calibrated_aa,original_ca,calibrated_ca,delta_aa,delta_ca,calibrated_vs_raw_aa,original_joint,calibrated_joint,original_safety,calibrated_safety,original_max_penetration,calibrated_max_penetration
0,12345,True,0072dd8add7a9d9ae2c92c66ffd4af7849b91cc6bd4ee4b24e156e77cb83a832,3ie9,0.7665659279741146,0.8130854936457046,0.7493585177154108,0.7547545197387721,0.8094765912488568,0.8121830644839729,0.005396002023361213,0.0027064732351160803,-0.011811408235342546,True,False,True,True,1.8648206333925517,1.7950344539857208
0,54321,True,0072dd8add7a9d9ae2c92c66ffd4af7849b91cc6bd4ee4b24e156e77cb83a832,3ie9,0.7630775159311295,0.8093014493511954,0.747835427809626,0.7545630920761184,0.8056649647546106,0.8084331935444696,0.006727664266492406,0.0027682287898590507,-0.00851442385501111,True,False,True,True,1.679948368802601,1.7198701778208334
1,12345,True,01346c25afe3e7dece8308723752e3816befcc83a75c9126d1d8faf1debe7f11,4a02,0.8642884532855938,0.9342232620630294,0.839704592806971,0.8520309766665121,0.9284150799638158,0.9316849547619941,0.012326383859541101,0.003269874798178307,-0.01225747661908172,True,False,True,True,1.5885509278922194,1.5069900147854958
1,54321,True,01346c25afe3e7dece8308723752e3816befcc83a75c9126d1d8faf1debe7f11,4a02,0.8723191067732465,0.9367965083108862,0.8439907456714946,0.8566978505465666,0.9283924241343866,0.9324761245065822,0.012707104875071984,0.004083700372195631,-0.01562125622667998,True,False,True,True,1.5236928783180583,1.5266662073749437
2,12345,True,01bd6cfdb3f2d3019c1e7489787d722d4b8e9e703a25f4899f8d7228c0f4c6da,5gu9,0.8534952327545684,0.9427097477555219,0.8241667087247895,0.8362907470257254,0.9394225316838855,0.9436102556423341,0.012124038300935891,0.004187723958448686,-0.017204485728843033,True,False,True,True,1.2847415164027365,1.0310826651212301
2,54321,True,01bd6cfdb3f2d3019c1e7489787d722d4b8e9e703a25f4899f8d7228c0f4c6da,5gu9,0.8556982766495385,0.9410416744171973,0.824997432363282,0.8358559128974264,0.9387486793700958,0.9452482931832761,0.010858480534144399,0.006499613813180316,-0.019842363752112013,True,False,True,True,1.4892919087845666,1.5307327493565495
3,12345,True,022901870b670cb8a8f68c4588c6da43aa3fa2cc58a81137cc5afd8a7aa061f8,2fc3,0.8866656666584768,0.9690132012708464,0.86342439489347,0.8755239963738471,0.966705530816412,0.9700522633909386,0.012099601480377142,0.0033467325745266674,-0.011141670284629646,True,False,True,True,1.5463879670490615,1.1318506762415508
3,54321,True,022901870b670cb8a8f68c4588c6da43aa3fa2cc58a81137cc5afd8a7aa061f8,2fc3,0.8873728641998598,0.9727876884533818,0.8646444468889535,0.8769990686493054,0.971465912548311,0.9734464749696069,0.012354621760351958,0.0019805624212958506,-0.010373795550554399,True,False,True,True,1.5732129534718942,1.1461467642867111
4,12345,True,02713dc891a01ad3eb8e81a43a282cbb37d7e12a617c86bff3d91bbd9204dfe8,4b9p,0.773453691233921,0.8500183201280331,0.757279855506793,0.7656059755925415,0.8468120933485875,0.8493125013315578,0.008326120085748512,0.002500407982970243,-0.007847715641379538,True,False,True,True,1.4633812765010945,1.4778384742098452
4,54321,True,02713dc891a01ad3eb8e81a43a282cbb37d7e12a617c86bff3d91bbd9204dfe8,4b9p,0.7814038407644858,0.854943076968462,0.7642177506164154,0.771858799768498,0.855275155575072,0.8576059961326535,0.007641049152082635,0.0023308405575814817,-0.009545040995987741,True,False,True,True,1.5700624849118183,1.5289712858082696
5,12345,False,,,,,,,,,,,,,,,,,
5,54321,False,,,,,,,,,,,,,,,,,
6,12345,True,06ae9c160e97843eff74a485534ecc35e7e28ab988afb09701cb838d2f9c891c,3d8l,0.7141611609006381,0.8042104217189863,0.6929802207644516,0.6989769367607847,0.8021362145675619,0.8031446853607458,0.005996715996333002,0.001008470793183891,-0.01518422413985343,True,False,True,True,1.62498491667144,1.5196241259708232
6,54321,True,06ae9c160e97843eff74a485534ecc35e7e28ab988afb09701cb838d2f9c891c,3d8l,0.7240455971809914,0.8157175283193749,0.704281862920564,0.7114049489676912,0.8179746519689443,0.8230783897880453,0.007123086047127192,0.005103737819101006,-0.012640648213300132,True,False,True,True,1.5784822667305227,1.5565499175858488
7,12345,True,099569e958ae139a87cc08f1ba8a3f537f540fb6684feb2fefacb373339e330e,1j7b,0.9040740815370036,0.9783771569319836,0.8756225003182745,0.893515372341995,0.9697435871162207,0.9784682567242461,0.017892872023720474,0.008724669608025426,-0.010558709195008675,True,False,True,True,1.3555357920013442,1.4931711669673695
7,54321,True,099569e958ae139a87cc08f1ba8a3f537f540fb6684feb2fefacb373339e330e,1j7b,0.9055784504563525,0.9797601497004127,0.8764617834437789,0.8936909082725606,0.9711704072622795,0.9795304992995141,0.017229124828781694,0.008360092037234534,-0.011887542183791955,True,False,True,True,1.2679269302455398,1.344576607150683
